,ghi,dni,dhi,wind_speed,temperature,pressure
,,,,100,2,0
2025-01-07 00:00:00,84.5262851900178,67.62102815201425,16.905257038003562,9.73049563855136,-5.308453887436558,101951.07564710679
2025-01-07 01:00:00,0.0,0.0,0.0,11.382860210497228,-3.369392253194391,102157.15211598769
2025-01-07 02:00:00,1.64100818392922,1.312806547143376,0.328201636785844,12.0,-5.558839531406835,101537.51884715566
2025-01-07 03:00:00,20.37581414982539,16.300651319860314,4.075162829965079,12.0,-5.669647483540483,100788.77497224798
2025-01-07 04:00:00,0.0,0.0,0.0,11.62374130185079,-4.703760610468097,101631.47503768695
2025-01-07 05:00:00,0.1032786452974065,0.08262291623792521,0.020655729059481303,10.664855751696265,-4.156637990026983,102030.05300728026
2025-01-07 06:00:00,0.0,0.0,0.0,12.0,-4.997203654089462,101678.02899191571
2025-01-07 07:00:00,0.0,0.0,0.0,12.0,-5.9764392434600095,101498.93768348274
2025-01-07 08:00:00,50.882900283174656,40.70632022653973,10.176580056634933,11.72510219780853,-4.301576583701292,101823.68201098367
2025-01-07 09:00:00,30.02492579597747,24.01994063678198,6.004985159195495,10.906643903878587,-4.387675024982734,102012.68190034085
2025-01-07 10:00:00,0.0,0.0,0.0,10.97458103266504,-2.9150301475126144,100047.02849283708
2025-01-07 11:00:00,0.0,0.0,0.0,12.0,-5.208778525257654,102113.59803415461
2025-01-07 12:00:00,25.264968709837582,20.211974967870066,5.052993741967517,11.698442291320875,-4.772714760261444,101741.0210496278
2025-01-07 13:00:00,0.0,0.0,0.0,11.425970849173853,-5.551007525522885,101594.82069891038
2025-01-07 14:00:00,0.0,0.0,0.0,11.448086945544263,-6.469574809430254,101075.98195576823
2025-01-07 15:00:00,0.0,0.0,0.0,12.0,-4.904062519025976,101467.28138252573
2025-01-07 16:00:00,27.72901559459439,22.183212475675514,5.545803118918879,11.355748440203005,-4.12582988987729,101658.18164829153
2025-01-07 17:00:00,6.194045264351922,4.955236211481537,1.2388090528703843,12.0,-5.986744912204875,100611.53500333775
2025-01-07 18:00:00,13.722996187998179,10.978396950398544,2.744599237599636,12.0,-5.64534381997814,101728.81076790405
2025-01-07 19:00:00,0.0,0.0,0.0,12.0,-6.142623081272099,101390.11410698439
2025-01-07 20:00:00,82.53498455932377,66.02798764745903,16.506996911864757,11.0371380603183,-3.6227936569481187,102088.78062148506
2025-01-07 21:00:00,7.7167767728179015,6.173421418254321,1.5433553545635803,12.0,-5.59316873983153,101693.3452872186
2025-01-07 22:00:00,0.0,0.0,0.0,12.0,-4.376516441519506,101266.92348224578
2025-01-07 23:00:00,101.45361103805558,81.16288883044447,20.290722207611118,11.834683327116663,-5.81715334842296,101382.2543849927
2025-01-08 00:00:00,0.0,0.0,0.0,10.957104190400994,-4.872969328775031,101676.09532670917
2025-01-08 01:00:00,0.0,0.0,0.0,10.575039006385222,-5.569431578426802,101428.82057735203
2025-01-08 02:00:00,0.0,0.0,0.0,12.0,-7.287108827187637,101628.98343899417
2025-01-08 03:00:00,0.0,0.0,0.0,11.5722963318678,-4.85701816863759,100998.54679186759
2025-01-08 04:00:00,52.46982746716273,41.97586197373019,10.493965493432547,11.728212871434021,-4.402207908591513,100730.33612887608
2025-01-08 05:00:00,0.0,0.0,0.0,11.832304875588493,-7.008702666531526,101068.86051307809
2025-01-08 06:00:00,0.0,0.0,0.0,10.332336900840135,-5.094108068026679,100640.23888693313
2025-01-08 07:00:00,53.62350657877477,42.898805263019824,10.724701315754956,12.0,-5.3467281487483165,100966.40129649955
2025-01-08 08:00:00,0.0,0.0,0.0,12.0,-5.986833227036838,101532.47485977999
2025-01-08 09:00:00,26.77146781630455,21.41717425304364,5.35429356326091,11.69326474044601,-5.1541158038061825,100538.67213552199
2025-01-08 10:00:00,0.0,0.0,0.0,11.985555580658007,-6.836502512368732,100739.87292177699
2025-01-08 11:00:00,0.0,0.0,0.0,12.0,-4.640082844083209,101722.80624430391
2025-01-08 12:00:00,0.0,0.0,0.0,11.777524730111558,-3.6983409296907004,101090.06281888812
2025-01-08 13:00:00,73.0987813606762,58.479025088540965,14.619756272135241,10.858452443175759,-6.139542005673579,101349.93404267375
2025-01-08 14:00:00,88.3080438964667,70.64643511717337,17.661608779293342,12.0,-4.93661589527848,100736.71782878935
2025-01-08 15:00:00,0.0,0.0,0.0,11.243311559963901,-3.4390107059515174,100832.66405545121
2025-01-08 16:00:00,42.03666210717679,33.62932968574143,8.407332421435358,10.934530393739303,-4.73491850509033,101203.32397244216
2025-01-08 17:00:00,0.0,0.0,0.0,10.080964812855804,-5.368688560598788,102171.07590237308
2025-01-08 18:00:00,28.403094366399095,22.722475493119276,5.680618873279819,11.633432369346783,-5.753302256153416,101576.99272891037
2025-01-08 19:00:00,0.0,0.0,0.0,10.560028085779166,-4.657304177709394,100517.69565300687
2025-01-08 20:00:00,0.0,0.0,0.0,11.070292175122665,-4.960095217819809,101579.06879301947
2025-01-08 21:00:00,0.0,0.0,0.0,12.0,-4.187955784699274,101816.25541320055
2025-01-08 22:00:00,19.156092587875598,15.32487407030048,3.83121851757512,11.585004052755227,-6.331733464127721,101700.81777549665
2025-01-08 23:00:00,112.37975264038498,89.90380211230799,22.475950528076996,12.0,-3.7261388998960236,100742.92461302779
2025-01-09 00:00:00,13.470581525394351,10.776465220315481,2.6941163050788703,11.817592426222841,-5.19833213989534,101321.97707245528
2025-01-09 01:00:00,0.0,0.0,0.0,11.08832814100177,-4.143548920308783,102416.88095659956
2025-01-09 02:00:00,95.60094311659702,76.48075449327762,19.120188623319404,11.141896543505144,-5.499802727232842,100888.12569451673
2025-01-09 03:00:00,11.865092331859673,9.492073865487738,2.3730184663719345,10.943209732467443,-6.066371568783408,101521.9833690132
2025-01-09 04:00:00,5.071699260580772,4.057359408464618,1.0143398521161544,12.0,-5.326277000171227,100979.61624461244
2025-01-09 05:00:00,12.628886777765876,10.103109422212702,2.5257773555531755,11.428851100972116,-5.7043204817219095,100719.47142828266
2025-01-09 06:00:00,0.0,0.0,0.0,10.974283973014991,-5.115139878775953,101139.2405179941
2025-01-09 07:00:00,0.0,0.0,0.0,12.0,-4.082921840534746,101870.38535509657
2025-01-09 08:00:00,0.0,0.0,0.0,11.435976070438969,-3.64220350498321,101934.98007628285
2025-01-09 09:00:00,25.081206159052037,20.064964927241633,5.016241231810408,10.85082395712342,-4.507380122725988,100914.57316853777
2025-01-09 10:00:00,0.0,0.0,0.0,9.780251005488148,-5.2413082894392735,101118.64753273054
2025-01-09 11:00:00,59.65429611720053,47.72343689376043,11.930859223440107,11.70603074164394,-5.14176596794072,100910.86094194789
2025-01-09 12:00:00,0.0,0.0,0.0,11.482801319065537,-4.087685968737319,100316.59584671365
2025-01-09 13:00:00,0.0,0.0,0.0,11.270582687948684,-3.5329643480478063,101658.55400257303
2025-01-09 14:00:00,0.0,0.0,0.0,10.759970939835162,-4.981417196709532,102134.61161340472
2025-01-09 15:00:00,84.97686483733405,67.98149186986724,16.99537296746681,10.33496549658504,-4.772818752748649,102106.05325564196
2025-01-09 16:00:00,0.0,0.0,0.0,10.91579766267643,-5.387699316458748,101122.92143081137
2025-01-09 17:00:00,0.0,0.0,0.0,11.347598424566376,-4.417870721676756,102020.17693369045
2025-01-09 18:00:00,0.0,0.0,0.0,10.961632348155636,-3.65628457185377,101902.36029358435
2025-01-09 19:00:00,0.0,0.0,0.0,10.917718562314779,-7.507132855128116,101188.1623724948
2025-01-09 20:00:00,0.0,0.0,0.0,10.566839454617158,-4.334024644494645,101354.64305456383
2025-01-09 21:00:00,0.0,0.0,0.0,11.346144803872447,-5.12811777761871,101173.16611010444
2025-01-09 22:00:00,74.88195577987918,59.905564623903345,14.976391155975836,11.212732717645565,-6.893057868813684,101477.42332458074
2025-01-09 23:00:00,0.0,0.0,0.0,10.198206014587452,-4.239096778671647,102265.46738356784
2025-01-10 00:00:00,5.432418574736509,4.345934859789208,1.086483714947302,11.682038323963132,-4.629677023835862,100895.727589627
2025-01-10 01:00:00,71.91197603668783,57.529580829350266,14.382395207337566,11.683935372875183,-4.1580625064504275,100761.76471644337
2025-01-10 02:00:00,75.16592602084555,60.13274081667644,15.03318520416911,11.676628983689792,-5.880502500076924,101795.67377755398
2025-01-10 03:00:00,0.0,0.0,0.0,10.702494430035047,-2.3642349839937116,101389.1344669793
2025-01-10 04:00:00,16.59871077442491,13.278968619539928,3.319742154884982,10.60874057728271,-4.37744325410103,100414.1937892541
2025-01-10 05:00:00,36.75132921886799,29.40106337509439,7.350265843773598,9.613148966810737,-4.817759081382325,100853.85377388976
2025-01-10 06:00:00,0.0,0.0,0.0,11.496056743715284,-2.936880798650325,100946.74109335779
2025-01-10 07:00:00,0.0,0.0,0.0,8.574341202018115,-3.794999068132773,101056.21228071896
2025-01-10 08:00:00,32.735285185155504,26.188228148124406,6.547057037031101,10.287575807675479,-3.600457836226419,101521.89987406843
2025-01-10 09:00:00,44.71761524102663,35.77409219282131,8.943523048205327,10.306760669321253,-3.2559959208268463,101858.59231460447
2025-01-10 10:00:00,20.77513071490053,16.620104571920425,4.155026142980106,11.470553704535764,-6.4765343613289845,101280.73913811214
2025-01-10 11:00:00,0.0,0.0,0.0,10.581125748482478,-2.721151515079203,101436.23526606795
2025-01-10 12:00:00,0.0,0.0,0.0,9.584346048228092,-4.723173896848464,100989.73787499085
2025-01-10 13:00:00,0.0,0.0,0.0,9.08880072836439,-4.075587511629703,101872.70098475198
2025-01-10 14:00:00,0.0,0.0,0.0,9.75286057288448,-3.42330033266159,102034.28859388658
2025-01-10 15:00:00,64.84425963633365,51.87540770906692,12.96885192726673,10.554711025222772,-5.04330210131143,101230.87243464486
2025-01-10 16:00:00,76.47898166965778,61.18318533572623,15.295796333931557,10.468938004663187,-3.99780246346892,100992.53671845586
2025-01-10 17:00:00,33.47090967048306,26.776727736386448,6.694181934096612,10.181739201981507,-3.5373846262598794,102399.1406616258
2025-01-10 18:00:00,27.437255988916476,21.949804791133182,5.487451197783296,9.660196525776382,-4.326476267616102,101827.19678635724
2025-01-10 19:00:00,33.83144947779429,27.06515958223543,6.766289895558858,10.099244995455598,-3.7742030412701704,100917.22551678355
2025-01-10 20:00:00,0.0,0.0,0.0,11.271680380698896,-5.8588173610125995,100517.89304908489
2025-01-10 21:00:00,0.0,0.0,0.0,9.137725118272096,-5.42887297625785,101216.98440292728
2025-01-10 22:00:00,0.0,0.0,0.0,10.23572995055828,-5.3706735941345185,101963.58636521862
2025-01-10 23:00:00,0.0,0.0,0.0,11.784288414836086,-3.832940216011578,101092.18776238245
2025-01-11 00:00:00,112.99734933131307,90.39787946505047,22.599469866262616,10.6833821751937,-0.44453406453519806,101241.83918998147
2025-01-11 01:00:00,43.45196646269128,34.76157317015303,8.690393292538257,9.636157616452003,-3.9078192255232476,101118.51492064941
2025-01-11 02:00:00,0.0,0.0,0.0,10.715811928324447,-4.301576130255894,101690.61174151459
2025-01-11 03:00:00,0.0,0.0,0.0,9.265272548431971,-4.2010989074940985,102062.90207931044
2025-01-11 04:00:00,0.0,0.0,0.0,9.986513945974037,-3.1360473540557305,100735.7728352769
2025-01-11 05:00:00,18.71851748687878,14.974813989503026,3.7437034973757566,11.495386366152657,-3.3879973498167733,101221.404123144
2025-01-11 06:00:00,19.577284675129032,15.661827740103227,3.915456935025807,11.797090331834223,-5.231076965832189,101265.8467490405
2025-01-11 07:00:00,0.0,0.0,0.0,8.155648542287043,-3.0495265219745114,101054.48990229203
2025-01-11 08:00:00,24.316759862085114,19.453407889668092,4.863351972417023,10.525393149601092,-4.072561925735155,100767.94399199469
2025-01-11 09:00:00,0.0,0.0,0.0,11.734712385365363,-3.211532155294874,101776.85851782723
2025-01-11 10:00:00,71.3360578324418,57.06884626595344,14.26721156648836,9.201264124000735,-6.011305360001984,101444.41937032861
2025-01-11 11:00:00,7.842199185209187,6.273759348167349,1.5684398370418373,9.96582913493488,-5.548623938626389,101726.76947520333
2025-01-11 12:00:00,85.88650248301177,68.70920198640941,17.177300496602353,11.174049332537395,-3.3784977529983715,102124.70956574465
2025-01-11 13:00:00,0.0,0.0,0.0,9.133996012172465,-5.757305330435444,101184.46515129217
2025-01-11 14:00:00,0.0,0.0,0.0,10.03798969237219,-3.54796463944437,101638.08923532379
2025-01-11 15:00:00,14.99041761349499,11.992334090795993,2.998083522698998,9.485951365307693,-3.5805418777533853,101165.79894968169
2025-01-11 16:00:00,52.79741495822693,42.23793196658155,10.559482991645387,7.578729950878958,-3.753795093701998,101323.28642334929
2025-01-11 17:00:00,28.294124431370292,22.635299545096235,5.658824886274059,9.808906180795242,-3.524610686447963,101534.31997333212
2025-01-11 18:00:00,0.0,0.0,0.0,9.2371055384334,-3.5950865216076604,101286.3480271109
2025-01-11 19:00:00,9.145035080738339,7.316028064590672,1.829007016147668,10.307552530436062,-3.3935187981516126,100612.5765788822
2025-01-11 20:00:00,1.1122369270280243,0.8897895416224195,0.22244738540560488,11.430762669399789,-4.227360173170663,102122.54705474582
2025-01-11 21:00:00,0.0,0.0,0.0,9.978982523197818,-3.822970321198431,101443.92819487056
2025-01-11 22:00:00,0.0,0.0,0.0,8.885173586441834,-0.851557000190911,100795.48759227678
2025-01-11 23:00:00,87.37886196743221,69.90308957394578,17.475772393486444,9.659969246738967,-2.623727845590081,100263.70921437388
2025-01-12 00:00:00,0.0,0.0,0.0,9.36861762964464,-3.12801136666484,101356.66258610974
2025-01-12 01:00:00,0.0,0.0,0.0,10.146607664671333,-3.3272468179358494,101695.83415569864
2025-01-12 02:00:00,31.855641640622018,25.484513312497615,6.371128328124404,7.64140750044865,-4.42632716830403,101874.22236955562
2025-01-12 03:00:00,6.531148863112657,5.2249190904901255,1.3062297726225314,7.870215470853199,-3.4510105170863037,101928.38689232717
2025-01-12 04:00:00,0.0,0.0,0.0,6.947490942449486,-3.9036439995942596,101178.53059082494
2025-01-12 05:00:00,39.06509055252462,31.2520724420197,7.813018110504925,9.55567451851579,-2.689399248560911,101692.00318140445
2025-01-12 06:00:00,24.431270794634276,19.545016635707423,4.886254158926856,8.885288947066803,-4.529203589888083,100597.36201842985
2025-01-12 07:00:00,18.109500047554636,14.487600038043709,3.6219000095109273,8.219655689604028,-5.955575098585694,101444.85885149217
2025-01-12 08:00:00,48.21002421957046,38.56801937565637,9.642004843914092,8.089840054610237,-4.131220762592796,101827.8314967277
2025-01-12 09:00:00,14.18182119173951,11.34545695339161,2.8363642383479024,8.197987899708686,-2.8522272630313212,101063.79085032681
2025-01-12 10:00:00,0.0,0.0,0.0,7.797257447967595,-1.0681380174512958,101288.80503603996
2025-01-12 11:00:00,0.0,0.0,0.0,8.35837070269589,-2.479404998036097,101422.54218691296
2025-01-12 12:00:00,0.0,0.0,0.0,8.140064012920192,-4.461041291355651,101438.58061750562
2025-01-12 13:00:00,10.48610284883003,8.388882279064024,2.097220569766006,9.978573202595555,-3.6790487728468593,102115.10461862513
2025-01-12 14:00:00,0.0,0.0,0.0,8.866040316252606,-4.388325341903181,100828.86015441555
2025-01-12 15:00:00,0.0,0.0,0.0,7.678162596983078,-3.6013644241289904,102040.13488124768
2025-01-12 16:00:00,4.407746229919784,3.5261969839358276,0.8815492459839569,7.866572660822213,-4.288991491857257,100744.69727007594
2025-01-12 17:00:00,0.0,0.0,0.0,9.602997440093837,-5.012662814437261,101035.37785806575
2025-01-12 18:00:00,0.0,0.0,0.0,8.809911006934009,-2.900813811995899,100981.05281649937
2025-01-12 19:00:00,18.66653919083441,14.933231352667528,3.733307838166882,8.605924143222161,-3.1263600102879208,101326.12439096357
2025-01-12 20:00:00,0.0,0.0,0.0,8.984480902857385,-3.4692694640222244,101121.62757572689
2025-01-12 21:00:00,24.80627111195379,19.845016889563034,4.9612542223907585,9.802878193095752,-2.9286089380605747,101611.26469737347
2025-01-12 22:00:00,0.0,0.0,0.0,6.952217920914341,-1.2177132890686364,101375.56663923494
2025-01-12 23:00:00,0.0,0.0,0.0,7.376479732773477,-3.1100015496348488,102471.759379941
2025-01-13 00:00:00,0.0,0.0,0.0,6.3339999107846445,-3.5813679656860247,101562.95964330694
2025-01-13 01:00:00,0.0,0.0,0.0,8.521817503439657,-2.31252756017172,101243.19306387115
2025-01-13 02:00:00,0.0,0.0,0.0,7.6002901483271605,-4.79615466454481,101557.03378304337
2025-01-13 03:00:00,0.0,0.0,0.0,7.259287956661863,-2.3761158111857483,101669.02890940713
2025-01-13 04:00:00,0.0,0.0,0.0,7.1208026192420375,-3.8796168147201957,101274.44603087171
2025-01-13 05:00:00,0.0,0.0,0.0,8.526145615559201,-3.8969152301791756,100812.46268020313
2025-01-13 06:00:00,0.7244472488138295,0.5795577990510636,0.1448894497627659,7.644335412748244,-2.9452764375524176,100966.53598959149
2025-01-13 07:00:00,0.0,0.0,0.0,7.207392090765458,-1.357757184672313,101458.84392336498
2025-01-13 08:00:00,0.0,0.0,0.0,8.944649420715992,-3.7502978730507075,101787.18716581102
2025-01-13 09:00:00,34.86470548897879,27.891764391183035,6.972941097795759,6.594469600548158,-2.0269381049067112,101610.99410714756
2025-01-13 10:00:00,54.59694011224116,43.677552089792925,10.919388022448231,6.327299747116285,-2.576044260776105,101326.49388185723
2025-01-13 11:00:00,85.7190123434546,68.57520987476367,17.143802468690918,10.137346829568372,-4.319079587718397,101652.30656203598
2025-01-13 12:00:00,0.0,0.0,0.0,7.125881906321478,-1.9860895554958637,101123.52541585446
2025-01-13 13:00:00,37.93626002772428,30.349008022179426,7.5872520055448565,6.9009477477579475,-3.702555080228118,101499.90890791045
2025-01-13 14:00:00,60.314109705792355,48.25128776463389,12.062821941158472,6.667700770306975,-4.320408897884565,102081.23186344423
2025-01-13 15:00:00,49.027849241898316,39.222279393518654,9.805569848379664,7.208828479830647,-3.6154107563621305,101928.68833493504
2025-01-13 16:00:00,0.0,0.0,0.0,8.078973540485691,-3.5246413624560775,102048.28081160045
2025-01-13 17:00:00,20.589841555798944,16.471873244639156,4.117968311159789,8.00010600630373,-2.178964880241281,101184.34333524901
2025-01-13 18:00:00,93.00278361135726,74.40222688908581,18.600556722271453,7.7410249812848875,-3.4762245603065125,101471.67928543272
2025-01-13 19:00:00,0.0,0.0,0.0,6.868603529035754,-1.2240418455256907,100864.33986273885
2025-01-13 20:00:00,23.816885012862617,19.053508010290095,4.763377002572524,5.60728869865412,-2.4693592968443365,101829.0095794777
2025-01-13 21:00:00,55.614524282954115,44.49161942636329,11.122904856590823,7.330396487808113,-3.382012248092377,101156.51828297657
2025-01-13 22:00:00,0.0,0.0,0.0,8.516241056611703,-3.4706894929853305,100708.95802006742
2025-01-13 23:00:00,29.148515164297766,23.318812131438214,5.829703032859554,8.016654397895222,-2.381011582832856,101119.64830659649
2025-01-14 00:00:00,0.0,0.0,0.0,6.728981668126202,-4.610988394179773,101495.37571780499
2025-01-14 01:00:00,0.0,0.0,0.0,7.649577522072492,-4.730460889645958,100263.8521050446
2025-01-14 02:00:00,0.0,0.0,0.0,6.41128734872655,-3.4107461849290965,100659.77481975403
2025-01-14 03:00:00,9.615384940945953,7.692307952756763,1.9230769881891907,6.691313724538942,-1.868370500194562,101862.19213995797
2025-01-14 04:00:00,0.0,0.0,0.0,5.461725932963015,-2.2908288341240928,101416.24691130992
2025-01-14 05:00:00,47.70576038610324,38.1646083088826,9.54115207722065,6.330242164513902,-2.420081367802344,101345.39076919432
2025-01-14 06:00:00,0.0,0.0,0.0,6.735768702306394,-2.627424216443362,100562.94454549465
2025-01-14 07:00:00,0.0,0.0,0.0,6.375651732163014,-4.562639722524372,102160.76044922772
2025-01-14 08:00:00,48.05382318067531,38.44305854454025,9.610764636135062,7.264108506305382,-2.681679727435611,101881.66903256002
2025-01-14 09:00:00,28.038858611747276,22.43108688939782,5.607771722349455,8.327235740012126,-4.102880745367531,101719.14725120435
2025-01-14 10:00:00,0.0,0.0,0.0,7.714583822271904,-1.46391710367467,100811.2826784701
2025-01-14 11:00:00,33.260184247885576,26.60814739830846,6.652036849577115,6.037349864345918,-2.278721771381689,101656.87821015166
2025-01-14 12:00:00,0.0,0.0,0.0,5.560451548436314,-2.330742367631675,101939.64213628483
2025-01-14 13:00:00,19.269326894732462,15.415461515785971,3.8538653789464927,5.588286009993341,-1.8128111565625897,101203.87282493987
2025-01-14 14:00:00,15.034020751145412,12.027216600916331,3.0068041502290828,5.212440557340723,-1.8595022069973484,101242.85584843095
2025-01-14 15:00:00,60.965944198431444,48.77275535874516,12.19318883968629,6.173533171712237,-1.920387394312757,101130.5387152534
2025-01-14 16:00:00,5.827996986768434,4.662397589414748,1.165599397353687,6.509908759257852,-1.7752785597028498,101667.02402456968
2025-01-14 17:00:00,0.0,0.0,0.0,6.221093530633077,-2.6825411514983557,101248.96987009126
2025-01-14 18:00:00,0.0,0.0,0.0,6.180965252350885,-3.3990159432579867,101208.30624043092
2025-01-14 19:00:00,36.557719271369535,29.24617541709563,7.311543854273907,6.0947775652886245,-1.692149949588893,100639.80579100855
2025-01-14 20:00:00,0.0,0.0,0.0,5.753789932061973,-0.5571831306035173,100535.48685882156
2025-01-14 21:00:00,56.89895300470316,45.51916240376253,11.379790600940632,5.092762620110998,-0.961741487067802,101835.59665816928
2025-01-14 22:00:00,13.671940896551218,10.937552717240976,2.734388179310244,7.509051367647693,-2.157067902812061,102153.93861951247
2025-01-14 23:00:00,0.0,0.0,0.0,6.781239160977004,-1.3002115014173563,101798.83534885992
2025-01-15 00:00:00,54.120337986160735,43.29627038892859,10.824067597232148,4.774772726902497,-2.3218378325769478,102075.61591503343
2025-01-15 01:00:00,0.0,0.0,0.0,4.727130754166409,-1.466512847525953,101096.16972656809
2025-01-15 02:00:00,0.0,0.0,0.0,4.99547202916161,-2.427976247388568,101341.21472562585
2025-01-15 03:00:00,103.1897775531424,82.55182204251393,20.637955510628483,5.564171038593781,-1.6487138635866543,101552.28516935298
2025-01-15 04:00:00,0.0,0.0,0.0,6.739621839096134,0.24454514591747412,101282.89526849153
2025-01-15 05:00:00,31.820642948965954,25.456514359172765,6.364128589793191,6.44489311651923,-0.954389450811974,102200.55522209172
2025-01-15 06:00:00,46.94258844793364,37.55407075834691,9.388517689586727,6.44730811942532,-0.19693246857155144,100701.60494397861
2025-01-15 07:00:00,7.353293155079604,5.8826345240636835,1.4706586310159209,6.416947752563744,-2.437498146450629,101078.36445895793
2025-01-15 08:00:00,0.0,0.0,0.0,6.385119568845161,-2.3185413521661573,101190.18609900298
2025-01-15 09:00:00,50.75074677304451,40.60059741843561,10.150149354608903,5.965062119600615,-1.6403116919540757,101010.9706069644
2025-01-15 10:00:00,0.0,0.0,0.0,5.632586647071094,-1.0121724571671966,101786.64082418488
2025-01-15 11:00:00,0.0,0.0,0.0,5.0087980496239375,-1.7455290577134068,100366.63118488123
2025-01-15 12:00:00,0.0,0.0,0.0,3.333915692867382,-0.4916021924601277,101933.22391158876
2025-01-15 13:00:00,39.42522870584986,31.54018296467989,7.885045741169972,4.898359325741268,-2.023280391040771,101817.04882758464
2025-01-15 14:00:00,15.00569528653968,12.004556229231746,3.0011390573079364,6.779526342295808,-0.08032055396854898,101523.27039562348
2025-01-15 15:00:00,40.538414289375915,32.43073143150073,8.107682857875183,4.387622519607141,-0.43969722955178636,102063.37980050851
2025-01-15 16:00:00,0.0,0.0,0.0,4.252012439739434,-2.491343181654649,102539.64992518048
2025-01-15 17:00:00,0.0,0.0,0.0,5.845318505211644,-0.7599445221349371,101457.14508140837
2025-01-15 18:00:00,0.0,0.0,0.0,4.858808816362011,-1.5341755533077257,101731.31061635652
2025-01-15 19:00:00,0.0,0.0,0.0,4.248499369895229,-0.25853282852794757,101563.13386318563
2025-01-15 20:00:00,29.656407590494783,23.725126072395827,5.931281518098957,6.236674823224216,-1.7819041218970897,101628.36317954135
2025-01-15 21:00:00,0.0,0.0,0.0,5.253721306287487,-0.9001417998692245,101115.35184834943
2025-01-15 22:00:00,23.77297774073077,19.018382192584617,4.754595548146154,5.337795170801527,-0.6323516092571836,101008.6830804209
2025-01-15 23:00:00,0.0,0.0,0.0,3.966395137012169,-3.898656264522718,101673.52901457515
2025-01-16 00:00:00,0.0,0.0,0.0,4.9788806176028775,-2.9916386287606276,101108.84961201873
2025-01-16 01:00:00,1.9584324863791653,1.5667459891033324,0.3916864972758331,4.809288770496508,-0.9499336064197611,101835.78085144125
2025-01-16 02:00:00,0.0,0.0,0.0,5.160952852789927,-1.1706106642649585,101768.97117283172
2025-01-16 03:00:00,29.619262130072897,23.69540970405832,5.92385242601458,5.484239065229133,0.0052751916978581725,101148.30174418425
2025-01-16 04:00:00,8.914512080298016,7.131609664238413,1.7829024160596032,5.412456568853867,-0.7506266113090355,101553.71307154937
2025-01-16 05:00:00,87.0173147696412,69.61385181571296,17.40346295392824,4.408310058485989,-2.2135701739068407,101411.48521490677
2025-01-16 06:00:00,0.0,0.0,0.0,4.87888077251617,-0.5803297719452909,101303.9774794267
2025-01-16 07:00:00,0.0,0.0,0.0,3.0,-1.624916631511921,101939.57650898749
2025-01-16 08:00:00,0.0,0.0,0.0,4.736509859978613,-1.0697758168572569,101393.79764845903
2025-01-16 09:00:00,1.1388983709593044,0.9111186967674435,0.22777967419186088,4.72917372070738,-1.3148519394646843,101490.62274148167
2025-01-16 10:00:00,34.14144693360996,27.31315754688797,6.828289386721993,3.6081053277375505,-0.42274307021273266,100404.89737500339
2025-01-16 11:00:00,0.0,0.0,0.0,3.1754557695182717,-2.1585947544768658,101673.13363525986
2025-01-16 12:00:00,0.0,0.0,0.0,3.842837012327872,-1.8223036190630828,100655.6315525786
2025-01-16 13:00:00,35.92783800899184,28.742270407193473,7.185567601798368,3.0,-2.891559229121277,101181.81382893519
2025-01-16 14:00:00,0.0,0.0,0.0,4.147710025004464,1.5115503137839732,102179.13788711686
2025-01-16 15:00:00,0.0,0.0,0.0,4.054381562191963,-1.5962890213650247,102266.98244180344
2025-01-16 16:00:00,48.65465753901016,38.92372603120813,9.730931507802033,3.0,-1.4261577192710806,101180.51823974523
2025-01-16 17:00:00,4.8509782778132235,3.880782622250579,0.9701956555626448,3.7134341338677284,-1.682029375346791,100747.65520017025
2025-01-16 18:00:00,19.828225287144125,15.8625802297153,3.965645057428825,4.686920976203445,-1.1362697015234189,101575.39906522425
2025-01-16 19:00:00,58.569672510525926,46.855738008420744,11.713934502105186,4.635330492516338,-0.8950287806749373,101177.05760435484
2025-01-16 20:00:00,57.26579592348165,45.81263673878532,11.45315918469633,4.536946923933921,0.19357185809860022,101545.53962297551
2025-01-16 21:00:00,0.0,0.0,0.0,3.3299084500433636,-0.2094639024280325,100703.90544214717
2025-01-16 22:00:00,0.0,0.0,0.0,3.0961777456332813,-0.021452560190506564,101935.53602078887
2025-01-16 23:00:00,14.215446666606567,11.372357333285255,2.8430893333213136,3.0,-0.9050135930916885,102150.16103277498
2025-01-17 00:00:00,0.0,0.0,0.0,3.9356298951367044,-0.3513532786139634,100653.93943604946
2025-01-17 01:00:00,0.0,0.0,0.0,5.649420410085567,0.9754008375137491,100991.56424549039
2025-01-17 02:00:00,63.76808673329438,51.01446938663551,12.753617346658878,4.657353500524722,-0.22895441159352917,101029.34330955942
2025-01-17 03:00:00,0.9680663749628285,0.7744530999702629,0.19361327499256573,4.793114855098882,0.13572397003231906,101743.28165408252
2025-01-17 04:00:00,36.81889833242331,29.45511866593865,7.363779666484662,4.512438833236142,-2.1635246175680543,100394.554268214
2025-01-17 05:00:00,0.0,0.0,0.0,3.0,0.41916466685719334,101481.13565501958
2025-01-17 06:00:00,64.41017793791968,51.52814235033575,12.882035587583937,3.0,0.1968850323488585,101263.16087883884
2025-01-17 07:00:00,0.0,0.0,0.0,3.0,1.2631479340047818,100981.90782863756
2025-01-17 08:00:00,0.0,0.0,0.0,4.249577713434155,-2.740558386014434,101729.09065986876
2025-01-17 09:00:00,0.0,0.0,0.0,4.688385796551478,0.07087812471237548,100403.63337249156
2025-01-17 10:00:00,0.0,0.0,0.0,3.0,-0.04300356738202832,100693.90851395008
2025-01-17 11:00:00,0.0,0.0,0.0,3.0386603521920232,0.19874762450685413,100986.82984999828
2025-01-17 12:00:00,0.0,0.0,0.0,3.5571765317734476,-0.47955716164728623,101732.65536231018
2025-01-17 13:00:00,21.92523713779095,17.540189710232763,4.385047427558191,3.0,0.3947011338018745,101204.5192604913
2025-01-17 14:00:00,3.017292393425129,2.413833914740103,0.6034584786850258,3.0,0.9224754888454241,100964.08970096878
2025-01-17 15:00:00,48.78913125475409,39.031305003803276,9.757826250950819,3.0,0.30114152063357225,101618.630458954
2025-01-17 16:00:00,0.0,0.0,0.0,3.8848879535077754,-0.0005951972639530179,101138.85069731566
2025-01-17 17:00:00,0.0,0.0,0.0,3.0,0.11664692438967836,101057.22121800188
2025-01-17 18:00:00,0.0,0.0,0.0,4.135317422074353,-0.02177029888802412,101228.50149228376
2025-01-17 19:00:00,31.418401815189185,25.13472145215135,6.2836803630378375,3.086851268317798,0.4430153391341286,101549.33321226627
2025-01-17 20:00:00,62.23208864839127,49.785670918713016,12.446417729678254,3.751667449066517,-0.27782342756604017,102726.92628765311
2025-01-17 21:00:00,40.69607177819692,32.556857422557535,8.139214355639384,4.545037911585166,-1.5140930554470953,100837.22523567796
2025-01-17 22:00:00,0.0,0.0,0.0,3.0,1.8696966884311665,101519.87954004404
2025-01-17 23:00:00,18.852917903010795,15.082334322408636,3.770583580602159,3.0,-1.2067253451231004,101304.36439233187
2025-01-18 00:00:00,73.01858864606172,58.414870916849374,14.603717729212343,3.4267343702037567,0.4685415537983557,101252.66584457026
2025-01-18 01:00:00,3.128818317334012,2.50305465386721,0.6257636634668025,3.0,-0.681047522595843,102141.98339635583
2025-01-18 02:00:00,0.0,0.0,0.0,3.0,0.3743655294493552,101770.54060193707
2025-01-18 03:00:00,15.458042634647962,12.36643410771837,3.0916085269295923,3.0,-0.26720274843854586,101719.88756020638
2025-01-18 04:00:00,0.0,0.0,0.0,3.156857755223812,0.692171296496147,101158.98852158095
2025-01-18 05:00:00,31.95565829520269,25.564526636162153,6.391131659040538,3.0,-0.06835262654470076,100962.560788429
2025-01-18 06:00:00,0.0,0.0,0.0,3.0,-0.4865846211688172,101533.31104905199
2025-01-18 07:00:00,69.65000649982515,55.720005199860125,13.930001299965031,3.582408597351903,1.1568992960189244,101243.94733585615
2025-01-18 08:00:00,24.97513742454655,19.98010993963724,4.99502748490931,4.342994236489633,2.2195844311576014,101100.66804980132
2025-01-18 09:00:00,0.0,0.0,0.0,3.0,1.2693905975998074,101722.68357438664
2025-01-18 10:00:00,30.231564194173348,24.18525135533868,6.04631283883467,4.3037783139643135,1.0700718321314517,100785.82693509
2025-01-18 11:00:00,46.80058501155554,37.440468009244434,9.360117002311108,3.879938655489971,-0.05386962562646902,101025.43747009076
2025-01-18 12:00:00,0.0,0.0,0.0,3.0,0.9533500966136701,101782.4032369343
2025-01-18 13:00:00,0.0,0.0,0.0,3.0,1.5210949717265052,101348.38179270946
2025-01-18 14:00:00,0.0,0.0,0.0,3.416407534993491,0.46162432998057745,101723.03382969588
2025-01-18 15:00:00,45.17029944827176,36.13623955861741,9.034059889654353,3.0,2.0507895372834613,100964.26027408449
2025-01-18 16:00:00,0.0,0.0,0.0,3.135707462979092,1.148726392802345,101742.22253733715
2025-01-18 17:00:00,0.0,0.0,0.0,3.858199874086964,1.5814053913082025,101036.60900320443
2025-01-18 18:00:00,0.0,0.0,0.0,3.0,0.7693238662096611,102068.7237351522
2025-01-18 19:00:00,0.0,0.0,0.0,3.1618113051086865,0.8152415230492076,101787.44804767334
2025-01-18 20:00:00,38.03299852155533,30.426398817244262,7.606599704311066,3.4735655674930452,1.5640656104224009,101624.54591532686
2025-01-18 21:00:00,0.0,0.0,0.0,3.885880190907585,1.7674906687899103,102160.0694500163
2025-01-18 22:00:00,23.588887956339082,18.871110365071267,4.717777591267817,4.755204031380423,1.7683990135564303,101568.25768725325
2025-01-18 23:00:00,0.0,0.0,0.0,4.69449869999025,0.44266171448679104,101078.71253518677
2025-01-19 00:00:00,0.0,0.0,0.0,3.240223291698106,0.7647693567104074,102170.36354536322
2025-01-19 01:00:00,44.286040333323555,35.428832266658844,8.857208066664711,3.0,1.5165496403114678,101568.12259186312
2025-01-19 02:00:00,24.607222958740905,19.685778366992725,4.921444591748181,5.363379761194527,-0.2803101439656397,102004.51685448822
2025-01-19 03:00:00,0.0,0.0,0.0,3.637837110459099,2.6605045844699777,101472.3051635232
2025-01-19 04:00:00,64.10463125088611,51.28370500070889,12.820926250177223,3.4256008860667455,1.9713279853582981,101977.38753309022
2025-01-19 05:00:00,0.0,0.0,0.0,3.0,1.7346079783910455,100965.04218168098
2025-01-19 06:00:00,0.0,0.0,0.0,3.775223722502584,1.0199426820885096,100766.26157809711
2025-01-19 07:00:00,51.31856654063831,41.05485323251065,10.263713308127663,3.0,2.5937473540526126,100696.65622615871
2025-01-19 08:00:00,91.88971960990624,73.511775687925,18.37794392198125,3.0,1.539748734868723,101778.30660345586
2025-01-19 09:00:00,0.4212799983266353,0.3370239986613083,0.08425599966532707,3.0,3.752451905141097,100417.58338229515
2025-01-19 10:00:00,83.97597038006649,67.1807763040532,16.7951940760133,3.0,2.2854848068055578,100509.2252104423
2025-01-19 11:00:00,0.0,0.0,0.0,3.062203431804306,0.4411324324427093,100691.36291886044
2025-01-19 12:00:00,16.487492406386323,13.189993925109059,3.2974984812772647,3.0,2.699896275005004,101516.17495890486
2025-01-19 13:00:00,0.0,0.0,0.0,3.0,1.484804011185628,101618.94215608484
2025-01-19 14:00:00,0.0,0.0,0.0,3.0,1.5317415037544941,100993.85971697455
2025-01-19 15:00:00,12.898641752142892,10.318913401714314,2.5797283504285784,3.0,1.8511616867675165,101794.57988222492
2025-01-19 16:00:00,46.63748465591957,37.309987724735656,9.327496931183914,3.0,2.002363171502547,101561.23722761477
2025-01-19 17:00:00,0.0,0.0,0.0,3.0,2.4250244496258055,102006.52318556291
2025-01-19 18:00:00,0.0,0.0,0.0,3.0,2.975470153324078,101873.8526317922
2025-01-19 19:00:00,69.64636584646601,55.717092677172815,13.929273169293204,3.6115811060696603,2.7074679768643026,101058.36299083156
2025-01-19 20:00:00,0.0,0.0,0.0,3.0,1.5689426290854225,101502.70221201523
2025-01-19 21:00:00,0.0,0.0,0.0,3.7659272070048733,0.9824284209266902,101321.15558070138
2025-01-19 22:00:00,0.0,0.0,0.0,3.920913923799137,1.5672184625781609,101634.3988948614
2025-01-19 23:00:00,0.0,0.0,0.0,3.0,2.774696496172205,101505.58633662351
2025-01-20 00:00:00,67.31446382297933,53.85157105838347,13.462892764595868,3.04077101704925,3.322749148751996,101417.10580964306
2025-01-20 01:00:00,15.484455876725958,12.387564701380768,3.096891175345192,3.0,4.295251274201363,101760.0377990493
2025-01-20 02:00:00,0.0,0.0,0.0,3.0,1.189402609079352,101435.87622805477
2025-01-20 03:00:00,0.0,0.0,0.0,3.0,2.6561523257815316,101771.70000088695
2025-01-20 04:00:00,143.05335953613792,114.44268762891033,28.610671907227584,3.0,2.388623870886298,101423.26077028863
2025-01-20 05:00:00,0.0,0.0,0.0,3.708190034641377,2.2562205318552877,101327.28155274798
2025-01-20 06:00:00,0.0,0.0,0.0,4.021623016621064,2.837292955479787,101866.49185905672
2025-01-20 07:00:00,15.215358496443795,12.172286797155037,3.043071699288759,3.0,2.492193007067352,101882.02382529476
2025-01-20 08:00:00,31.91262298372485,25.530098386979883,6.382524596744971,3.0,2.5146506401066735,102025.46449758373
2025-01-20 09:00:00,11.084091928723616,8.867273542978893,2.2168183857447232,3.528619685215009,2.17555607520121,101721.14009770667
2025-01-20 10:00:00,0.0,0.0,0.0,4.173810769432365,3.259324652374085,101301.14116599111
2025-01-20 11:00:00,0.0,0.0,0.0,3.0,3.960251128971605,101501.85031926371
2025-01-20 12:00:00,29.807027662414253,23.845622129931403,5.961405532482851,4.274662166389028,4.579705804849819,101485.65347957004
2025-01-20 13:00:00,0.0,0.0,0.0,3.0,2.4617831428663597,100529.81023179925
2025-01-20 14:00:00,0.0,0.0,0.0,4.528184616389933,1.9749298855304915,100846.69239343601
2025-01-20 15:00:00,58.55004966670364,46.840039733362914,11.710009933340729,3.0,2.8080477904826764,102168.11054463948
2025-01-20 16:00:00,38.76645052552468,31.013160420419748,7.753290105104937,3.0,2.2768755620898133,101377.47925720659
2025-01-20 17:00:00,0.0,0.0,0.0,3.0448624402411935,4.182920507097812,99984.06317036912
2025-01-20 18:00:00,0.0,0.0,0.0,4.166579155882047,2.375792151293791,101347.69234490664
2025-01-20 19:00:00,11.57298941962519,9.258391535700152,2.314597883925038,3.030609645175003,3.3109468821889325,101487.04807655176
2025-01-20 20:00:00,0.0,0.0,0.0,3.0,1.9348528312531217,100793.72256468945
2025-01-20 21:00:00,0.0,0.0,0.0,3.682636688250663,2.970479657688313,102542.02098023647
2025-01-20 22:00:00,16.12588783293962,12.900710266351695,3.2251775665879236,3.0,3.553162768071471,101968.07357184163
2025-01-20 23:00:00,0.0,0.0,0.0,3.0,4.932896566173886,101811.33131820879
2025-01-21 00:00:00,19.536340164453105,15.629072131562484,3.907268032890621,3.0,2.7524677389300622,101311.86163872592
2025-01-21 01:00:00,0.0,0.0,0.0,3.0,3.85658570639093,101646.4200557918
2025-01-21 02:00:00,0.0,0.0,0.0,3.0,1.4504742196780938,101826.48112614123
2025-01-21 03:00:00,0.0,0.0,0.0,3.0,2.362884768477784,101643.30579089287
2025-01-21 04:00:00,89.13146298205277,71.30517038564221,17.826292596410553,3.0,2.7972641449728046,101071.6134693206
2025-01-21 05:00:00,0.0,0.0,0.0,3.0,3.154647223046367,101499.93016316851
2025-01-21 06:00:00,0.0,0.0,0.0,3.0,4.1261600169278045,101470.83919070865
2025-01-21 07:00:00,0.0,0.0,0.0,3.0,4.368575850053427,101550.0343900976
2025-01-21 08:00:00,0.0,0.0,0.0,3.0,2.169979935225034,100884.80718684544
2025-01-21 09:00:00,0.0,0.0,0.0,3.9727365026783117,4.3498691199698,101534.53235577769
2025-01-21 10:00:00,21.040048938732134,16.832039150985707,4.208009787746427,3.948210729790538,2.746622201990761,101404.06323863169
2025-01-21 11:00:00,38.598871450117514,30.879097160094013,7.719774290023503,3.134652283504818,5.738864352555676,101519.77142846382
2025-01-21 12:00:00,82.97806379835393,66.38245103868314,16.595612759670786,3.619387106730671,4.258592463256798,101501.9347453124
2025-01-21 13:00:00,0.0,0.0,0.0,3.892259405410704,4.139983763973052,100683.54325402984
2025-01-21 14:00:00,131.9269401000249,105.54155208001993,26.38538802000498,4.3616525798496015,3.852221601911612,101827.04665258013
2025-01-21 15:00:00,99.10926652422745,79.28741321938196,19.82185330484549,4.696450528004525,4.03785546187178,101772.8438265955
2025-01-21 16:00:00,0.0,0.0,0.0,3.0,4.1154488579129085,100729.79192527373
2025-01-21 17:00:00,0.0,0.0,0.0,3.0,3.464070215097217,101351.10721850696
2025-01-21 18:00:00,0.0,0.0,0.0,4.472798969333727,4.94350412638928,100973.35160359986
2025-01-21 19:00:00,3.625384181751478,2.9003073454011825,0.7250768363502956,4.561070917380057,4.508982014662651,101171.00982770592
2025-01-21 20:00:00,0.0,0.0,0.0,4.54065692003139,5.030530958915381,101895.93520407412
2025-01-21 21:00:00,3.6915928787470875,2.95327430299767,0.7383185757494175,3.0,4.262316483813715,101659.70657663353
2025-01-21 22:00:00,0.0,0.0,0.0,3.0,5.045618022224778,102381.84137484568
2025-01-21 23:00:00,0.0,0.0,0.0,3.0,3.6507418938530334,101439.04157255217
2025-01-22 00:00:00,31.33145989152358,25.065167913218865,6.266291978304716,3.729935919825351,8.014011483203754,100834.29538227832
2025-01-22 01:00:00,50.26741900636168,40.21393520508934,10.053483801272336,3.055615684263223,3.7821499471522917,101448.07340126071
2025-01-22 02:00:00,0.0,0.0,0.0,3.052179493377828,4.088779220344097,100172.45303492516
2025-01-22 03:00:00,11.473988027298894,9.179190421839115,2.2947976054597787,3.0,5.539102231942778,102276.50875309175
2025-01-22 04:00:00,0.0,0.0,0.0,4.303371401096639,5.852005730637796,101517.08574319899
2025-01-22 05:00:00,0.0,0.0,0.0,3.0,3.8655669450067323,101608.13190918358
2025-01-22 06:00:00,3.9748360284997264,3.179868822799781,0.7949672056999453,4.033114178905704,3.0407018522963183,101459.8269793163
2025-01-22 07:00:00,26.171077953481554,20.936862362785245,5.234215590696311,3.5535980182820506,3.3476181630572377,100958.14319715876
2025-01-22 08:00:00,0.0,0.0,0.0,3.3568158330343754,3.794464190780401,101321.84925320423
2025-01-22 09:00:00,0.0,0.0,0.0,3.462595495440607,4.045268064231917,100989.16063658138
2025-01-22 10:00:00,29.289242134210586,23.43139370736847,5.857848426842118,3.1107064871881396,4.70753289814063,101123.97519554802
2025-01-22 11:00:00,0.0,0.0,0.0,3.0,5.9439423258745165,101541.60544632244
2025-01-22 12:00:00,8.214056540793765,6.571245232635012,1.642811308158753,3.7162195736458656,6.036294305602539,100774.25109602195
2025-01-22 13:00:00,95.29364990197914,76.23491992158331,19.058729980395828,3.7133283910125856,4.387487015783619,102190.4395696781
2025-01-22 14:00:00,9.728960648170172,7.783168518536138,1.9457921296340346,3.0,5.580072862821934,100839.38876987946
2025-01-22 15:00:00,0.0,0.0,0.0,3.7307101358690247,5.964527302530854,101783.06564229705
2025-01-22 16:00:00,0.0,0.0,0.0,3.898928974183882,6.528887941552027,101049.1152406968
2025-01-22 17:00:00,81.77637667889026,65.42110134311221,16.355275335778053,3.0,5.007652480810375,100746.00320043121
2025-01-22 18:00:00,26.632765789264923,21.306212631411938,5.3265531578529846,3.0,4.465694146870968,101554.80641320214
2025-01-22 19:00:00,58.6935140214658,46.95481121717265,11.738702804293162,3.0,6.000281072590876,101443.68481875768
2025-01-22 20:00:00,82.24751132727553,65.79800906182042,16.449502265455106,3.0,6.808010084472948,101246.34623160485
2025-01-22 21:00:00,37.70749634037755,30.165997072302044,7.541499268075511,3.3223144043262582,4.810733432386749,101327.41746149317
2025-01-22 22:00:00,28.951870760651545,23.161496608521237,5.790374152130309,3.0,7.325800892590954,101044.32666323229
2025-01-22 23:00:00,1.2383760260547376,0.9907008208437902,0.24767520521094755,3.0,7.138258582358027,101564.53399519064
2025-01-23 00:00:00,0.0,0.0,0.0,3.2453988446708912,5.1989088758140225,101111.28252341894
2025-01-23 01:00:00,0.0,0.0,0.0,3.349850113668058,3.9353673800740205,101359.59993920581
2025-01-23 02:00:00,57.79160428585623,46.233283428684985,11.558320857171246,3.321546192646351,4.9491112778391315,101900.58307505888
2025-01-23 03:00:00,56.72792818000844,45.382342544006754,11.345585636001688,5.233908228769614,5.235948086572724,100687.62442271702
2025-01-23 04:00:00,89.88760116333768,71.91008093067015,17.977520232667537,3.0,6.161666604186946,101060.82130034806
2025-01-23 05:00:00,67.59259784022146,54.07407827217717,13.518519568044292,3.2501861672559085,4.001635120908101,101006.95642860139
2025-01-23 06:00:00,86.11082594106625,68.888660752853,17.22216518821325,3.0,8.14522215839152,100945.28861351969
2025-01-23 07:00:00,121.74750341784005,97.39800273427204,24.34950068356801,3.4813558379882847,8.096820623128535,100669.89991282826
2025-01-23 08:00:00,42.31845802836274,33.8547664226902,8.46369160567255,4.1534536181113015,5.074732093177242,101202.65033525544
2025-01-23 09:00:00,76.42440340109042,61.139522720872336,15.284880680218084,4.213860098153155,3.978450954010258,101413.23272404721
2025-01-23 10:00:00,14.631627154165045,11.705301723332036,2.926325430833009,3.0,5.71270254104446,101280.27497650568
2025-01-23 11:00:00,147.84518024878912,118.27614419903131,29.569036049757827,3.0,6.347870625881271,100541.2364805912
2025-01-23 12:00:00,105.32793548257825,84.26234838606261,21.065587096515653,4.262388233224213,7.311992575379789,101672.37282907023
2025-01-23 13:00:00,132.1027961572466,105.68223692579727,26.420559231449317,3.0,6.71927227425355,101684.28245898937
2025-01-23 14:00:00,188.938572785906,151.1508582287248,37.7877145571812,3.9586744062342967,5.847400898477834,101368.68592924843
2025-01-23 15:00:00,169.99243448716425,135.9939475897314,33.99848689743285,3.0,4.122702379596306,100835.60406657212
2025-01-23 16:00:00,117.21372287471078,93.77097829976863,23.442744574942157,4.383369479808614,6.64317852789511,100906.11464621384
2025-01-23 17:00:00,163.7945657226885,131.0356525781508,32.7589131445377,4.027247879515623,7.01722867787211,102299.1273287434
2025-01-23 18:00:00,57.01937230714361,45.61549784571489,11.403874461428723,3.464045522258993,5.905850050714246,102186.48906564344
2025-01-23 19:00:00,154.49203054506836,123.5936244360547,30.898406109013674,3.0,6.532637694023346,101566.13442958693
2025-01-23 20:00:00,143.93166801562236,115.1453344124979,28.786333603124476,3.0,6.5028814660123215,100876.00914648737
2025-01-23 21:00:00,60.25987079386907,48.20789663509526,12.051974158773815,3.151260957770574,6.097731171733297,101955.9965046611
2025-01-23 22:00:00,212.2239557254237,169.77916458033897,42.44479114508474,3.263412063305196,5.226661869893938,101416.54709264573
2025-01-23 23:00:00,114.33612986592246,91.46890389273797,22.867225973184492,3.0,6.766604452989404,102160.55360781451
2025-01-24 00:00:00,187.8807855235437,150.30462841883497,37.57615710470874,3.0,5.0478715458373085,101042.96766706678
2025-01-24 01:00:00,136.89921560600067,109.51937248480054,27.379843121200135,3.1924556517069225,7.909270910043919,101560.58402853938
2025-01-24 02:00:00,211.7468964503945,169.3975171603156,42.3493792900789,4.395559974923165,5.650600083253436,101223.20092744811
2025-01-24 03:00:00,231.85373239568509,185.48298591654807,46.37074647913702,3.0,7.083141968509745,101701.02598395865
2025-01-24 04:00:00,128.90609051718428,103.12487241374743,25.781218103436856,3.0,5.901481023462393,101012.0882063159
2025-01-24 05:00:00,98.05350334464214,78.44280267571372,19.61070066892843,3.0,7.052599036022753,101783.16757733907
2025-01-24 06:00:00,172.1646881337071,137.73175050696568,34.43293762674142,3.0,6.50393706353631,101135.51980439511
2025-01-24 07:00:00,225.33957959502015,180.27166367601615,45.06791591900404,3.0,7.288951658213717,100884.46438759331
2025-01-24 08:00:00,168.48342694900762,134.7867415592061,33.69668538980152,3.5531198277909266,6.006817423891066,101609.25439334316
2025-01-24 09:00:00,160.5247991352193,128.41983930817545,32.104959827043864,3.0957204588360825,5.208564252666319,101443.28936349819
2025-01-24 10:00:00,219.7636160813716,175.8108928650973,43.95272321627432,3.0,6.598986722604144,100276.0176117461
2025-01-24 11:00:00,61.4186623357555,49.1349298686044,12.2837324671511,3.0,6.569966459588373,101305.84121785658
2025-01-24 12:00:00,170.4002229446393,136.32017835571145,34.08004458892786,3.156857728429901,5.4584930268495,101377.16376262877
2025-01-24 13:00:00,138.58401179744897,110.86720943795918,27.716802359489794,3.178249660070674,6.313692833529659,101418.6877851227
2025-01-24 14:00:00,226.64862271659632,181.31889817327706,45.329724543319266,3.330262972728114,5.371476535371137,102343.5708805783
2025-01-24 15:00:00,179.22579512351604,143.38063609881283,35.84515902470321,3.0,7.2006828815271176,101006.2095086543
2025-01-24 16:00:00,164.40633654250908,131.52506923400728,32.88126730850182,3.6493132128981842,6.753295882216744,101317.75946547203
2025-01-24 17:00:00,206.59568440996884,165.27654752797508,41.31913688199377,3.0,7.182999859866324,100481.14483922286
2025-01-24 18:00:00,154.98533582697058,123.98826866157647,30.997067165394117,4.249436227739253,9.812090794817825,100601.24380290811
2025-01-24 19:00:00,231.8640001262613,185.49120010100904,46.37280002525226,3.0,7.4089118112694985,101040.99694334946
2025-01-24 20:00:00,202.51184310847316,162.00947448677854,40.502368621694636,3.0,7.6653431121801825,101260.35901344445
2025-01-24 21:00:00,221.86555164112613,177.49244131290092,44.37311032822523,3.0,7.959962662829137,101227.12404765378
2025-01-24 22:00:00,208.98133758894886,167.1850700711591,41.79626751778977,3.7897440358707826,7.234611473424678,101641.5556557508
2025-01-24 23:00:00,294.54874913401557,235.63899930721246,58.909749826803115,3.0,6.823601835378692,101689.22366884611
2025-01-25 00:00:00,247.58583118624648,198.0686649489972,49.5171662372493,4.821843622905868,8.333627351927182,101827.27060719887
2025-01-25 01:00:00,283.342494428432,226.67399554274562,56.668498885686404,3.0,8.525542730791202,101243.49605335444
2025-01-25 02:00:00,285.18996092510105,228.15196874008086,57.037992185020215,5.028459925690029,4.620610915065912,101569.7370458513
2025-01-25 03:00:00,224.97226685351475,179.97781348281183,44.994453370702956,3.448006632144001,7.415530808587569,100967.80734420265
2025-01-25 04:00:00,297.8528602335957,238.2822881868766,59.57057204671915,3.0307191631333734,7.278563058996981,101504.61320509869
2025-01-25 05:00:00,290.8791792611318,232.70334340890545,58.17583585222636,3.4357861351812153,7.094158455442944,101564.6068417121
2025-01-25 06:00:00,293.17085839755583,234.53668671804468,58.63417167951117,5.192578645373078,8.94091891253986,101074.98269043163
2025-01-25 07:00:00,261.6134793810124,209.29078350480992,52.32269587620248,3.8930800519830786,7.204645090920534,99722.01575209618
2025-01-25 08:00:00,264.2606188509989,211.40849508079916,52.85212377019979,3.0,8.643222974109735,100999.72452250647
2025-01-25 09:00:00,328.92999635185555,263.14399708148443,65.78599927037111,4.194224558598071,7.276780997645577,102607.4198201974
2025-01-25 10:00:00,402.79477108736444,322.23581686989155,80.55895421747289,3.2317766943029294,7.452285594699138,101275.76298713317
2025-01-25 11:00:00,256.22957959045056,204.98366367236045,51.24591591809011,3.0,8.628657498515366,101006.44686152661
2025-01-25 12:00:00,328.49216958050494,262.793735664404,65.698433916101,3.760482772040266,7.202244174165951,101377.3516891083
2025-01-25 13:00:00,287.48555946721035,229.9884475737683,57.497111893442074,3.0,7.81869701462007,101879.7581148386
2025-01-25 14:00:00,349.06397543760124,279.25118035008103,69.81279508752026,3.181193100285153,6.917259858137173,101490.57245696979
2025-01-25 15:00:00,335.7542314182483,268.6033851345987,67.15084628364967,3.2332429361038586,7.175334251953846,101221.37380749203
2025-01-25 16:00:00,370.85665326149916,296.6853226091993,74.17133065229983,3.0,8.82278734465445,100684.42118740913
2025-01-25 17:00:00,182.11726488021466,145.69381190417172,36.42345297604293,3.6475652113077155,8.725217842763621,101175.95970325342
2025-01-25 18:00:00,295.8027420453754,236.64219363630033,59.16054840907508,3.0,7.036577213456528,100727.9878281298
2025-01-25 19:00:00,280.4421623379329,224.35372987034634,56.088432467586586,3.191182179296822,7.036581460361963,101499.93709108981
2025-01-25 20:00:00,328.4406898564824,262.75255188518594,65.68813797129648,3.0,10.80612159252103,102075.2653213163
2025-01-25 21:00:00,301.6294661144298,241.30357289154387,60.325893222885966,3.0,7.656755269243711,101849.21513215429
2025-01-25 22:00:00,309.7506194035789,247.80049552286314,61.950123880715786,4.922890896564589,7.467995461854361,101027.8554668804
2025-01-25 23:00:00,379.8629196733711,303.8903357386969,75.97258393467422,3.1120444428621536,8.890618602157836,100832.30764533652
2025-01-26 00:00:00,444.83068556609095,355.8645484528728,88.9661371132182,3.0,7.642435679765176,100628.68416517467
2025-01-26 01:00:00,212.50084711937416,170.00067769549935,42.50016942387484,3.0,8.092364623597234,101543.79682249347
2025-01-26 02:00:00,342.12164884920975,273.6973190793678,68.42432976984195,3.0,9.389790747230856,101606.73041984852
2025-01-26 03:00:00,377.1922185173171,301.7537748138537,75.43844370346342,3.026487748328091,9.534252669679054,101716.62337779824
2025-01-26 04:00:00,365.76509910714753,292.61207928571804,73.15301982142951,3.16192528749165,8.378493259093625,101491.47262299276
2025-01-26 05:00:00,352.2040701185138,281.7632560948111,70.44081402370277,3.0849814804711335,9.956182826404305,100718.44965862129
2025-01-26 06:00:00,305.71322167798985,244.57057734239189,61.14264433559797,3.0838105751177554,8.5101841461704,100362.73404001082
2025-01-26 07:00:00,330.17208108891487,264.1376648711319,66.03441621778298,3.0,8.453217081445473,101877.56667683632
2025-01-26 08:00:00,417.46715161826995,333.973721294616,83.493430323654,3.449202782246667,8.725948979239096,100902.43329715003
2025-01-26 09:00:00,438.9117145541905,351.12937164335244,87.78234291083811,4.057357526649138,8.464304906734895,102267.33248577798
2025-01-26 10:00:00,393.85597399809836,315.0847791984787,78.77119479961968,3.0,9.336722965018655,100266.71578212928
2025-01-26 11:00:00,351.10532465817005,280.8842597265361,70.22106493163402,3.0,9.131427696008288,100767.76193148937
2025-01-26 12:00:00,401.58416540304313,321.2673323224345,80.31683308060863,3.0606980347431736,8.113071872688424,100851.93427454526
2025-01-26 13:00:00,388.6742077806097,310.9393662244878,77.73484155612195,4.253749275178512,9.106629933599153,101450.54974724998
2025-01-26 14:00:00,431.82684411120823,345.4614752889666,86.36536882224165,4.079337400833275,8.423725154378863,101649.80212344014
2025-01-26 15:00:00,414.32475289160965,331.45980231328775,82.86495057832194,3.0,8.426410820851332,101042.13114653416
2025-01-26 16:00:00,381.1762035239775,304.940962819182,76.2352407047955,3.072354514500868,8.903181363289361,101615.22503856609
2025-01-26 17:00:00,425.6478443554152,340.5182754843322,85.12956887108305,3.0,10.099071166359499,100667.46597336531
2025-01-26 18:00:00,360.98502935144813,288.7880234811585,72.19700587028963,3.0,9.395616381388708,101066.97467355097
2025-01-26 19:00:00,464.7894239195067,371.8315391356054,92.95788478390135,3.0150233356136718,10.425421059216383,100711.23076973745
2025-01-26 20:00:00,486.7315772177146,389.3852617741717,97.34631544354292,3.6299378991594016,10.757881668230333,101038.25498293566
2025-01-26 21:00:00,372.5079553923524,298.00636431388193,74.50159107847048,3.9543952853650297,9.20007415873987,100995.76361482353
2025-01-26 22:00:00,456.2961368312785,365.0369094650228,91.2592273662557,3.0,8.667187122471896,101467.37778549343
2025-01-26 23:00:00,389.4835240795835,311.5868192636668,77.8967048159167,3.0,8.523109914907911,103032.86467378012
2025-01-27 00:00:00,496.4258541334346,397.1406833067477,99.28517082668692,3.3968872528575957,9.626690267394563,100630.79131860755
2025-01-27 01:00:00,491.83464892173447,393.4677191373876,98.3669297843469,3.0,10.251908728239853,101213.76350573673
2025-01-27 02:00:00,438.8989078234784,351.1191262587827,87.77978156469568,3.423960111306071,11.006648476556315,101656.21666263572
2025-01-27 03:00:00,503.9255451555711,403.1404361244569,100.78510903111423,3.16012416904865,8.155083411599678,101349.8099446204
2025-01-27 04:00:00,436.38722663695216,349.10978130956175,87.27744532739044,3.715728303216136,10.423084283622565,102022.78442913166
2025-01-27 05:00:00,429.546030488444,343.63682439075524,85.90920609768881,3.654629283445054,10.608718782492163,100803.47777623688
2025-01-27 06:00:00,437.00701069996654,349.60560855997323,87.40140213999331,3.8435989908918686,12.012475910510965,101701.53943357445
2025-01-27 07:00:00,462.1386274124162,369.710901929933,92.42772548248325,3.0,9.801448441787898,100923.11222792356
2025-01-27 08:00:00,456.7403604316836,365.3922883453469,91.34807208633673,3.995498088929045,9.62029537234253,101723.09326069785
2025-01-27 09:00:00,484.3495102413083,387.47960819304666,96.86990204826166,3.0,8.171154457339266,101397.51210297193
2025-01-27 10:00:00,449.5921317345087,359.673705387607,89.91842634690175,3.0849377947900636,8.949642501960223,101437.74677622855
2025-01-27 11:00:00,522.284074562385,417.827259649908,104.456814912477,4.8605914716928265,8.661377031349918,101021.08536978716
2025-01-27 12:00:00,538.7932883324698,431.0346306659759,107.75865766649397,3.3568024716234497,8.792690338492802,100390.95916949202
2025-01-27 13:00:00,466.6385658907716,373.3108527126173,93.32771317815433,3.0,8.9407163171079,100762.77660561075
2025-01-27 14:00:00,423.75097496920176,339.0007799753614,84.75019499384035,4.490427994588856,8.344315947184684,101667.8065344554
2025-01-27 15:00:00,534.9725737834394,427.97805902675157,106.99451475668789,4.000092228416802,9.821979525096978,101182.83684509652
2025-01-27 16:00:00,559.3670245579659,447.49361964637274,111.87340491159318,4.1698153025922355,10.33777247006701,101682.27766320104
2025-01-27 17:00:00,497.9280732896409,398.34245863171276,99.58561465792819,3.2707386375463625,10.750053904033264,100653.10517843554
2025-01-27 18:00:00,445.4068913455747,356.3255130764598,89.08137826911495,3.4637540749619338,9.930323494747574,101634.08651351258
2025-01-27 19:00:00,526.7039282668841,421.3631426135073,105.34078565337683,3.0,11.119090546831336,101817.54991192852
2025-01-27 20:00:00,593.2232489862837,474.578599189027,118.64464979725675,3.0,11.16551277555302,100210.69459837231
2025-01-27 21:00:00,426.7882300906218,341.4305840724975,85.35764601812437,4.782344342482887,8.61888409711257,101474.85422909242
2025-01-27 22:00:00,548.1062546086453,438.48500368691623,109.62125092172906,3.0,9.900071020726827,102283.54254798868
2025-01-27 23:00:00,512.1242809468891,409.69942475751134,102.42485618937783,3.0,8.960316922497721,100937.85770176316
2025-01-28 00:00:00,488.60892054152015,390.88713643321614,97.72178410830404,3.0,9.266755425115003,101813.88398104868
2025-01-28 01:00:00,559.8796885670855,447.90375085366844,111.97593771341711,5.296654363163999,10.465776983744238,101335.85235803638
2025-01-28 02:00:00,473.59575449705983,378.8766035976479,94.71915089941197,4.358404420689323,10.192463241719722,101742.70123897665
2025-01-28 03:00:00,556.9423934834565,445.55391478676523,111.38847869669131,3.1584936601786073,11.817318625042503,101123.5154826819
2025-01-28 04:00:00,611.3063231511778,489.0450585209423,122.26126463023557,3.5270978763779266,12.43699870346352,100929.38033131625
2025-01-28 05:00:00,558.0163057441885,446.4130445953508,111.6032611488377,4.129658932508398,10.845896984155829,101103.10501329142
2025-01-28 06:00:00,508.89436117809896,407.1154889424792,101.7788722356198,4.5443340192628625,10.270184274575094,101135.20337304092
2025-01-28 07:00:00,467.2638097649027,373.8110478119222,93.45276195298055,3.0,10.351813526251934,101023.03784666487
2025-01-28 08:00:00,495.64015490507694,396.5121239240616,99.1280309810154,4.663464141314632,10.521820901870441,100878.04211591993
2025-01-28 09:00:00,471.17576901614217,376.94061521291377,94.23515380322844,3.588803053926122,11.141311966553872,101868.61530203585
2025-01-28 10:00:00,646.7072388901765,517.3657911121412,129.3414477780353,3.1681002358485078,9.87031910068628,101027.33218626046
2025-01-28 11:00:00,557.7300022500782,446.18400180006256,111.54600045001564,3.5112782247869054,11.223198588548257,100714.92059894167
2025-01-28 12:00:00,521.4144415590945,417.13155324727563,104.28288831181891,4.7411310040180075,10.430978035804133,100849.7709280031
2025-01-28 13:00:00,512.2203670477147,409.7762936381718,102.44407340954295,5.755391910678332,11.768004619931046,101561.54318947256
2025-01-28 14:00:00,527.2163784015121,421.7731027212097,105.44327568030242,4.1927784370760515,12.107703276088149,100204.47084123084
2025-01-28 15:00:00,567.2239624418194,453.7791699534555,113.44479248836387,4.649801483745838,12.5173086995007,101567.09640458308
2025-01-28 16:00:00,523.3125961137721,418.6500768910177,104.66251922275443,3.327048695061262,10.658914276657846,101674.95404771584
2025-01-28 17:00:00,674.6750249796604,539.7400199837283,134.93500499593208,4.680726038338781,9.499778533015132,101956.19502448013
2025-01-28 18:00:00,556.8961306969065,445.51690455752527,111.37922613938132,5.060466415241836,9.199494897821534,101098.29420646555
2025-01-28 19:00:00,558.5317862002216,446.8254289601773,111.70635724004433,3.0,10.626529524684683,100908.76829659968
2025-01-28 20:00:00,616.4334849623355,493.1467879698684,123.2866969924671,3.8221594076561414,9.536236361059801,101406.07388503628
2025-01-28 21:00:00,676.9486943280957,541.5589554624765,135.38973886561914,5.1746735272392135,9.341130795413283,101389.48541823772
2025-01-28 22:00:00,673.9813731019485,539.1850984815588,134.7962746203897,3.0,10.66931834151109,101975.5367856658
2025-01-28 23:00:00,586.743832496048,469.3950659968384,117.3487664992096,4.107928962702033,10.07058765077232,101347.03813079036
2025-01-29 00:00:00,627.2475022006157,501.7980017604926,125.44950044012315,5.131668007971764,11.77886639011851,101107.38191529122
2025-01-29 01:00:00,625.2711901165429,500.21695209323434,125.05423802330859,3.0,13.06164060786489,100654.65240164736
2025-01-29 02:00:00,647.6204135740699,518.0963308592559,129.52408271481397,4.232912039471147,10.93143743418833,101216.07226752625
2025-01-29 03:00:00,637.2190875062763,509.77527000502107,127.44381750125527,4.7338498769492325,11.504727423622587,101358.08919010374
2025-01-29 04:00:00,580.5394397797198,464.43155182377586,116.10788795594397,5.618946087300779,9.64811851678401,101910.6166800724
2025-01-29 05:00:00,568.007133340273,454.4057066722184,113.6014266680546,3.4994475338559488,11.440079067294255,101374.08124450206
2025-01-29 06:00:00,643.0739158417633,514.4591326734106,128.61478316835266,5.93741335511166,10.591169228938316,101995.36832343935
2025-01-29 07:00:00,578.3773918110118,462.7019134488094,115.67547836220236,5.18338079057061,10.226158129671928,101941.38721705652
2025-01-29 08:00:00,708.9672279926948,567.1737823941559,141.79344559853897,6.124434835105445,9.496806067494438,100938.89918387028
2025-01-29 09:00:00,646.042853658164,516.8342829265312,129.2085707316328,6.140768967989331,12.990785148987111,100752.59730375839
2025-01-29 10:00:00,595.9712751210651,476.7770200968521,119.19425502421302,5.368372211935307,9.810320656242647,101005.0281832244
2025-01-29 11:00:00,634.4106287847563,507.5285030278051,126.88212575695127,5.563432169116028,10.247693178406092,101205.20983939484
2025-01-29 12:00:00,628.3325954653841,502.6660763723073,125.66651909307683,3.388404923577071,11.498506060347115,100918.71697137467
2025-01-29 13:00:00,650.3298705896296,520.2638964717038,130.06597411792595,3.8279431479474866,11.810173185618378,101672.25924871516
2025-01-29 14:00:00,707.3664618022412,565.893169441793,141.47329236044826,4.223060709364161,11.846534491910836,101659.9997824618
2025-01-29 15:00:00,591.0229795232747,472.81838361861975,118.20459590465494,4.930708106121617,11.694885641481708,101926.65734224125
2025-01-29 16:00:00,573.024038654208,458.4192309233664,114.6048077308416,6.262352510591617,10.726161175141744,101462.58270033934
2025-01-29 17:00:00,686.4520083198902,549.1616066559121,137.29040166397803,3.5961430224223,12.418456437020813,101105.12045063164
2025-01-29 18:00:00,663.8199322796783,531.0559458237426,132.76398645593565,5.110089042664674,11.875705103847132,101527.60527660532
2025-01-29 19:00:00,683.9679162110658,547.1743329688527,136.79358324221317,4.1593445138011615,10.262954932969443,100868.99368330282
2025-01-29 20:00:00,701.1444976479884,560.9155981183907,140.22889952959767,3.9734396622697883,13.34835663217924,101397.83532450147
2025-01-29 21:00:00,672.9631207213337,538.370496577067,134.59262414426675,7.058649321404166,11.435895576687443,100943.62646946988
2025-01-29 22:00:00,725.0862020629066,580.0689616503254,145.01724041258134,5.7309048709386,12.757423100156624,101901.8257320398
2025-01-29 23:00:00,643.5255665169908,514.8204532135927,128.70511330339818,7.318181068355399,10.385585013692912,99992.82799269179
2025-01-30 00:00:00,694.4561462531368,555.5649170025094,138.89122925062736,6.917830678130324,10.68175195565546,101747.53747180231
2025-01-30 01:00:00,652.7484320833331,522.1987456666665,130.54968641666662,4.863009262895745,11.329170586967894,101765.84588070425
2025-01-30 02:00:00,640.8281026181685,512.6624820945348,128.1656205236337,3.980435986820071,11.241813023149064,101303.8126217149
2025-01-30 03:00:00,731.1202181702828,584.8961745362262,146.22404363405656,7.9559316007879,12.976920841159911,101493.30659856283
2025-01-30 04:00:00,731.8122955781671,585.4498364625337,146.3624591156334,5.531554124412749,10.371273862052028,101426.9671302604
2025-01-30 05:00:00,609.2599254786921,487.4079403829537,121.85198509573843,4.842767273079547,12.189741886928768,101971.85542232831
2025-01-30 06:00:00,653.2456301183328,522.5965040946662,130.64912602366655,6.729224165182593,11.041385786067151,102151.85027198045
2025-01-30 07:00:00,726.9187896232797,581.5350316986238,145.38375792465595,6.225284002922351,12.602402498192387,101330.17559967352
2025-01-30 08:00:00,768.7924213530459,615.0339370824368,153.7584842706092,5.468120115855105,12.323352516592305,102141.88201685504
2025-01-30 09:00:00,684.9312611730452,547.9450089384362,136.98625223460905,5.8443191681626985,11.594399710162365,101003.46038049123
2025-01-30 10:00:00,711.9743887978644,569.5795110382916,142.3948777595729,6.40227112691667,14.398067070010551,101532.75455978578
2025-01-30 11:00:00,653.4202882070174,522.7362305656139,130.68405764140348,6.365587291657429,12.159486276971029,101543.78632967218
2025-01-30 12:00:00,852.537967650599,682.0303741204792,170.5075935301198,7.0978138471308965,13.330763243812306,100694.5700219641
2025-01-30 13:00:00,753.6502393491114,602.9201914792892,150.7300478698223,6.039481165129565,10.935824429765308,101488.75830121213
2025-01-30 14:00:00,777.5085684372646,622.0068547498117,155.50171368745293,6.100409601655136,12.168836266771597,100991.55092270972
2025-01-30 15:00:00,768.5495886587366,614.8396709269894,153.70991773174734,7.094776391389806,12.410792035772992,101722.25065528172
2025-01-30 16:00:00,785.1682080155706,628.1345664124565,157.03364160311412,6.857639375175845,12.48980741050732,100880.91285571683
2025-01-30 17:00:00,771.7544472410337,617.4035577928271,154.35088944820677,7.68946112396579,12.035650522767675,100438.14045549734
2025-01-30 18:00:00,727.4219480204694,581.9375584163755,145.48438960409388,6.395762533366843,11.579945595790658,100674.9191796703
2025-01-30 19:00:00,784.1997053549329,627.3597642839463,156.83994107098658,6.59775677264317,9.343746310284724,101335.7498506352
2025-01-30 20:00:00,753.7604038784057,603.0083231027246,150.75208077568115,5.59046574504328,11.897861799745733,101480.47169264793
2025-01-30 21:00:00,817.4231686570589,653.9385349256472,163.4846337314118,8.295985012715395,11.576644351475917,101495.13924607231
2025-01-30 22:00:00,718.5944769943386,574.8755815954709,143.71889539886772,5.453263347695677,12.26674295797411,100943.74797798572
2025-01-30 23:00:00,731.0728393770304,584.8582715016244,146.2145678754061,7.099297381840574,13.409816780289988,101718.94959061552
2025-01-31 00:00:00,793.9440235767902,635.1552188614322,158.78880471535805,6.055415665080609,14.796470074993943,101050.45225988756
2025-01-31 01:00:00,827.6054262314493,662.0843409851595,165.52108524628989,7.334822556245178,13.139018436541216,101214.5342578853
2025-01-31 02:00:00,773.6044106011923,618.8835284809538,154.72088212023846,7.791807970800976,13.652031070910002,101815.0122487138
2025-01-31 03:00:00,733.42944537672,586.743556301376,146.685889075344,5.458072254212374,13.292852727977358,101244.42420283855
2025-01-31 04:00:00,765.8037785771742,612.6430228617394,153.16075571543485,6.936262018685891,13.418198577303144,100385.66264837212
2025-01-31 05:00:00,749.5223102167843,599.6178481734274,149.90446204335686,5.440258095145098,13.30907456418046,101681.3885680367
2025-01-31 06:00:00,871.9434897573076,697.5547918058461,174.38869795146152,8.650923599573428,12.484328197588153,101324.89461339287
2025-01-31 07:00:00,824.6912717162895,659.7530173730316,164.9382543432579,6.853085955771672,12.449257088570976,101131.6314759922
2025-01-31 08:00:00,845.6182271886098,676.4945817508878,169.12364543772196,5.769192911040805,13.132698657316634,101968.69317200739
2025-01-31 09:00:00,800.0995894771654,640.0796715817323,160.01991789543308,6.693189403780834,14.628563388893534,101010.2850054736
2025-01-31 10:00:00,759.878441314854,607.9027530518832,151.9756882629708,8.755740905526052,13.63916491968811,101650.612759085
2025-01-31 11:00:00,848.8959340449916,679.1167472359933,169.77918680899833,8.981168113718901,14.494019350307822,101392.0693510658
2025-01-31 12:00:00,875.5142596744815,700.4114077395852,175.1028519348963,8.813315071564649,11.615195157402132,102622.96955505107
2025-01-31 13:00:00,824.4846049507862,659.587683960629,164.89692099015724,6.807325967465019,13.203213758232955,100424.78358597119
2025-01-31 14:00:00,796.7296612774215,637.3837290219373,159.3459322554843,7.488263465398777,13.363543352189746,101422.18613091041
2025-01-31 15:00:00,854.5323376438797,683.6258701151038,170.90646752877595,9.324039090989679,13.511988191743555,101497.47988010551
2025-01-31 16:00:00,784.4549663581834,627.5639730865468,156.8909932716367,7.006328871301144,11.642763942641382,101873.42460307265
2025-01-31 17:00:00,843.7504422535907,675.0003538028726,168.75008845071815,7.451716428494188,11.198331859852313,101113.75572113633
2025-01-31 18:00:00,772.4425048210148,617.9540038568119,154.48850096420298,6.880937416812614,10.943237787883408,101006.9175853952
2025-01-31 19:00:00,761.987278034378,609.5898224275024,152.3974556068756,6.718958079708055,12.694022876791006,102019.03059224175
2025-01-31 20:00:00,841.2971830211994,673.0377464169596,168.2594366042399,9.137359872463035,15.0,101111.24994333908
2025-01-31 21:00:00,832.3262815392228,665.8610252313783,166.46525630784458,8.60978910132414,13.361635855239914,101463.695697514
2025-01-31 22:00:00,913.0853435887205,730.4682748709765,182.61706871774413,8.476564342877381,11.95761450513708,101298.1895837806
2025-01-31 23:00:00,806.290303435409,645.0322427483272,161.2580606870818,8.654276893276206,13.532856093148611,101515.28744859317
2025-02-01 00:00:00,823.8790008560002,659.1032006848002,164.77580017120005,9.143469610104471,12.916642301926164,100650.61915527373
2025-02-01 01:00:00,768.1059153718803,614.4847322975043,153.62118307437606,9.679900141980042,13.41383478223513,101052.92892453194
2025-02-01 02:00:00,734.0203759331166,587.2163007464933,146.80407518662332,8.209567737888896,12.815433851045514,101296.1711038735
2025-02-01 03:00:00,740.8103482201179,592.6482785760944,148.1620696440236,7.922991113353552,11.996623707236347,101377.56264191249
2025-02-01 04:00:00,855.3583717157074,684.286697372566,171.0716743431415,7.28692373381959,12.784184080952931,101871.85099910319
2025-02-01 05:00:00,775.7080215285629,620.5664172228503,155.14160430571258,9.439790429400345,14.054262008911014,101578.0930283946
2025-02-01 06:00:00,893.2014026942273,714.5611221553819,178.64028053884547,7.889095032156718,13.668559236463233,101611.27186842322
2025-02-01 07:00:00,910.2825111850968,728.2260089480775,182.05650223701937,6.95585489150271,14.61043516357535,101295.58019467385
2025-02-01 08:00:00,827.1911106418207,661.7528885134566,165.43822212836415,8.22789076616336,12.341834435433176,101952.21156411932
2025-02-01 09:00:00,926.6595955207988,741.3276764166391,185.33191910415977,8.567075708230876,14.486245052753357,101020.25662265383
2025-02-01 10:00:00,857.3603262749884,685.8882610199908,171.4720652549977,9.421107013612813,13.523262562198463,101275.69051868444
2025-02-01 11:00:00,904.4949327635896,723.5959462108717,180.89898655271793,9.638026292994624,13.679867129962977,100580.12403450898
2025-02-01 12:00:00,839.1935827485457,671.3548661988366,167.83871654970915,7.948772438390842,14.757976420763072,100799.12598570186
2025-02-01 13:00:00,900.6539319839696,720.5231455871758,180.13078639679395,7.9248577116518835,13.404486220307213,101747.8094174933
2025-02-01 14:00:00,807.7307784880624,646.1846227904499,161.54615569761248,8.442044544233081,13.814232782590476,101299.34930759855
2025-02-01 15:00:00,888.2167248374178,710.5733798699343,177.64334496748359,7.603667912046507,14.222813279155421,100396.44886419545
2025-02-01 16:00:00,836.292387674436,669.0339101395489,167.25847753488722,8.750100151116701,14.2545792775257,101301.18380051773
2025-02-01 17:00:00,854.8805280168401,683.9044224134722,170.97610560336804,9.365492773266649,14.443928385374107,101204.73236458623
2025-02-01 18:00:00,895.1343237449867,716.1074589959894,179.02686474899735,8.99151553188076,14.944882117467731,100755.52307661806
2025-02-01 19:00:00,874.3084193293171,699.4467354634537,174.86168386586343,7.379337605878764,14.206702556591733,101489.15614949448
2025-02-01 20:00:00,864.0630482343556,691.2504385874845,172.81260964687112,7.844470548100322,13.25996483789972,101187.4290549401
2025-02-01 21:00:00,906.2642024906806,725.0113619925446,181.25284049813615,10.36606474658418,15.0,101326.66461905887
2025-02-01 22:00:00,912.1134531389945,729.6907625111957,182.42269062779891,8.110280343886679,13.71465803830225,101793.00913912021
2025-02-01 23:00:00,804.7650956848382,643.8120765478707,160.95301913696767,9.90531305466565,14.145847463781436,101013.88165998472
2025-02-02 00:00:00,904.0093483185523,723.2074786548419,180.80186966371048,9.841787231659747,13.043389408705393,101859.74291506007
2025-02-02 01:00:00,911.6432021620672,729.3145617296537,182.32864043241344,8.93052123220181,11.629335698252078,101187.26088906365
2025-02-02 02:00:00,842.5224978783926,674.0179983027142,168.50449957567855,8.298126328900427,13.055101214101182,101193.04354730406
2025-02-02 03:00:00,901.3980967921884,721.1184774337507,180.27961935843769,9.547800064448422,13.918655522432559,101965.15768281023
2025-02-02 04:00:00,817.8802027550086,654.3041622040068,163.5760405510017,8.493299401698343,14.405233481592438,101510.66764442765
2025-02-02 05:00:00,958.0260866566031,766.4208693252825,191.60521733132063,9.245433501249002,13.922617478696893,101118.65889584074
2025-02-02 06:00:00,876.1293365188924,700.903469215114,175.2258673037785,9.568823268842525,14.709283265017508,101262.02780311291
2025-02-02 07:00:00,886.0203288903782,708.8162631123026,177.20406577807566,8.787222161108318,14.925532985955854,101428.47245384217
2025-02-02 08:00:00,951.7383230619452,761.3906584495562,190.34766461238905,9.318264683243939,14.942115526339544,100595.27782736545
2025-02-02 09:00:00,886.6361088103833,709.3088870483067,177.32722176207668,9.277550334948234,13.978262787329914,101653.8683649392
2025-02-02 10:00:00,925.6060095188404,740.4848076150724,185.1212019037681,8.39102479109371,14.076690648650738,101318.97157586388
2025-02-02 11:00:00,845.1640504077441,676.1312403261953,169.03281008154883,9.476228539496526,13.79829644452551,100674.93757260556
2025-02-02 12:00:00,870.9027239459409,696.7221791567528,174.1805447891882,9.069591633423556,13.1580521816802,100849.77754445504
2025-02-02 13:00:00,831.6079158829621,665.2863327063696,166.3215831765924,7.922425011627761,15.0,101752.73869295188
2025-02-02 14:00:00,892.6457607185321,714.1166085748257,178.52915214370643,9.448363462533331,12.827642751159802,100689.32329911875
2025-02-02 15:00:00,956.4148266964437,765.131861357155,191.28296533928875,9.542377441827039,14.015913603740373,102392.97138608628
2025-02-02 16:00:00,917.8353499431724,734.268279954538,183.5670699886345,9.259383418751032,14.332600312999453,100787.11989634168
2025-02-02 17:00:00,952.6444984388554,762.1155987510843,190.5288996877711,7.8412704923077765,11.984882517733551,101422.92114668894
2025-02-02 18:00:00,858.8796687223708,687.1037349778967,171.77593374447417,10.7174254002834,14.885055376440107,100044.43246850245
2025-02-02 19:00:00,867.7718455052644,694.2174764042115,173.55436910105288,10.663034756861002,13.809297825927656,101283.27924859161
2025-02-02 20:00:00,890.3829152001545,712.3063321601236,178.0765830400309,10.667796121326347,14.401124887739975,101057.57049714912
2025-02-02 21:00:00,943.9992446217709,755.1993956974168,188.7998489243542,10.379675957327485,13.863237101664483,101558.889467669
2025-02-02 22:00:00,934.8861891625565,747.9089513300453,186.97723783251132,8.835242631773628,12.677106021904782,101413.36950310801
2025-02-02 23:00:00,917.9780645579912,734.382451646393,183.59561291159824,10.251943637548989,14.424845945263982,101149.39725482656
2025-02-03 00:00:00,951.5353276389911,761.228262111193,190.30706552779824,9.238103181831512,14.350617295329927,102389.61388434909
2025-02-03 01:00:00,914.4788224663362,731.583057973069,182.89576449326725,12.0,15.0,101699.90228573594
2025-02-03 02:00:00,922.600919669075,738.0807357352601,184.52018393381502,9.717539172865955,14.753125496509172,100948.33396624312
2025-02-03 03:00:00,990.5307701259453,792.4246161007563,198.10615402518908,10.941501519723271,12.611620525753308,101487.64354385431
2025-02-03 04:00:00,897.5709368646336,718.0567494917069,179.51418737292673,8.756884409179328,15.0,99871.09390451094
2025-02-03 05:00:00,937.597200769887,750.0777606159096,187.5194401539774,9.164899880662896,15.0,101019.73677606414
2025-02-03 06:00:00,1000.0,800.0,200.0,9.84288377466322,15.0,101931.76360332398
2025-02-03 07:00:00,936.6660979811957,749.3328783849565,187.33321959623913,11.116412301702185,14.84373064859965,101031.90168386589
2025-02-03 08:00:00,968.4274279487453,774.7419423589963,193.68548558974908,10.995745416917684,13.668542583080493,101381.06086696041
2025-02-03 09:00:00,904.277874206554,723.4222993652432,180.8555748413108,10.770154693694268,14.921740183496217,100732.01950901697
2025-02-03 10:00:00,1000.0,800.0,200.0,8.661571328213249,14.039748052779156,101699.9979016638
2025-02-03 11:00:00,825.1046665445657,660.0837332356526,165.02093330891316,11.680207103920786,15.0,101365.52717961151
2025-02-03 12:00:00,882.332127567742,705.8657020541937,176.46642551354842,9.655554560964491,14.196590584057747,101306.00471744983
2025-02-03 13:00:00,887.8012357677616,710.2409886142093,177.56024715355233,12.0,13.338641047368906,101772.99794078367
2025-02-03 14:00:00,1000.0,800.0,200.0,12.0,14.121988170325295,102123.52130201225
2025-02-03 15:00:00,960.9574584498989,768.7659667599191,192.19149168997978,11.504714450188295,15.0,101703.72804049352
2025-02-03 16:00:00,931.6117473003964,745.2893978403172,186.3223494600793,11.69855469531206,13.920268147116314,100438.7214564556
2025-02-03 17:00:00,882.0180050044944,705.6144040035956,176.4036010008989,9.480099706820578,12.060599533362435,101501.96953258508
2025-02-03 18:00:00,965.6732431487698,772.5385945190159,193.13464862975397,12.0,15.0,101434.61258683584
2025-02-03 19:00:00,954.5124310611875,763.60994484895,190.9024862122375,11.020754964537977,14.858829316263288,100729.86985627294
2025-02-03 20:00:00,915.4892600964351,732.3914080771482,183.09785201928705,11.83292427677971,14.048699082267209,100494.61964464773
2025-02-03 21:00:00,876.8713740743746,701.4970992594997,175.37427481487492,10.004860461757108,15.0,101096.62570385226
2025-02-03 22:00:00,897.6028368687482,718.0822694949986,179.52056737374966,10.827574548730441,13.647920834817144,101150.11521242524
2025-02-03 23:00:00,964.6873209288618,771.7498567430895,192.93746418577237,9.734917198293786,13.410414577951736,101265.58853141704
2025-02-04 00:00:00,970.8261230536076,776.6608984428862,194.16522461072154,10.710760369107014,15.0,100931.88602698121
2025-02-04 01:00:00,960.1745869490913,768.1396695592731,192.03491738981828,10.994575855037553,14.092815935131489,101376.07645213198
2025-02-04 02:00:00,950.1628747320918,760.1302997856735,190.03257494641838,11.263055429323888,15.0,101444.34522246294
2025-02-04 03:00:00,870.5128825201884,696.4103060161508,174.1025765040377,12.0,14.64511647704968,101152.38430758953
2025-02-04 04:00:00,962.5786944382138,770.0629555505711,192.51573888764278,11.54326993406195,15.0,101488.4947251972
2025-02-04 05:00:00,909.686730479856,727.7493843838848,181.9373460959712,11.333213508898348,14.7650771057444,101002.72965910418
2025-02-04 06:00:00,964.5590715573001,771.6472572458401,192.91181431146003,11.154714741098932,12.618979059691858,100509.89481063253
2025-02-04 07:00:00,986.8610082957139,789.4888066365711,197.37220165914277,12.0,15.0,101291.8634107437
2025-02-04 08:00:00,930.9413732043835,744.7530985635068,186.1882746408767,10.589383995339439,14.216025054301607,101735.08917850576
2025-02-04 09:00:00,914.6810414460074,731.744833156806,182.9362082892015,12.0,15.0,102643.66394250806
2025-02-04 10:00:00,1000.0,800.0,200.0,9.257983597273004,14.825102610948237,100231.87498919979
2025-02-04 11:00:00,985.5814523980795,788.4651619184637,197.1162904796159,10.366297584289144,15.0,101042.14612212006
2025-02-04 12:00:00,937.2128746121443,749.7702996897156,187.4425749224289,11.679059505164211,14.418905678049818,100856.75272369066
2025-02-04 13:00:00,820.0635855238532,656.0508684190827,164.01271710477067,11.131603536953888,12.686483979144619,101429.1316866139
2025-02-04 14:00:00,968.6410142777318,774.9128114221854,193.72820285554636,12.0,14.433069647775316,100856.23921217737
2025-02-04 15:00:00,1000.0,800.0,200.0,12.0,15.0,101357.55915314329
2025-02-04 16:00:00,1000.0,800.0,200.0,9.843500963361489,14.431028079495553,101789.23917564802
2025-02-04 17:00:00,940.1537626278816,752.1230101023053,188.03075252557633,10.314377709681239,14.314870319687916,100920.65870973647
2025-02-04 18:00:00,942.843534706016,754.2748277648129,188.56870694120323,11.265339138738147,15.0,101259.01363016084
2025-02-04 19:00:00,953.7806483832055,763.0245187065644,190.7561296766411,12.0,14.649239092168788,102104.09699112624
2025-02-04 20:00:00,1000.0,800.0,200.0,12.0,15.0,101738.66563772644
2025-02-04 21:00:00,918.9995472305574,735.1996377844459,183.79990944611149,11.798977905945613,14.967462274028993,100487.23350705179
2025-02-04 22:00:00,972.9701234327998,778.3760987462399,194.59402468655998,10.07786515005863,13.381345722515078,102333.55769854283
2025-02-04 23:00:00,933.1877654051166,746.5502123240933,186.63755308102333,10.668258584524473,13.89517007103007,100956.83135988672
2025-02-05 00:00:00,993.7459298962557,794.9967439170046,198.74918597925114,8.848670697407478,14.530513154860893,101449.48685081046
2025-02-05 01:00:00,903.410257621804,722.7282060974433,180.68205152436082,10.01694003763948,15.0,101091.36994512522
2025-02-05 02:00:00,1000.0,800.0,200.0,11.999502912052531,14.04929840441457,101071.00246333721
2025-02-05 03:00:00,957.9114823231475,766.329185858518,191.5822964646295,12.0,13.453949535399193,100952.08798619974
2025-02-05 04:00:00,972.3152333192438,777.8521866553951,194.4630466638488,10.306953900436717,13.860602906379281,101609.15103152994
2025-02-05 05:00:00,1000.0,800.0,200.0,11.73714443000891,14.360709333137695,100911.97595911185
2025-02-05 06:00:00,1000.0,800.0,200.0,12.0,14.005367757697114,100669.95821441164
2025-02-05 07:00:00,900.8822061769109,720.7057649415287,180.17644123538219,11.827499782121162,14.313593525373811,101015.1141661238
2025-02-05 08:00:00,1000.0,800.0,200.0,11.374687520466166,15.0,101299.56429410545
2025-02-05 09:00:00,1000.0,800.0,200.0,12.0,15.0,100297.28114242994
2025-02-05 10:00:00,973.0527638171624,778.4422110537299,194.61055276343248,12.0,14.09941203225165,101696.74226399323
2025-02-05 11:00:00,1000.0,800.0,200.0,11.809676169159843,14.912871428268172,100941.74395233142
2025-02-05 12:00:00,998.5021264570087,798.801701165607,199.70042529140176,11.20870317974569,15.0,101662.14788254137
2025-02-05 13:00:00,1000.0,800.0,200.0,11.334392032926049,15.0,101991.76637801924
2025-02-05 14:00:00,960.6416601016347,768.5133280813078,192.12833202032695,11.86331893485882,14.83939200593327,101458.28755242216
2025-02-05 15:00:00,947.5243648615921,758.0194918892737,189.50487297231842,11.237499033414611,13.590671805989517,101568.57167120198
2025-02-05 16:00:00,1000.0,800.0,200.0,12.0,13.252284480691388,101076.29115647604
2025-02-05 17:00:00,1000.0,800.0,200.0,12.0,14.615438878077985,100966.46574537516
2025-02-05 18:00:00,1000.0,800.0,200.0,12.0,14.855339035915224,100354.26151561685
2025-02-05 19:00:00,1000.0,800.0,200.0,12.0,13.342035477196243,101205.42350184216
2025-02-05 20:00:00,969.7955801782508,775.8364641426007,193.95911603565017,12.0,13.633345306420807,101029.02697446174
2025-02-05 21:00:00,927.70489476829,742.1639158146321,185.54097895365803,12.0,14.933741875089652,100118.44260009611
2025-02-05 22:00:00,983.1198315295765,786.4958652236612,196.6239663059153,12.0,12.761980639055789,101438.61025743884
2025-02-05 23:00:00,1000.0,800.0,200.0,11.688871587821021,13.259670090526164,102061.08667170025
2025-02-06 00:00:00,902.2520171817005,721.8016137453604,180.4504034363401,12.0,14.935859523849253,101503.575067906
2025-02-06 01:00:00,970.9102496177193,776.7281996941755,194.18204992354387,11.2273678903008,15.0,101883.3804481588
2025-02-06 02:00:00,900.333449272368,720.2667594178944,180.0666898544736,11.290677111259228,15.0,101168.24127825617
2025-02-06 03:00:00,1000.0,800.0,200.0,11.049414439736838,15.0,100794.73424678708
2025-02-06 04:00:00,1000.0,800.0,200.0,12.0,15.0,101335.13789194702
2025-02-06 05:00:00,934.9685384384527,747.9748307507622,186.99370768769055,12.0,15.0,101129.90275270512
2025-02-06 06:00:00,976.9481408443618,781.5585126754895,195.38962816887238,12.0,14.744328053000638,100735.44435531214
2025-02-06 07:00:00,1000.0,800.0,200.0,11.7243994559703,15.0,101818.8629075484
2025-02-06 08:00:00,993.5660509685598,794.8528407748479,198.71321019371197,10.221808257162598,15.0,101387.7950450184
2025-02-06 09:00:00,936.286102885131,749.0288823081048,187.2572205770262,12.0,15.0,100975.63276660231
2025-02-06 10:00:00,932.6766460488047,746.1413168390438,186.53532920976096,12.0,14.21192248139451,101401.43005340194
2025-02-06 11:00:00,897.9806757143452,718.3845405714762,179.59613514286906,12.0,15.0,101229.46363910941
2025-02-06 12:00:00,1000.0,800.0,200.0,11.844671366726981,12.935701606533739,101612.81188025529
2025-02-06 13:00:00,961.8001305284264,769.4401044227411,192.36002610568528,12.0,14.6996860362277,102101.81502705347
2025-02-06 14:00:00,1000.0,800.0,200.0,12.0,12.544840861022996,100995.3032515142
2025-02-06 15:00:00,1000.0,800.0,200.0,11.924200835875073,14.616148784030212,100708.11746124715
2025-02-06 16:00:00,966.5605301651395,773.2484241321117,193.31210603302793,10.573335824342806,15.0,101994.07594755583
2025-02-06 17:00:00,973.2805190573342,778.6244152458675,194.65610381146686,11.431812436797646,15.0,102502.48871325773
2025-02-06 18:00:00,1000.0,800.0,200.0,11.832684627176649,15.0,101000.93982671307
2025-02-06 19:00:00,1000.0,800.0,200.0,10.19932035499297,15.0,100850.32001587171
2025-02-06 20:00:00,1000.0,800.0,200.0,12.0,15.0,100706.43877992967
2025-02-06 21:00:00,917.6097267258353,734.0877813806683,183.52194534516707,11.234939607166982,14.744709347233835,101302.22685951498
2025-02-06 22:00:00,1000.0,800.0,200.0,12.0,15.0,101360.09338306716
2025-02-06 23:00:00,956.233713181763,764.9869705454105,191.24674263635262,12.0,15.0,101176.19123749084
