,Load_kW
2025-01-07 00:00:00,4.097730051879276
2025-01-07 01:00:00,4.027608865388245
2025-01-07 02:00:00,4.065971240996711
2025-01-07 03:00:00,4.074214770172586
2025-01-07 04:00:00,4.166731592598661
2025-01-07 05:00:00,4.010047767052795
2025-01-07 06:00:00,8.130953507740362
2025-01-07 07:00:00,8.105855870858829
2025-01-07 08:00:00,8.21320538024604
2025-01-07 09:00:00,8.243269648231458
2025-01-07 10:00:00,8.219137134452469
2025-01-07 11:00:00,8.031079188573793
2025-01-07 12:00:00,8.280246415910776
2025-01-07 13:00:00,8.203056743335832
2025-01-07 14:00:00,8.028850027026097
2025-01-07 15:00:00,8.014644798220331
2025-01-07 16:00:00,8.060111598679558
2025-01-07 17:00:00,15.229634501775841
2025-01-07 18:00:00,15.096031067811266
2025-01-07 19:00:00,15.4301250688699
2025-01-07 20:00:00,15.442858632384711
2025-01-07 21:00:00,15.328607697049803
2025-01-07 22:00:00,15.317339090974986
2025-01-07 23:00:00,15.298339155891714
2025-01-08 00:00:00,4.179097314112283
2025-01-08 01:00:00,4.103096742806628
2025-01-08 02:00:00,4.003009837517295
2025-01-08 03:00:00,4.047588329039707
2025-01-08 04:00:00,4.114582778277471
2025-01-08 05:00:00,4.164211157421842
2025-01-08 06:00:00,8.065096438513303
2025-01-08 07:00:00,8.097396713052845
2025-01-08 08:00:00,8.291128896758487
2025-01-08 09:00:00,8.236369133819064
2025-01-08 10:00:00,8.205662124648704
2025-01-08 11:00:00,8.065260403388319
2025-01-08 12:00:00,8.260248396290793
2025-01-08 13:00:00,8.126557028467076
2025-01-08 14:00:00,8.180559989392073
2025-01-08 15:00:00,8.295288753022968
2025-01-08 16:00:00,8.046385275204955
2025-01-08 17:00:00,15.150031240047444
2025-01-08 18:00:00,15.238159949088974
2025-01-08 19:00:00,15.033579201394037
2025-01-08 20:00:00,15.058300902053753
2025-01-08 21:00:00,15.208359962987616
2025-01-08 22:00:00,15.00622020069793
2025-01-08 23:00:00,15.317358706304793
2025-01-09 00:00:00,4.055475127792011
2025-01-09 01:00:00,4.188513426445137
2025-01-09 02:00:00,4.014855245429856
2025-01-09 03:00:00,4.058666915530445
2025-01-09 04:00:00,4.006846703878859
2025-01-09 05:00:00,4.048595625496312
2025-01-09 06:00:00,8.22722722598653
2025-01-09 07:00:00,8.289309191894661
2025-01-09 08:00:00,8.28471846718527
2025-01-09 09:00:00,8.265148453764256
2025-01-09 10:00:00,8.173388794208915
2025-01-09 11:00:00,8.040413866054914
2025-01-09 12:00:00,8.179596373696896
2025-01-09 13:00:00,8.028911615205352
2025-01-09 14:00:00,8.169539062386379
2025-01-09 15:00:00,8.203408870939514
2025-01-09 16:00:00,8.230067830561257
2025-01-09 17:00:00,15.167092232183975
2025-01-09 18:00:00,15.214125901932412
2025-01-09 19:00:00,15.444547072693137
2025-01-09 20:00:00,15.0311844920444
2025-01-09 21:00:00,15.043878276798639
2025-01-09 22:00:00,15.046118180084424
2025-01-09 23:00:00,15.208572006045546
2025-01-10 00:00:00,4.0684969386964145
2025-01-10 01:00:00,4.020060394895213
2025-01-10 02:00:00,4.13583296927897
2025-01-10 03:00:00,4.195067266739284
2025-01-10 04:00:00,4.015718012075838
2025-01-10 05:00:00,4.063467849157908
2025-01-10 06:00:00,8.161658944986195
2025-01-10 07:00:00,8.286971375471683
2025-01-10 08:00:00,8.128118853725821
2025-01-10 09:00:00,8.127529762137062
2025-01-10 10:00:00,8.026083143115862
2025-01-10 11:00:00,8.186737232286513
2025-01-10 12:00:00,8.232133294497675
2025-01-10 13:00:00,8.245825260392664
2025-01-10 14:00:00,8.039101257554941
2025-01-10 15:00:00,8.20761950188499
2025-01-10 16:00:00,8.239185569357133
2025-01-10 17:00:00,15.117344565912877
2025-01-10 18:00:00,15.356529986863304
2025-01-10 19:00:00,15.146853121116948
2025-01-10 20:00:00,15.432399338011962
2025-01-10 21:00:00,15.11482351388537
2025-01-10 22:00:00,15.327157189222758
2025-01-10 23:00:00,15.486678337518294
2025-01-11 00:00:00,4.016419767328386
2025-01-11 01:00:00,4.02661326101912
2025-01-11 02:00:00,4.04099068983342
2025-01-11 03:00:00,4.118924680585619
2025-01-11 04:00:00,4.030468540643459
2025-01-11 05:00:00,4.145910989196865
2025-01-11 06:00:00,8.133108583182366
2025-01-11 07:00:00,8.23422320629357
2025-01-11 08:00:00,8.27581600236776
2025-01-11 09:00:00,8.107048333397426
2025-01-11 10:00:00,8.266297057008543
2025-01-11 11:00:00,8.027623194564597
2025-01-11 12:00:00,8.054713652779519
2025-01-11 13:00:00,8.051653259861578
2025-01-11 14:00:00,8.242990521538138
2025-01-11 15:00:00,8.089312773606363
2025-01-11 16:00:00,8.212532014986072
2025-01-11 17:00:00,15.23506269202541
2025-01-11 18:00:00,15.130633005756671
2025-01-11 19:00:00,15.061354567834002
2025-01-11 20:00:00,15.083828653034773
2025-01-11 21:00:00,15.134659573419464
2025-01-11 22:00:00,15.104187114853573
2025-01-11 23:00:00,15.275882541845814
2025-01-12 00:00:00,4.109500868219577
2025-01-12 01:00:00,4.132679934619317
2025-01-12 02:00:00,4.119909271021549
2025-01-12 03:00:00,4.1991809023275195
2025-01-12 04:00:00,4.052687163122163
2025-01-12 05:00:00,4.191669524717752
2025-01-12 06:00:00,8.25653489085769
2025-01-12 07:00:00,8.087941346726733
2025-01-12 08:00:00,8.052864526848849
2025-01-12 09:00:00,8.208226362680682
2025-01-12 10:00:00,8.034296042699356
2025-01-12 11:00:00,8.03799228094859
2025-01-12 12:00:00,8.259739108303462
2025-01-12 13:00:00,8.207410679158286
2025-01-12 14:00:00,8.159053411975098
2025-01-12 15:00:00,8.187058814429777
2025-01-12 16:00:00,8.005909031726802
2025-01-12 17:00:00,15.049370971324226
2025-01-12 18:00:00,15.158766777298576
2025-01-12 19:00:00,15.34825229539666
2025-01-12 20:00:00,15.445623306163165
2025-01-12 21:00:00,15.357508655180926
2025-01-12 22:00:00,15.216722202736143
2025-01-12 23:00:00,15.190744723835717
2025-01-13 00:00:00,4.033015434487238
2025-01-13 01:00:00,4.108365286485279
2025-01-13 02:00:00,4.176973201979468
2025-01-13 03:00:00,4.048308331160018
2025-01-13 04:00:00,4.118867784046029
2025-01-13 05:00:00,4.096348760114418
2025-01-13 06:00:00,8.065789083061158
2025-01-13 07:00:00,8.14737054904592
2025-01-13 08:00:00,8.119674941298541
2025-01-13 09:00:00,8.18314223029075
2025-01-13 10:00:00,8.167218504059846
2025-01-13 11:00:00,8.225243222282517
2025-01-13 12:00:00,8.139605238714102
2025-01-13 13:00:00,8.056589401647269
2025-01-13 14:00:00,8.248969711828227
2025-01-13 15:00:00,8.174209049586208
2025-01-13 16:00:00,8.27192848049558
2025-01-13 17:00:00,15.267850579675924
2025-01-13 18:00:00,15.387662429181589
2025-01-13 19:00:00,15.081394858620143
2025-01-13 20:00:00,15.360026508306612
2025-01-13 21:00:00,15.00728514825344
2025-01-13 22:00:00,15.142058590715923
2025-01-13 23:00:00,15.08664883434695
2025-01-14 00:00:00,4.029081400171521
2025-01-14 01:00:00,4.174399717138263
2025-01-14 02:00:00,4.020406216295273
2025-01-14 03:00:00,4.166962901971137
2025-01-14 04:00:00,4.137007382186242
2025-01-14 05:00:00,4.176050936207418
2025-01-14 06:00:00,8.182533516483051
2025-01-14 07:00:00,8.089104207418872
2025-01-14 08:00:00,8.12027875732098
2025-01-14 09:00:00,8.278351659094756
2025-01-14 10:00:00,8.138945818966471
2025-01-14 11:00:00,8.105002235507168
2025-01-14 12:00:00,8.109477610388799
2025-01-14 13:00:00,8.13437542964318
2025-01-14 14:00:00,8.126611184801263
2025-01-14 15:00:00,8.204608667834364
2025-01-14 16:00:00,8.169760657890974
2025-01-14 17:00:00,15.456667058713345
2025-01-14 18:00:00,15.390693794969021
2025-01-14 19:00:00,15.482935115433275
2025-01-14 20:00:00,15.140466255608224
2025-01-14 21:00:00,15.305489140683864
2025-01-14 22:00:00,15.239612113956419
2025-01-14 23:00:00,15.12659475454715
2025-01-15 00:00:00,4.003746255551658
2025-01-15 01:00:00,4.050673240672723
2025-01-15 02:00:00,4.15916358886275
2025-01-15 03:00:00,4.11306090985371
2025-01-15 04:00:00,4.035475960489411
2025-01-15 05:00:00,4.1525675564331985
2025-01-15 06:00:00,8.12321906332206
2025-01-15 07:00:00,8.023278171424753
2025-01-15 08:00:00,8.23100127618363
2025-01-15 09:00:00,8.13583630474223
2025-01-15 10:00:00,8.206697309990169
2025-01-15 11:00:00,8.20725209099757
2025-01-15 12:00:00,8.26291129965427
2025-01-15 13:00:00,8.083902186571816
2025-01-15 14:00:00,8.023385769919502
2025-01-15 15:00:00,8.166411656940399
2025-01-15 16:00:00,8.195025500537128
2025-01-15 17:00:00,15.027322448432892
2025-01-15 18:00:00,15.00911541634876
2025-01-15 19:00:00,15.315791577248456
2025-01-15 20:00:00,15.229494664410874
2025-01-15 21:00:00,15.074447895606351
2025-01-15 22:00:00,15.130592831427213
2025-01-15 23:00:00,15.43581712246821
2025-01-16 00:00:00,4.030591722319729
2025-01-16 01:00:00,4.104891256182705
2025-01-16 02:00:00,4.034603283818184
2025-01-16 03:00:00,4.104291587052446
2025-01-16 04:00:00,4.0791338664517225
2025-01-16 05:00:00,4.079089866316459
2025-01-16 06:00:00,8.056591918302534
2025-01-16 07:00:00,8.169379691120303
2025-01-16 08:00:00,8.043420901598774
2025-01-16 09:00:00,8.272402473215434
2025-01-16 10:00:00,8.147485756669548
2025-01-16 11:00:00,8.082313797913413
2025-01-16 12:00:00,8.150189463131852
2025-01-16 13:00:00,8.157185729002332
2025-01-16 14:00:00,8.261109670122439
2025-01-16 15:00:00,8.197968820713982
2025-01-16 16:00:00,8.288405739384125
2025-01-16 17:00:00,15.116227943919355
2025-01-16 18:00:00,15.287160214193745
2025-01-16 19:00:00,15.114813504121935
2025-01-16 20:00:00,15.151976101538294
2025-01-16 21:00:00,15.316011398759976
2025-01-16 22:00:00,15.203002674339702
2025-01-16 23:00:00,15.379243196945328
2025-01-17 00:00:00,4.10044676598575
2025-01-17 01:00:00,4.112447647494503
2025-01-17 02:00:00,4.010497688236521
2025-01-17 03:00:00,4.084111298798693
2025-01-17 04:00:00,4.068948873446595
2025-01-17 05:00:00,4.186228431321983
2025-01-17 06:00:00,8.216465968934063
2025-01-17 07:00:00,8.138477494965493
2025-01-17 08:00:00,8.126180150655516
2025-01-17 09:00:00,8.246046007677151
2025-01-17 10:00:00,8.293104646082925
2025-01-17 11:00:00,8.098562063082635
2025-01-17 12:00:00,8.175813944000694
2025-01-17 13:00:00,8.044345175423327
2025-01-17 14:00:00,8.035218503568293
2025-01-17 15:00:00,8.089102171416082
2025-01-17 16:00:00,8.269166813158604
2025-01-17 17:00:00,15.407192679561797
2025-01-17 18:00:00,15.10418792577827
2025-01-17 19:00:00,15.06498642627167
2025-01-17 20:00:00,15.457119288362854
2025-01-17 21:00:00,15.036344478661405
2025-01-17 22:00:00,15.378838837866201
2025-01-17 23:00:00,15.095556576010626
2025-01-18 00:00:00,4.147807999476632
2025-01-18 01:00:00,4.092292196659062
2025-01-18 02:00:00,4.02617847075708
2025-01-18 03:00:00,4.055663273682791
2025-01-18 04:00:00,4.14508502358686
2025-01-18 05:00:00,4.071483353527326
2025-01-18 06:00:00,8.141234304975237
2025-01-18 07:00:00,8.294270974229576
2025-01-18 08:00:00,8.01720711662623
2025-01-18 09:00:00,8.258913997919157
2025-01-18 10:00:00,8.243904813657728
2025-01-18 11:00:00,8.188697454324931
2025-01-18 12:00:00,8.023440748202399
2025-01-18 13:00:00,8.223410003066983
2025-01-18 14:00:00,8.069668326968058
2025-01-18 15:00:00,8.003939624644799
2025-01-18 16:00:00,8.236585366065857
2025-01-18 17:00:00,15.34585281162009
2025-01-18 18:00:00,15.067904185085242
2025-01-18 19:00:00,15.406058960850517
2025-01-18 20:00:00,15.098271224497848
2025-01-18 21:00:00,15.110463755441423
2025-01-18 22:00:00,15.1838865407164
2025-01-18 23:00:00,15.138424001821912
2025-01-19 00:00:00,4.183760924246683
2025-01-19 01:00:00,4.0264125037638685
2025-01-19 02:00:00,4.194979308082006
2025-01-19 03:00:00,4.189243557327489
2025-01-19 04:00:00,4.176343736638282
2025-01-19 05:00:00,4.066777534210505
2025-01-19 06:00:00,8.125937356477076
2025-01-19 07:00:00,8.067295076623937
2025-01-19 08:00:00,8.198923218042212
2025-01-19 09:00:00,8.285058924168245
2025-01-19 10:00:00,8.068348725835335
2025-01-19 11:00:00,8.105899286845691
2025-01-19 12:00:00,8.014734859336704
2025-01-19 13:00:00,8.162695848810166
2025-01-19 14:00:00,8.238200294327406
2025-01-19 15:00:00,8.022784952795137
2025-01-19 16:00:00,8.293316646114697
2025-01-19 17:00:00,15.238761544490801
2025-01-19 18:00:00,15.346656530668762
2025-01-19 19:00:00,15.27555690732479
2025-01-19 20:00:00,15.069430821085966
2025-01-19 21:00:00,15.147773957724656
2025-01-19 22:00:00,15.334153148278178
2025-01-19 23:00:00,15.261420135652726
2025-01-20 00:00:00,4.009036937806964
2025-01-20 01:00:00,4.0781251566327015
2025-01-20 02:00:00,4.0751437663159535
2025-01-20 03:00:00,4.121709207268423
2025-01-20 04:00:00,4.011333148756827
2025-01-20 05:00:00,4.040800134126149
2025-01-20 06:00:00,8.069859958246175
2025-01-20 07:00:00,8.24173712680446
2025-01-20 08:00:00,8.251749794062327
2025-01-20 09:00:00,8.262442929533549
2025-01-20 10:00:00,8.182003521701175
2025-01-20 11:00:00,8.025363772256936
2025-01-20 12:00:00,8.270210501802822
2025-01-20 13:00:00,8.049881492763243
2025-01-20 14:00:00,8.2566980229935
2025-01-20 15:00:00,8.234869414617249
2025-01-20 16:00:00,8.215693388361485
2025-01-20 17:00:00,15.47903953553302
2025-01-20 18:00:00,15.197137352491616
2025-01-20 19:00:00,15.232281097517346
2025-01-20 20:00:00,15.414425435083167
2025-01-20 21:00:00,15.100870320692106
2025-01-20 22:00:00,15.416965139632223
2025-01-20 23:00:00,15.471251801265113
2025-01-21 00:00:00,4.118543397906378
2025-01-21 01:00:00,4.145554492498987
2025-01-21 02:00:00,4.1403530794893495
2025-01-21 03:00:00,4.194828111392763
2025-01-21 04:00:00,4.131070495678655
2025-01-21 05:00:00,4.097083322621243
2025-01-21 06:00:00,8.110671821108728
2025-01-21 07:00:00,8.296420575284088
2025-01-21 08:00:00,8.236534797424897
2025-01-21 09:00:00,8.024891282001951
2025-01-21 10:00:00,8.02715186097772
2025-01-21 11:00:00,8.094078538907194
2025-01-21 12:00:00,8.230308647486755
2025-01-21 13:00:00,8.15499599920114
2025-01-21 14:00:00,8.228767472024586
2025-01-21 15:00:00,8.212322181235715
2025-01-21 16:00:00,8.121469780079316
2025-01-21 17:00:00,15.310556363879689
2025-01-21 18:00:00,15.358770359350665
2025-01-21 19:00:00,15.245052689916072
2025-01-21 20:00:00,15.065120036638591
2025-01-21 21:00:00,15.042078420439212
2025-01-21 22:00:00,15.213816382889073
2025-01-21 23:00:00,15.38030936858375
2025-01-22 00:00:00,4.091576684397387
2025-01-22 01:00:00,4.054112615619632
2025-01-22 02:00:00,4.007415842604382
2025-01-22 03:00:00,4.140748147349223
2025-01-22 04:00:00,4.091040948064696
2025-01-22 05:00:00,4.115406649694867
2025-01-22 06:00:00,8.163559663744547
2025-01-22 07:00:00,8.178294319904078
2025-01-22 08:00:00,8.110866814069007
2025-01-22 09:00:00,8.043521049127431
2025-01-22 10:00:00,8.235811279650196
2025-01-22 11:00:00,8.106411211949318
2025-01-22 12:00:00,8.159510785906383
2025-01-22 13:00:00,8.132394418573861
2025-01-22 14:00:00,8.042948091564758
2025-01-22 15:00:00,8.237156927234798
2025-01-22 16:00:00,8.04003087192904
2025-01-22 17:00:00,15.268371057290468
2025-01-22 18:00:00,15.345213391967865
2025-01-22 19:00:00,15.343182443359565
2025-01-22 20:00:00,15.033974960327294
2025-01-22 21:00:00,15.43507190440095
2025-01-22 22:00:00,15.025605651310789
2025-01-22 23:00:00,15.080373949889482
2025-01-23 00:00:00,4.1001093027994
2025-01-23 01:00:00,4.035779560789345
2025-01-23 02:00:00,4.173681217262408
2025-01-23 03:00:00,4.098748660187433
2025-01-23 04:00:00,4.049644721204059
2025-01-23 05:00:00,4.121109272091752
2025-01-23 06:00:00,8.17777811272905
2025-01-23 07:00:00,8.090124693098293
2025-01-23 08:00:00,8.256872020714681
2025-01-23 09:00:00,8.20827273456386
2025-01-23 10:00:00,8.235861193196675
2025-01-23 11:00:00,8.134780641991702
2025-01-23 12:00:00,8.098082812470048
2025-01-23 13:00:00,8.02598253086141
2025-01-23 14:00:00,8.282751821195445
2025-01-23 15:00:00,8.28409760719347
2025-01-23 16:00:00,8.039821652386031
2025-01-23 17:00:00,15.07207571039313
2025-01-23 18:00:00,15.122329962179872
2025-01-23 19:00:00,15.20142871605539
2025-01-23 20:00:00,15.03355942986423
2025-01-23 21:00:00,15.315616773400038
2025-01-23 22:00:00,15.18708227920086
2025-01-23 23:00:00,15.13328918470311
2025-01-24 00:00:00,4.097017002168226
2025-01-24 01:00:00,4.051304307379174
2025-01-24 02:00:00,4.0106000059343145
2025-01-24 03:00:00,4.135241827547305
2025-01-24 04:00:00,4.0351534674696925
2025-01-24 05:00:00,4.19066511868226
2025-01-24 06:00:00,8.169745673381813
2025-01-24 07:00:00,8.095087358298834
2025-01-24 08:00:00,8.112008115497227
2025-01-24 09:00:00,8.234466023238248
2025-01-24 10:00:00,8.060004514398456
2025-01-24 11:00:00,8.286242804864022
2025-01-24 12:00:00,8.284641664790097
2025-01-24 13:00:00,8.278224039042737
2025-01-24 14:00:00,8.075052985797589
2025-01-24 15:00:00,8.129618807083418
2025-01-24 16:00:00,8.25521112546508
2025-01-24 17:00:00,15.37440296146497
2025-01-24 18:00:00,15.398134630555493
2025-01-24 19:00:00,15.283650122865943
2025-01-24 20:00:00,15.213819393403611
2025-01-24 21:00:00,15.031654023596886
2025-01-24 22:00:00,15.232058187399712
2025-01-24 23:00:00,15.038024101591576
2025-01-25 00:00:00,4.118132913857659
2025-01-25 01:00:00,4.020970524051396
2025-01-25 02:00:00,4.055769325288552
2025-01-25 03:00:00,4.044831178749415
2025-01-25 04:00:00,4.1984301206834775
2025-01-25 05:00:00,4.068657666440499
2025-01-25 06:00:00,8.029181457877222
2025-01-25 07:00:00,8.239038362196876
2025-01-25 08:00:00,8.201725599193969
2025-01-25 09:00:00,8.27594922852498
2025-01-25 10:00:00,8.165548145955118
2025-01-25 11:00:00,8.215437185143655
2025-01-25 12:00:00,8.104244295804
2025-01-25 13:00:00,8.110645749209063
2025-01-25 14:00:00,8.160273550778928
2025-01-25 15:00:00,8.106181737132207
2025-01-25 16:00:00,8.09987761425506
2025-01-25 17:00:00,15.335949688600172
2025-01-25 18:00:00,15.426054965402203
2025-01-25 19:00:00,15.22266097641409
2025-01-25 20:00:00,15.027820196086124
2025-01-25 21:00:00,15.116381720855466
2025-01-25 22:00:00,15.307362133482803
2025-01-25 23:00:00,15.185250095935192
2025-01-26 00:00:00,4.07935823989403
2025-01-26 01:00:00,4.070037531275313
2025-01-26 02:00:00,4.118522044146156
2025-01-26 03:00:00,4.158505714876942
2025-01-26 04:00:00,4.005767407060794
2025-01-26 05:00:00,4.0909910131780505
2025-01-26 06:00:00,8.144775972012331
2025-01-26 07:00:00,8.079281985506208
2025-01-26 08:00:00,8.005603610141215
2025-01-26 09:00:00,8.063972314826168
2025-01-26 10:00:00,8.029766568335488
2025-01-26 11:00:00,8.020892249933196
2025-01-26 12:00:00,8.166401371378722
2025-01-26 13:00:00,8.176948293796702
2025-01-26 14:00:00,8.074615718123782
2025-01-26 15:00:00,8.020159250556228
2025-01-26 16:00:00,8.01400819468215
2025-01-26 17:00:00,15.03401329609888
2025-01-26 18:00:00,15.000036240095826
2025-01-26 19:00:00,15.080379856556439
2025-01-26 20:00:00,15.020651776047291
2025-01-26 21:00:00,15.10007537384275
2025-01-26 22:00:00,15.247426270641963
2025-01-26 23:00:00,15.106431515929394
2025-01-27 00:00:00,4.03573704321147
2025-01-27 01:00:00,4.014018687089834
2025-01-27 02:00:00,4.102424870260499
2025-01-27 03:00:00,4.175237840007181
2025-01-27 04:00:00,4.023828917660326
2025-01-27 05:00:00,4.196058590300365
2025-01-27 06:00:00,8.06156507596541
2025-01-27 07:00:00,8.115401504685547
2025-01-27 08:00:00,8.037818187463989
2025-01-27 09:00:00,8.144065102302195
2025-01-27 10:00:00,8.18271041845374
2025-01-27 11:00:00,8.033144635373349
2025-01-27 12:00:00,8.08780805932942
2025-01-27 13:00:00,8.187879589266517
2025-01-27 14:00:00,8.113132715065142
2025-01-27 15:00:00,8.001488664667018
2025-01-27 16:00:00,8.211829716425864
2025-01-27 17:00:00,15.086020210370602
2025-01-27 18:00:00,15.34766789827874
2025-01-27 19:00:00,15.446754150249129
2025-01-27 20:00:00,15.05117996932944
2025-01-27 21:00:00,15.445204032617012
2025-01-27 22:00:00,15.372443373122113
2025-01-27 23:00:00,15.439004977103068
2025-01-28 00:00:00,4.037517711828853
2025-01-28 01:00:00,4.146897685030657
2025-01-28 02:00:00,4.041519035455322
2025-01-28 03:00:00,4.019219211688418
2025-01-28 04:00:00,4.120786673552384
2025-01-28 05:00:00,4.013010829687143
2025-01-28 06:00:00,8.0481383686692
2025-01-28 07:00:00,8.286443239204063
2025-01-28 08:00:00,8.061021484924714
2025-01-28 09:00:00,8.242136005379248
2025-01-28 10:00:00,8.016040832789738
2025-01-28 11:00:00,8.138221851291833
2025-01-28 12:00:00,8.105863807474607
2025-01-28 13:00:00,8.158887822588689
2025-01-28 14:00:00,8.174763379311955
2025-01-28 15:00:00,8.05031202741328
2025-01-28 16:00:00,8.059062184239316
2025-01-28 17:00:00,15.077900536826135
2025-01-28 18:00:00,15.019507748310298
2025-01-28 19:00:00,15.400168351142934
2025-01-28 20:00:00,15.194012747435316
2025-01-28 21:00:00,15.384180204970194
2025-01-28 22:00:00,15.34964332467559
2025-01-28 23:00:00,15.177119479879455
2025-01-29 00:00:00,4.028605201326834
2025-01-29 01:00:00,4.058201841159987
2025-01-29 02:00:00,4.167188178518777
2025-01-29 03:00:00,4.177357306704432
2025-01-29 04:00:00,4.1569387782684135
2025-01-29 05:00:00,4.159474728047889
2025-01-29 06:00:00,8.081088477423782
2025-01-29 07:00:00,8.149173895316618
2025-01-29 08:00:00,8.292703944939671
2025-01-29 09:00:00,8.059654501904483
2025-01-29 10:00:00,8.09458434806766
2025-01-29 11:00:00,8.053924296433788
2025-01-29 12:00:00,8.029984948722538
2025-01-29 13:00:00,8.033390027410304
2025-01-29 14:00:00,8.15361373266061
2025-01-29 15:00:00,8.128186879903168
2025-01-29 16:00:00,8.054059093933974
2025-01-29 17:00:00,15.062993940854358
2025-01-29 18:00:00,15.111977484353833
2025-01-29 19:00:00,15.052486954399704
2025-01-29 20:00:00,15.219887401300333
2025-01-29 21:00:00,15.33844395291552
2025-01-29 22:00:00,15.050693485351488
2025-01-29 23:00:00,15.030079762050638
2025-01-30 00:00:00,4.038742141004322
2025-01-30 01:00:00,4.0980189784448475
2025-01-30 02:00:00,4.191138320631504
2025-01-30 03:00:00,4.056212529436993
2025-01-30 04:00:00,4.113663256375221
2025-01-30 05:00:00,4.071219832767922
2025-01-30 06:00:00,8.113680908714386
2025-01-30 07:00:00,8.237847207718401
2025-01-30 08:00:00,8.023539190710553
2025-01-30 09:00:00,8.230244898851506
2025-01-30 10:00:00,8.257585015562668
2025-01-30 11:00:00,8.258073447474596
2025-01-30 12:00:00,8.247674601972882
2025-01-30 13:00:00,8.060812828900675
2025-01-30 14:00:00,8.041594423592095
2025-01-30 15:00:00,8.247349307225605
2025-01-30 16:00:00,8.156059547032516
2025-01-30 17:00:00,15.417942432032554
2025-01-30 18:00:00,15.035561710961478
2025-01-30 19:00:00,15.473347489820032
2025-01-30 20:00:00,15.090302543965484
2025-01-30 21:00:00,15.358535768349459
2025-01-30 22:00:00,15.355849042629998
2025-01-30 23:00:00,15.219417599017053
2025-01-31 00:00:00,4.047830392496919
2025-01-31 01:00:00,4.046482032539246
2025-01-31 02:00:00,4.113435350515512
2025-01-31 03:00:00,4.104870746442556
2025-01-31 04:00:00,4.057763437843417
2025-01-31 05:00:00,4.118161807090389
2025-01-31 06:00:00,8.200628896428473
2025-01-31 07:00:00,8.184390165007178
2025-01-31 08:00:00,8.018236275525117
2025-01-31 09:00:00,8.29288824793383
2025-01-31 10:00:00,8.012059187262585
2025-01-31 11:00:00,8.174902183544482
2025-01-31 12:00:00,8.133697338351508
2025-01-31 13:00:00,8.036039536231748
2025-01-31 14:00:00,8.206149252917983
2025-01-31 15:00:00,8.05997868562938
2025-01-31 16:00:00,8.09322112653131
2025-01-31 17:00:00,15.484231881249894
2025-01-31 18:00:00,15.07032068833616
2025-01-31 19:00:00,15.28229106404844
2025-01-31 20:00:00,15.142410241461809
2025-01-31 21:00:00,15.37616481655835
2025-01-31 22:00:00,15.340131675324534
2025-01-31 23:00:00,15.393882182237183
2025-02-01 00:00:00,4.098630165793269
2025-02-01 01:00:00,4.095275715799954
2025-02-01 02:00:00,4.058554250462295
2025-02-01 03:00:00,4.03114428871114
2025-02-01 04:00:00,4.064531986463264
2025-02-01 05:00:00,4.041484843558232
2025-02-01 06:00:00,8.241756421634173
2025-02-01 07:00:00,8.149364912726245
2025-02-01 08:00:00,8.222397993928569
2025-02-01 09:00:00,8.12294090299693
2025-02-01 10:00:00,8.130474456769443
2025-02-01 11:00:00,8.006269620405305
2025-02-01 12:00:00,8.226310861157778
2025-02-01 13:00:00,8.056271800301134
2025-02-01 14:00:00,8.277417088921892
2025-02-01 15:00:00,8.268168104854443
2025-02-01 16:00:00,8.091703519924609
2025-02-01 17:00:00,15.278238869332561
2025-02-01 18:00:00,15.090968093882866
2025-02-01 19:00:00,15.256496199853618
2025-02-01 20:00:00,15.370841417445424
2025-02-01 21:00:00,15.389973790296608
2025-02-01 22:00:00,15.22241761370899
2025-02-01 23:00:00,15.456032993513938
2025-02-02 00:00:00,4.094841153895812
2025-02-02 01:00:00,4.093001271387803
2025-02-02 02:00:00,4.0395615923727615
2025-02-02 03:00:00,4.199629970850928
2025-02-02 04:00:00,4.040660864867989
2025-02-02 05:00:00,4.105583853508419
2025-02-02 06:00:00,8.064661533473815
2025-02-02 07:00:00,8.182403200941474
2025-02-02 08:00:00,8.12470018712952
2025-02-02 09:00:00,8.08723211747391
2025-02-02 10:00:00,8.186361345721158
2025-02-02 11:00:00,8.214209924725367
2025-02-02 12:00:00,8.122203086814698
2025-02-02 13:00:00,8.067797754459821
2025-02-02 14:00:00,8.088454553763139
2025-02-02 15:00:00,8.237602739974957
2025-02-02 16:00:00,8.131507431301673
2025-02-02 17:00:00,15.352158969549912
2025-02-02 18:00:00,15.20940893367612
2025-02-02 19:00:00,15.377393156016371
2025-02-02 20:00:00,15.160872065494125
2025-02-02 21:00:00,15.467422937077052
2025-02-02 22:00:00,15.050012414671563
2025-02-02 23:00:00,15.155314503989437
2025-02-03 00:00:00,4.031758016699488
2025-02-03 01:00:00,4.19744836591822
2025-02-03 02:00:00,4.005739063232157
2025-02-03 03:00:00,4.149632975183509
2025-02-03 04:00:00,4.107974304069557
2025-02-03 05:00:00,4.192658644213663
2025-02-03 06:00:00,8.161441533347853
2025-02-03 07:00:00,8.23257838497845
2025-02-03 08:00:00,8.113957085164511
2025-02-03 09:00:00,8.195712692672437
2025-02-03 10:00:00,8.056571023919028
2025-02-03 11:00:00,8.286624645863602
2025-02-03 12:00:00,8.071817046202211
2025-02-03 13:00:00,8.218810617066687
2025-02-03 14:00:00,8.003089387483632
2025-02-03 15:00:00,8.203771443917551
2025-02-03 16:00:00,8.049292523519954
2025-02-03 17:00:00,15.187544298731423
2025-02-03 18:00:00,15.244315045992158
2025-02-03 19:00:00,15.045324241261357
2025-02-03 20:00:00,15.483341225004088
2025-02-03 21:00:00,15.342773594371087
2025-02-03 22:00:00,15.443411822887091
2025-02-03 23:00:00,15.310961950677783
2025-02-04 00:00:00,4.0121038735682895
2025-02-04 01:00:00,4.115686469976631
2025-02-04 02:00:00,4.059131304449436
2025-02-04 03:00:00,4.040877419114035
2025-02-04 04:00:00,4.154414901060804
2025-02-04 05:00:00,4.0253696953454625
2025-02-04 06:00:00,8.283857118766932
2025-02-04 07:00:00,8.120939382420895
2025-02-04 08:00:00,8.176459327347612
2025-02-04 09:00:00,8.201527518093709
2025-02-04 10:00:00,8.133299379061087
2025-02-04 11:00:00,8.076596828280959
2025-02-04 12:00:00,8.272226102155479
2025-02-04 13:00:00,8.000414137039892
2025-02-04 14:00:00,8.166775499685983
2025-02-04 15:00:00,8.019078764510471
2025-02-04 16:00:00,8.047765228440714
2025-02-04 17:00:00,15.178128752186154
2025-02-04 18:00:00,15.379834973814296
2025-02-04 19:00:00,15.179889149142353
2025-02-04 20:00:00,15.203168346960842
2025-02-04 21:00:00,15.089219441418676
2025-02-04 22:00:00,15.258393643009745
2025-02-04 23:00:00,15.35892244208218
2025-02-05 00:00:00,4.0970713043652145
2025-02-05 01:00:00,4.023810973668825
2025-02-05 02:00:00,4.012090231850744
2025-02-05 03:00:00,4.197638999345367
2025-02-05 04:00:00,4.017909985730298
2025-02-05 05:00:00,4.156092332784438
2025-02-05 06:00:00,8.181302272810292
2025-02-05 07:00:00,8.259610928950586
2025-02-05 08:00:00,8.21055474553142
2025-02-05 09:00:00,8.06263475256568
2025-02-05 10:00:00,8.138223670797064
2025-02-05 11:00:00,8.054284162359137
2025-02-05 12:00:00,8.279643646260185
2025-02-05 13:00:00,8.041923165845178
2025-02-05 14:00:00,8.022517500102518
2025-02-05 15:00:00,8.083595523435172
2025-02-05 16:00:00,8.283711013121637
2025-02-05 17:00:00,15.496621651105869
2025-02-05 18:00:00,15.030392625342436
2025-02-05 19:00:00,15.039087548676273
2025-02-05 20:00:00,15.066654468948816
2025-02-05 21:00:00,15.194198971031295
2025-02-05 22:00:00,15.445078762068853
2025-02-05 23:00:00,15.193593920553573
2025-02-06 00:00:00,4.10640487683682
2025-02-06 01:00:00,4.019555026547064
2025-02-06 02:00:00,4.036184492713223
2025-02-06 03:00:00,4.087028972270596
2025-02-06 04:00:00,4.148513504403218
2025-02-06 05:00:00,4.000186781684228
2025-02-06 06:00:00,8.01497862170244
2025-02-06 07:00:00,8.220198578264672
2025-02-06 08:00:00,8.293478376764359
2025-02-06 09:00:00,8.18663560328372
2025-02-06 10:00:00,8.11429771422338
2025-02-06 11:00:00,8.004814541260966
2025-02-06 12:00:00,8.021415272209522
2025-02-06 13:00:00,8.266659348519093
2025-02-06 14:00:00,8.047280000315437
2025-02-06 15:00:00,8.173542779652966
2025-02-06 16:00:00,8.205551010991782
2025-02-06 17:00:00,15.33973159403064
2025-02-06 18:00:00,15.153281933178036
2025-02-06 19:00:00,15.473885286670836
2025-02-06 20:00:00,15.32081343439212
2025-02-06 21:00:00,15.40964742437408
2025-02-06 22:00:00,15.48161440164522
2025-02-06 23:00:00,15.447325872228095
2025-02-07 00:00:00,4.120949544447759
2025-02-07 01:00:00,4.153640988062545
2025-02-07 02:00:00,4.084718260721836
2025-02-07 03:00:00,4.1856140702391995
2025-02-07 04:00:00,4.066660454051373
2025-02-07 05:00:00,4.0603348243416
2025-02-07 06:00:00,8.079808419973125
2025-02-07 07:00:00,8.098352634021406
2025-02-07 08:00:00,8.276800165693496
2025-02-07 09:00:00,8.133364943959076
2025-02-07 10:00:00,8.274901589017546
2025-02-07 11:00:00,8.264196089067235
2025-02-07 12:00:00,8.17576095529033
2025-02-07 13:00:00,8.071171919327371
2025-02-07 14:00:00,8.095997551181455
2025-02-07 15:00:00,8.296983491685662
2025-02-07 16:00:00,8.274289353721889
2025-02-07 17:00:00,15.307888210913836
2025-02-07 18:00:00,15.406355897962992
2025-02-07 19:00:00,15.266081667353935
2025-02-07 20:00:00,15.196704805057404
2025-02-07 21:00:00,15.454755655621423
2025-02-07 22:00:00,15.105227883191953
2025-02-07 23:00:00,15.361138752202205
2025-02-08 00:00:00,4.137001257001224
2025-02-08 01:00:00,4.035643430012962
2025-02-08 02:00:00,4.13831715717549
2025-02-08 03:00:00,4.105535623685428
2025-02-08 04:00:00,4.038566194397894
2025-02-08 05:00:00,4.178089509789916
2025-02-08 06:00:00,8.190862599114338
2025-02-08 07:00:00,8.01695370318525
2025-02-08 08:00:00,8.204247541479718
2025-02-08 09:00:00,8.079253551253629
2025-02-08 10:00:00,8.267322397293801
2025-02-08 11:00:00,8.10383376074118
2025-02-08 12:00:00,8.098830037534356
2025-02-08 13:00:00,8.243408520658507
2025-02-08 14:00:00,8.10310019431413
2025-02-08 15:00:00,8.063880400789241
2025-02-08 16:00:00,8.21381113516834
2025-02-08 17:00:00,15.48851771700053
2025-02-08 18:00:00,15.001907810661963
2025-02-08 19:00:00,15.317501225874274
2025-02-08 20:00:00,15.253645975193301
2025-02-08 21:00:00,15.301385695945092
2025-02-08 22:00:00,15.286799012864035
2025-02-08 23:00:00,15.441281158799084
2025-02-09 00:00:00,4.165085589390089
2025-02-09 01:00:00,4.161140111635661
2025-02-09 02:00:00,4.182840163184732
2025-02-09 03:00:00,4.168238335239925
2025-02-09 04:00:00,4.137270496441512
2025-02-09 05:00:00,4.104371848293058
2025-02-09 06:00:00,8.13286006056825
2025-02-09 07:00:00,8.217094980233243
2025-02-09 08:00:00,8.28991546497024
2025-02-09 09:00:00,8.062122760243852
2025-02-09 10:00:00,8.195688821148623
2025-02-09 11:00:00,8.22420393306109
2025-02-09 12:00:00,8.117161245763027
2025-02-09 13:00:00,8.141297907203752
2025-02-09 14:00:00,8.119882131622477
2025-02-09 15:00:00,8.003653041352171
2025-02-09 16:00:00,8.236832333714988
2025-02-09 17:00:00,15.128959076940445
2025-02-09 18:00:00,15.371356215748495
2025-02-09 19:00:00,15.47844302892874
2025-02-09 20:00:00,15.02246486702663
2025-02-09 21:00:00,15.206471442886604
2025-02-09 22:00:00,15.405147482948408
2025-02-09 23:00:00,15.38766607614393
2025-02-10 00:00:00,4.122561448338052
2025-02-10 01:00:00,4.013927414223805
2025-02-10 02:00:00,4.147543431967228
2025-02-10 03:00:00,4.056188307221941
2025-02-10 04:00:00,4.005182677972821
2025-02-10 05:00:00,4.073483055867729
2025-02-10 06:00:00,8.155339538555786
2025-02-10 07:00:00,8.271071595487113
2025-02-10 08:00:00,8.212011367884648
2025-02-10 09:00:00,8.093400393927555
2025-02-10 10:00:00,8.079560016216009
2025-02-10 11:00:00,8.006693729394549
2025-02-10 12:00:00,8.052700536080897
2025-02-10 13:00:00,8.258191855834907
2025-02-10 14:00:00,8.00245365008872
2025-02-10 15:00:00,8.298792984080954
2025-02-10 16:00:00,8.2097627665696
2025-02-10 17:00:00,15.203370356455547
2025-02-10 18:00:00,15.455921009621665
2025-02-10 19:00:00,15.403460253326308
2025-02-10 20:00:00,15.473218840983616
2025-02-10 21:00:00,15.421456758107162
2025-02-10 22:00:00,15.155612977911979
2025-02-10 23:00:00,15.144196870472337
2025-02-11 00:00:00,4.013615263755808
2025-02-11 01:00:00,4.01746566032207
2025-02-11 02:00:00,4.075069447984478
2025-02-11 03:00:00,4.001591521943289
2025-02-11 04:00:00,4.142567044473651
2025-02-11 05:00:00,4.011038885502843
2025-02-11 06:00:00,8.091746778068734
2025-02-11 07:00:00,8.240971171302776
2025-02-11 08:00:00,8.252181896309368
2025-02-11 09:00:00,8.112129410503767
2025-02-11 10:00:00,8.25883608581545
2025-02-11 11:00:00,8.155081048533232
2025-02-11 12:00:00,8.24848406154851
2025-02-11 13:00:00,8.24773811396912
2025-02-11 14:00:00,8.211436897807832
2025-02-11 15:00:00,8.057646601699746
2025-02-11 16:00:00,8.071363347999196
2025-02-11 17:00:00,15.357467814436065
2025-02-11 18:00:00,15.401057628717497
2025-02-11 19:00:00,15.26192976182579
2025-02-11 20:00:00,15.338179303733176
2025-02-11 21:00:00,15.00544062898155
2025-02-11 22:00:00,15.028220594638704
2025-02-11 23:00:00,15.470398243040783
2025-02-12 00:00:00,4.033488060880931
2025-02-12 01:00:00,4.198112191294747
2025-02-12 02:00:00,4.064174048060448
2025-02-12 03:00:00,4.027623430119598
2025-02-12 04:00:00,4.010549189024932
2025-02-12 05:00:00,4.094762551294338
2025-02-12 06:00:00,8.217499542613696
2025-02-12 07:00:00,8.080451223090957
2025-02-12 08:00:00,8.206282961109212
2025-02-12 09:00:00,8.297978718745645
2025-02-12 10:00:00,8.027956367840234
2025-02-12 11:00:00,8.206815694310025
2025-02-12 12:00:00,8.121860471847736
2025-02-12 13:00:00,8.146931440009277
2025-02-12 14:00:00,8.119059621503565
2025-02-12 15:00:00,8.230200694710362
2025-02-12 16:00:00,8.126720192715464
2025-02-12 17:00:00,15.025854182795369
2025-02-12 18:00:00,15.11391647297431
2025-02-12 19:00:00,15.318626712829902
2025-02-12 20:00:00,15.038629555487447
2025-02-12 21:00:00,15.31447280634456
2025-02-12 22:00:00,15.43128948070616
2025-02-12 23:00:00,15.27635502375878
2025-02-13 00:00:00,4.092852930562282
2025-02-13 01:00:00,4.163916207254771
2025-02-13 02:00:00,4.090705157116035
2025-02-13 03:00:00,4.186375840062776
2025-02-13 04:00:00,4.053223149956166
2025-02-13 05:00:00,4.171498742272769
2025-02-13 06:00:00,8.188420521663062
2025-02-13 07:00:00,8.018841634221106
2025-02-13 08:00:00,8.066813225245117
2025-02-13 09:00:00,8.042989050296697
2025-02-13 10:00:00,8.29242524356859
2025-02-13 11:00:00,8.164597690635201
2025-02-13 12:00:00,8.061432514104895
2025-02-13 13:00:00,8.159720762623367
2025-02-13 14:00:00,8.299854110745544
2025-02-13 15:00:00,8.215496010825799
2025-02-13 16:00:00,8.23993681910993
2025-02-13 17:00:00,15.272417892664691
2025-02-13 18:00:00,15.139565806317382
2025-02-13 19:00:00,15.136726276580088
2025-02-13 20:00:00,15.45641315890373
2025-02-13 21:00:00,15.238301713644159
2025-02-13 22:00:00,15.221360786389358
2025-02-13 23:00:00,15.466248319329338
2025-02-14 00:00:00,4.036609109798248
2025-02-14 01:00:00,4.0579467162044365
2025-02-14 02:00:00,4.151743297760736
2025-02-14 03:00:00,4.13307756652158
2025-02-14 04:00:00,4.056004615888233
2025-02-14 05:00:00,4.107903831944971
2025-02-14 06:00:00,8.188229763878399
2025-02-14 07:00:00,8.041769302515414
2025-02-14 08:00:00,8.09478677157237
2025-02-14 09:00:00,8.091913620282622
2025-02-14 10:00:00,8.048477215142396
2025-02-14 11:00:00,8.292837354432937
2025-02-14 12:00:00,8.11401515890573
2025-02-14 13:00:00,8.018397730063725
2025-02-14 14:00:00,8.060540037927426
2025-02-14 15:00:00,8.189224088190915
2025-02-14 16:00:00,8.295672845527761
2025-02-14 17:00:00,15.436555791656463
2025-02-14 18:00:00,15.321936692955424
2025-02-14 19:00:00,15.490006755354656
2025-02-14 20:00:00,15.216644684801413
2025-02-14 21:00:00,15.186174162649603
2025-02-14 22:00:00,15.345976329585456
2025-02-14 23:00:00,15.484945571263692
2025-02-15 00:00:00,4.075174238038409
2025-02-15 01:00:00,4.057004602110063
2025-02-15 02:00:00,4.103307914763401
2025-02-15 03:00:00,4.005425345851985
2025-02-15 04:00:00,4.062358215144415
2025-02-15 05:00:00,4.0757141194261175
2025-02-15 06:00:00,8.089016069185242
2025-02-15 07:00:00,8.02742865210527
2025-02-15 08:00:00,8.290894109135378
2025-02-15 09:00:00,8.284241882604709
2025-02-15 10:00:00,8.106842501141001
2025-02-15 11:00:00,8.272948893940397
2025-02-15 12:00:00,8.252714295969783
2025-02-15 13:00:00,8.084295116128262
2025-02-15 14:00:00,8.277300958991088
2025-02-15 15:00:00,8.209266777876087
2025-02-15 16:00:00,8.201965922899923
2025-02-15 17:00:00,15.003428932072552
2025-02-15 18:00:00,15.160677047855135
2025-02-15 19:00:00,15.40343983010605
2025-02-15 20:00:00,15.082506605236498
2025-02-15 21:00:00,15.394991306474298
2025-02-15 22:00:00,15.149085964213853
2025-02-15 23:00:00,15.270666802127108
2025-02-16 00:00:00,4.141564305396379
2025-02-16 01:00:00,4.116852262673768
2025-02-16 02:00:00,4.088516514301755
2025-02-16 03:00:00,4.019501259408601
2025-02-16 04:00:00,4.173774031687836
2025-02-16 05:00:00,4.164097426801171
2025-02-16 06:00:00,8.258883697418387
2025-02-16 07:00:00,8.275388606333294
2025-02-16 08:00:00,8.195948847101063
2025-02-16 09:00:00,8.281366259523894
2025-02-16 10:00:00,8.145734601774626
2025-02-16 11:00:00,8.243816855939542
2025-02-16 12:00:00,8.161831339722038
2025-02-16 13:00:00,8.139342845925263
2025-02-16 14:00:00,8.104193836330083
2025-02-16 15:00:00,8.042929229642004
2025-02-16 16:00:00,8.274160295416412
2025-02-16 17:00:00,15.085087209921902
2025-02-16 18:00:00,15.253072323679527
2025-02-16 19:00:00,15.483834942763702
2025-02-16 20:00:00,15.063761580454223
2025-02-16 21:00:00,15.123589204696817
2025-02-16 22:00:00,15.16380904497133
2025-02-16 23:00:00,15.259313109461058
2025-02-17 00:00:00,4.083582397001296
2025-02-17 01:00:00,4.171659312533702
2025-02-17 02:00:00,4.095383846284007
2025-02-17 03:00:00,4.114085055950683
2025-02-17 04:00:00,4.159713958643439
2025-02-17 05:00:00,4.172028301163113
2025-02-17 06:00:00,8.054715860814353
2025-02-17 07:00:00,8.036228498190896
2025-02-17 08:00:00,8.255492491542633
2025-02-17 09:00:00,8.072585476279748
2025-02-17 10:00:00,8.241883703814159
2025-02-17 11:00:00,8.152963894562882
2025-02-17 12:00:00,8.232756905818082
2025-02-17 13:00:00,8.133701091581491
2025-02-17 14:00:00,8.280519014948041
2025-02-17 15:00:00,8.173016390715578
2025-02-17 16:00:00,8.003887569516333
2025-02-17 17:00:00,15.130232056447264
2025-02-17 18:00:00,15.014566199913947
2025-02-17 19:00:00,15.244015814732816
2025-02-17 20:00:00,15.274083210467738
2025-02-17 21:00:00,15.499330320219931
2025-02-17 22:00:00,15.264646854183612
2025-02-17 23:00:00,15.464127099602944
2025-02-18 00:00:00,4.044259050449542
2025-02-18 01:00:00,4.12171425356773
2025-02-18 02:00:00,4.064239669826827
2025-02-18 03:00:00,4.058183475723407
2025-02-18 04:00:00,4.161425617161578
2025-02-18 05:00:00,4.052920833042079
2025-02-18 06:00:00,8.291015648593826
2025-02-18 07:00:00,8.260903930928732
2025-02-18 08:00:00,8.063753788458481
2025-02-18 09:00:00,8.226541394952925
2025-02-18 10:00:00,8.05308411224134
2025-02-18 11:00:00,8.085381648618295
2025-02-18 12:00:00,8.121253187088485
2025-02-18 13:00:00,8.228872874534721
2025-02-18 14:00:00,8.234599548747902
2025-02-18 15:00:00,8.120549759850308
2025-02-18 16:00:00,8.292673801671128
2025-02-18 17:00:00,15.351147010082244
2025-02-18 18:00:00,15.150099246808848
2025-02-18 19:00:00,15.248244769380245
2025-02-18 20:00:00,15.13740423724913
2025-02-18 21:00:00,15.482062832364914
2025-02-18 22:00:00,15.414841430605371
2025-02-18 23:00:00,15.389240992189242
2025-02-19 00:00:00,4.090279194138808
2025-02-19 01:00:00,4.067037919066431
2025-02-19 02:00:00,4.1893591038351135
2025-02-19 03:00:00,4.004775232973011
2025-02-19 04:00:00,4.004686522521639
2025-02-19 05:00:00,4.058318033404066
2025-02-19 06:00:00,8.225396634586902
2025-02-19 07:00:00,8.15084034425588
2025-02-19 08:00:00,8.09019878023711
2025-02-19 09:00:00,8.055495121644096
2025-02-19 10:00:00,8.093395993155923
2025-02-19 11:00:00,8.108796446651496
2025-02-19 12:00:00,8.256614951030187
2025-02-19 13:00:00,8.139609132057604
2025-02-19 14:00:00,8.214255157660102
2025-02-19 15:00:00,8.167802791036502
2025-02-19 16:00:00,8.296739368418805
2025-02-19 17:00:00,15.154270690863438
2025-02-19 18:00:00,15.013317045227758
2025-02-19 19:00:00,15.310066101014542
2025-02-19 20:00:00,15.404443270250363
2025-02-19 21:00:00,15.39673616660868
2025-02-19 22:00:00,15.24419545237668
2025-02-19 23:00:00,15.025623202747067
2025-02-20 00:00:00,4.0896739894871175
2025-02-20 01:00:00,4.102148389405343
2025-02-20 02:00:00,4.150553403344859
2025-02-20 03:00:00,4.046646708084546
2025-02-20 04:00:00,4.164715516393885
2025-02-20 05:00:00,4.189531962944233
2025-02-20 06:00:00,8.002117317905089
2025-02-20 07:00:00,8.198220987885193
2025-02-20 08:00:00,8.222850675141473
2025-02-20 09:00:00,8.242768605615483
2025-02-20 10:00:00,8.106414544108958
2025-02-20 11:00:00,8.058198343872538
2025-02-20 12:00:00,8.247204917178093
2025-02-20 13:00:00,8.285769943502514
2025-02-20 14:00:00,8.170401467557074
2025-02-20 15:00:00,8.132204832990169
2025-02-20 16:00:00,8.2019820575179
2025-02-20 17:00:00,15.059355481986735
2025-02-20 18:00:00,15.003672785367732
2025-02-20 19:00:00,15.19455369195228
2025-02-20 20:00:00,15.012053420553366
2025-02-20 21:00:00,15.10795286447987
2025-02-20 22:00:00,15.037788742531477
2025-02-20 23:00:00,15.348552255531732
2025-02-21 00:00:00,4.098393926285697
2025-02-21 01:00:00,4.06889856110855
2025-02-21 02:00:00,4.179755068405609
2025-02-21 03:00:00,4.118023754371766
2025-02-21 04:00:00,4.140719996270231
2025-02-21 05:00:00,4.134191132584038
2025-02-21 06:00:00,8.021627367858452
2025-02-21 07:00:00,8.089254302152307
2025-02-21 08:00:00,8.002335207310164
2025-02-21 09:00:00,8.031152412475137
2025-02-21 10:00:00,8.10015998152528
2025-02-21 11:00:00,8.008692490612802
2025-02-21 12:00:00,8.166094278103229
2025-02-21 13:00:00,8.257272266260305
2025-02-21 14:00:00,8.113231299991131
2025-02-21 15:00:00,8.16464917373624
2025-02-21 16:00:00,8.21652430260043
2025-02-21 17:00:00,15.328582245975616
2025-02-21 18:00:00,15.301273385086638
2025-02-21 19:00:00,15.28445667358736
2025-02-21 20:00:00,15.43226355265377
2025-02-21 21:00:00,15.037378795019652
2025-02-21 22:00:00,15.309763327573313
2025-02-21 23:00:00,15.21089185646784
2025-02-22 00:00:00,4.004259632113956
2025-02-22 01:00:00,4.014142733223627
2025-02-22 02:00:00,4.034346802785645
2025-02-22 03:00:00,4.173353144164302
2025-02-22 04:00:00,4.0819498285966365
2025-02-22 05:00:00,4.101228019166042
2025-02-22 06:00:00,8.174411100889765
2025-02-22 07:00:00,8.071633088609618
2025-02-22 08:00:00,8.25547758634611
2025-02-22 09:00:00,8.094346012828826
2025-02-22 10:00:00,8.008967552520673
2025-02-22 11:00:00,8.23470163645921
2025-02-22 12:00:00,8.108482341297758
2025-02-22 13:00:00,8.154857625821895
2025-02-22 14:00:00,8.079525548843069
2025-02-22 15:00:00,8.062228922567465
2025-02-22 16:00:00,8.29426932560034
2025-02-22 17:00:00,15.49464754350915
2025-02-22 18:00:00,15.444927798565619
2025-02-22 19:00:00,15.320288911339398
2025-02-22 20:00:00,15.308910711830986
2025-02-22 21:00:00,15.271626633118363
2025-02-22 22:00:00,15.488347190916532
2025-02-22 23:00:00,15.035113127877935
2025-02-23 00:00:00,4.175614420658609
2025-02-23 01:00:00,4.1695129742137125
2025-02-23 02:00:00,4.110612880035861
2025-02-23 03:00:00,4.1800069811117275
2025-02-23 04:00:00,4.104735603541201
2025-02-23 05:00:00,4.143494250645824
2025-02-23 06:00:00,8.201307562686567
2025-02-23 07:00:00,8.079702792408183
2025-02-23 08:00:00,8.19968251873907
2025-02-23 09:00:00,8.281779881124399
2025-02-23 10:00:00,8.033143822171942
2025-02-23 11:00:00,8.162287186422166
2025-02-23 12:00:00,8.038454851601323
2025-02-23 13:00:00,8.28309990655451
2025-02-23 14:00:00,8.173365202031292
2025-02-23 15:00:00,8.141403648351936
2025-02-23 16:00:00,8.198555251739842
2025-02-23 17:00:00,15.360670531635803
2025-02-23 18:00:00,15.333953408769107
2025-02-23 19:00:00,15.485864288745947
2025-02-23 20:00:00,15.216122086976196
2025-02-23 21:00:00,15.495930687428025
2025-02-23 22:00:00,15.105468035573763
2025-02-23 23:00:00,15.084329413889318
2025-02-24 00:00:00,4.183274272298193
2025-02-24 01:00:00,4.192809670974318
2025-02-24 02:00:00,4.176411100616338
2025-02-24 03:00:00,4.013938091860542
2025-02-24 04:00:00,4.18634493429042
2025-02-24 05:00:00,4.046881259305919
2025-02-24 06:00:00,8.010233023556085
2025-02-24 07:00:00,8.183472508840154
2025-02-24 08:00:00,8.201285299911182
2025-02-24 09:00:00,8.091221737386435
2025-02-24 10:00:00,8.088563585785412
2025-02-24 11:00:00,8.215269821427599
2025-02-24 12:00:00,8.165628742634484
2025-02-24 13:00:00,8.07119644517263
2025-02-24 14:00:00,8.086241464725395
2025-02-24 15:00:00,8.193174875118093
2025-02-24 16:00:00,8.198492147498191
2025-02-24 17:00:00,15.362352105295399
2025-02-24 18:00:00,15.156368318081755
2025-02-24 19:00:00,15.196681794437723
2025-02-24 20:00:00,15.117502624656264
2025-02-24 21:00:00,15.17136972616897
2025-02-24 22:00:00,15.072403011247127
2025-02-24 23:00:00,15.080337397834228
2025-02-25 00:00:00,4.014050274251652
2025-02-25 01:00:00,4.162378200016393
2025-02-25 02:00:00,4.005825294112198
2025-02-25 03:00:00,4.090545064011382
2025-02-25 04:00:00,4.1571220630634675
2025-02-25 05:00:00,4.1908100049057735
2025-02-25 06:00:00,8.003319719642107
2025-02-25 07:00:00,8.12461823398913
2025-02-25 08:00:00,8.27519591780423
2025-02-25 09:00:00,8.056412122970453
2025-02-25 10:00:00,8.218814848582722
2025-02-25 11:00:00,8.187371127069994
2025-02-25 12:00:00,8.225647804063145
2025-02-25 13:00:00,8.214268777125461
2025-02-25 14:00:00,8.075930183780885
2025-02-25 15:00:00,8.29883472552076
2025-02-25 16:00:00,8.205617378668277
2025-02-25 17:00:00,15.069316508696648
2025-02-25 18:00:00,15.260663966412663
2025-02-25 19:00:00,15.260581067445896
2025-02-25 20:00:00,15.331424391120974
2025-02-25 21:00:00,15.099548357406674
2025-02-25 22:00:00,15.132935204649984
2025-02-25 23:00:00,15.233538683545811
2025-02-26 00:00:00,4.0952634970924455
2025-02-26 01:00:00,4.114938392572943
2025-02-26 02:00:00,4.08097329131495
2025-02-26 03:00:00,4.131816141761115
2025-02-26 04:00:00,4.045301955681698
2025-02-26 05:00:00,4.090762385607104
2025-02-26 06:00:00,8.280090909595256
2025-02-26 07:00:00,8.267510467525797
2025-02-26 08:00:00,8.068645494768504
2025-02-26 09:00:00,8.229061397078379
2025-02-26 10:00:00,8.214175387925199
2025-02-26 11:00:00,8.104793546678078
2025-02-26 12:00:00,8.06906744086265
2025-02-26 13:00:00,8.034887541516673
2025-02-26 14:00:00,8.172347439768432
2025-02-26 15:00:00,8.109319579260056
2025-02-26 16:00:00,8.178175071126393
2025-02-26 17:00:00,15.434357806420483
2025-02-26 18:00:00,15.403809439539394
2025-02-26 19:00:00,15.265900432933588
2025-02-26 20:00:00,15.0747425795712
2025-02-26 21:00:00,15.44242446995207
2025-02-26 22:00:00,15.014003559871036
2025-02-26 23:00:00,15.252985697450312
2025-02-27 00:00:00,4.0278679768793255
2025-02-27 01:00:00,4.043984747163959
2025-02-27 02:00:00,4.145130505113861
2025-02-27 03:00:00,4.1827493046650215
2025-02-27 04:00:00,4.070439585075657
2025-02-27 05:00:00,4.008698270384335
2025-02-27 06:00:00,8.070161286716774
2025-02-27 07:00:00,8.207964577940537
2025-02-27 08:00:00,8.132778695631755
2025-02-27 09:00:00,8.073360195163879
2025-02-27 10:00:00,8.013975765188796
2025-02-27 11:00:00,8.190715568334936
2025-02-27 12:00:00,8.010831003264968
2025-02-27 13:00:00,8.107456293971604
2025-02-27 14:00:00,8.252827020576095
2025-02-27 15:00:00,8.098736042232561
2025-02-27 16:00:00,8.254038070810191
2025-02-27 17:00:00,15.479735176794954
2025-02-27 18:00:00,15.318296933200777
2025-02-27 19:00:00,15.211201308089283
2025-02-27 20:00:00,15.4331074054707
2025-02-27 21:00:00,15.28498559132494
2025-02-27 22:00:00,15.300325778774035
2025-02-27 23:00:00,15.142970064219698
2025-02-28 00:00:00,4.06087134360907
2025-02-28 01:00:00,4.126328901795546
2025-02-28 02:00:00,4.080692514973011
2025-02-28 03:00:00,4.173189272485159
2025-02-28 04:00:00,4.005799112437924
2025-02-28 05:00:00,4.002340418560013
2025-02-28 06:00:00,8.057778206219977
2025-02-28 07:00:00,8.037674308988688
2025-02-28 08:00:00,8.15201287130307
2025-02-28 09:00:00,8.277421963789774
2025-02-28 10:00:00,8.013200993491832
2025-02-28 11:00:00,8.285909717103474
2025-02-28 12:00:00,8.295074054633721
2025-02-28 13:00:00,8.063632901932802
2025-02-28 14:00:00,8.030470579386115
2025-02-28 15:00:00,8.277266665227101
2025-02-28 16:00:00,8.031324340381607
2025-02-28 17:00:00,15.194165612732599
2025-02-28 18:00:00,15.021336051036343
2025-02-28 19:00:00,15.242378731340953
2025-02-28 20:00:00,15.288310772176198
2025-02-28 21:00:00,15.434452138888185
2025-02-28 22:00:00,15.071536968221455
2025-02-28 23:00:00,15.192749055298068
2025-03-01 00:00:00,4.157944637236381
2025-03-01 01:00:00,4.182463677395763
2025-03-01 02:00:00,4.0990249728561965
2025-03-01 03:00:00,4.128227719769355
2025-03-01 04:00:00,4.1777083604080545
2025-03-01 05:00:00,4.183305738382275
2025-03-01 06:00:00,8.197811565677457
2025-03-01 07:00:00,8.095026054487656
2025-03-01 08:00:00,8.136440854473541
2025-03-01 09:00:00,8.049299558571962
2025-03-01 10:00:00,8.212781522570605
2025-03-01 11:00:00,8.173535149757814
2025-03-01 12:00:00,8.12506878610664
2025-03-01 13:00:00,8.1152696700722
2025-03-01 14:00:00,8.295362428838496
2025-03-01 15:00:00,8.025654680886058
2025-03-01 16:00:00,8.080762551126984
2025-03-01 17:00:00,15.085812717117427
2025-03-01 18:00:00,15.14063513236153
2025-03-01 19:00:00,15.191247715787425
2025-03-01 20:00:00,15.111550609715978
2025-03-01 21:00:00,15.19313366679081
2025-03-01 22:00:00,15.47153465164078
2025-03-01 23:00:00,15.406951142721736
2025-03-02 00:00:00,4.0007334833591806
2025-03-02 01:00:00,4.117602628090187
2025-03-02 02:00:00,4.164672227221723
2025-03-02 03:00:00,4.179504624912498
2025-03-02 04:00:00,4.097625304247979
2025-03-02 05:00:00,4.041205702904936
2025-03-02 06:00:00,8.130182240291123
2025-03-02 07:00:00,8.156758411659219
2025-03-02 08:00:00,8.124108301893331
2025-03-02 09:00:00,8.125209527455402
2025-03-02 10:00:00,8.285342949863086
2025-03-02 11:00:00,8.203926518354955
2025-03-02 12:00:00,8.04888106060431
2025-03-02 13:00:00,8.299419800492869
2025-03-02 14:00:00,8.086490181799295
2025-03-02 15:00:00,8.090352609438266
2025-03-02 16:00:00,8.098428614032121
2025-03-02 17:00:00,15.191779140162335
2025-03-02 18:00:00,15.150472414389032
2025-03-02 19:00:00,15.282586234235207
2025-03-02 20:00:00,15.023996777847552
2025-03-02 21:00:00,15.46636703172021
2025-03-02 22:00:00,15.046762512890032
2025-03-02 23:00:00,15.492020302985882
2025-03-03 00:00:00,4.026164477365962
2025-03-03 01:00:00,4.101543612778169
2025-03-03 02:00:00,4.163678450375376
2025-03-03 03:00:00,4.143048259937991
2025-03-03 04:00:00,4.104132053589624
2025-03-03 05:00:00,4.100638954547646
2025-03-03 06:00:00,8.114873679998789
2025-03-03 07:00:00,8.192273095612034
2025-03-03 08:00:00,8.081129272273834
2025-03-03 09:00:00,8.27629628407909
2025-03-03 10:00:00,8.045063108137418
2025-03-03 11:00:00,8.134971760982392
2025-03-03 12:00:00,8.031623527162262
2025-03-03 13:00:00,8.028506477743635
2025-03-03 14:00:00,8.12069336557052
2025-03-03 15:00:00,8.176144597483233
2025-03-03 16:00:00,8.111852614031719
2025-03-03 17:00:00,15.3866715542368
2025-03-03 18:00:00,15.097853705760734
2025-03-03 19:00:00,15.298490847303883
2025-03-03 20:00:00,15.230677951883782
2025-03-03 21:00:00,15.498785119939889
2025-03-03 22:00:00,15.095960723323971
2025-03-03 23:00:00,15.038592610893547
2025-03-04 00:00:00,4.199982799628502
2025-03-04 01:00:00,4.150142804042788
2025-03-04 02:00:00,4.100727983108066
2025-03-04 03:00:00,4.180647117643016
2025-03-04 04:00:00,4.176048932928393
2025-03-04 05:00:00,4.1693087330855585
2025-03-04 06:00:00,8.027428130788492
2025-03-04 07:00:00,8.22294159151105
2025-03-04 08:00:00,8.009632629158325
2025-03-04 09:00:00,8.160382196522235
2025-03-04 10:00:00,8.293604081471424
2025-03-04 11:00:00,8.246558853079346
2025-03-04 12:00:00,8.01957555260008
2025-03-04 13:00:00,8.232715057660325
2025-03-04 14:00:00,8.19102868590712
2025-03-04 15:00:00,8.031532691816924
2025-03-04 16:00:00,8.080652295835495
2025-03-04 17:00:00,15.000421841815808
2025-03-04 18:00:00,15.487103985195759
2025-03-04 19:00:00,15.26499097976401
2025-03-04 20:00:00,15.367004820261682
2025-03-04 21:00:00,15.456186922550902
2025-03-04 22:00:00,15.154313419209833
2025-03-04 23:00:00,15.09517043060701
2025-03-05 00:00:00,4.078995238827188
2025-03-05 01:00:00,4.196359891253084
2025-03-05 02:00:00,4.13573269350795
2025-03-05 03:00:00,4.027602022753081
2025-03-05 04:00:00,4.01275894854751
2025-03-05 05:00:00,4.167296596995705
2025-03-05 06:00:00,8.19344236036736
2025-03-05 07:00:00,8.29600506540078
2025-03-05 08:00:00,8.178551808865562
2025-03-05 09:00:00,8.079880547283343
2025-03-05 10:00:00,8.047016005638397
2025-03-05 11:00:00,8.182315638087276
2025-03-05 12:00:00,8.206645609977333
2025-03-05 13:00:00,8.291871392958225
2025-03-05 14:00:00,8.260833844069563
2025-03-05 15:00:00,8.191026129045113
2025-03-05 16:00:00,8.175577612110088
2025-03-05 17:00:00,15.201685430312244
2025-03-05 18:00:00,15.299288142165786
2025-03-05 19:00:00,15.476882196307862
2025-03-05 20:00:00,15.065151776955831
2025-03-05 21:00:00,15.26567384282103
2025-03-05 22:00:00,15.193140590578865
2025-03-05 23:00:00,15.49106604511514
2025-03-06 00:00:00,4.130682376083821
2025-03-06 01:00:00,4.142165296235802
2025-03-06 02:00:00,4.143126735204462
2025-03-06 03:00:00,4.072253835698532
2025-03-06 04:00:00,4.171452212605195
2025-03-06 05:00:00,4.00338426925516
2025-03-06 06:00:00,8.266574966238373
2025-03-06 07:00:00,8.214323194614664
2025-03-06 08:00:00,8.146074842446998
2025-03-06 09:00:00,8.286282855644979
2025-03-06 10:00:00,8.13154080220807
2025-03-06 11:00:00,8.244767215850617
2025-03-06 12:00:00,8.1586599286978
2025-03-06 13:00:00,8.102086733219608
2025-03-06 14:00:00,8.025713645179165
2025-03-06 15:00:00,8.16525907653819
2025-03-06 16:00:00,8.045895614337832
2025-03-06 17:00:00,15.12411638749555
2025-03-06 18:00:00,15.002586241932544
2025-03-06 19:00:00,15.288683401518584
2025-03-06 20:00:00,15.395746536202333
2025-03-06 21:00:00,15.414122211931906
2025-03-06 22:00:00,15.26513813526837
2025-03-06 23:00:00,15.452638805748638
2025-03-07 00:00:00,4.086367319938456
2025-03-07 01:00:00,4.096507800819506
2025-03-07 02:00:00,4.146987821026835
2025-03-07 03:00:00,4.0482750848223334
2025-03-07 04:00:00,4.000636505694727
2025-03-07 05:00:00,4.060058340956052
2025-03-07 06:00:00,8.047208184042306
2025-03-07 07:00:00,8.084829293308912
2025-03-07 08:00:00,8.053316658021748
2025-03-07 09:00:00,8.26837700674854
2025-03-07 10:00:00,8.295718826554959
2025-03-07 11:00:00,8.24496879876129
2025-03-07 12:00:00,8.124018775555072
2025-03-07 13:00:00,8.288719994023781
2025-03-07 14:00:00,8.093780644937866
2025-03-07 15:00:00,8.242820060428384
2025-03-07 16:00:00,8.212127990624785
2025-03-07 17:00:00,15.280464624530854
2025-03-07 18:00:00,15.421266850113607
2025-03-07 19:00:00,15.33071759324265
2025-03-07 20:00:00,15.193713683559785
2025-03-07 21:00:00,15.418513057745466
2025-03-07 22:00:00,15.143399823867297
2025-03-07 23:00:00,15.16608368806184
2025-03-08 00:00:00,4.135671271823655
2025-03-08 01:00:00,4.134733737213366
2025-03-08 02:00:00,4.013758174700952
2025-03-08 03:00:00,4.148377803246872
2025-03-08 04:00:00,4.055071766050247
2025-03-08 05:00:00,4.122293984870147
2025-03-08 06:00:00,8.029264325470734
2025-03-08 07:00:00,8.142149855769121
2025-03-08 08:00:00,8.06603527513528
2025-03-08 09:00:00,8.02027843076857
2025-03-08 10:00:00,8.259985866183866
2025-03-08 11:00:00,8.058270606237642
2025-03-08 12:00:00,8.200863253347213
2025-03-08 13:00:00,8.026059012665499
2025-03-08 14:00:00,8.041209985919549
2025-03-08 15:00:00,8.006762235059627
2025-03-08 16:00:00,8.220579657388607
2025-03-08 17:00:00,15.124785757157456
2025-03-08 18:00:00,15.085256518174424
2025-03-08 19:00:00,15.026438164595376
2025-03-08 20:00:00,15.283740276241604
2025-03-08 21:00:00,15.289783898330075
2025-03-08 22:00:00,15.404372345960105
2025-03-08 23:00:00,15.469008929533263
2025-03-09 00:00:00,4.040748281134429
2025-03-09 01:00:00,4.0490928378211954
2025-03-09 02:00:00,4.0213456438337305
2025-03-09 03:00:00,4.1192061054729106
2025-03-09 04:00:00,4.07789202921666
2025-03-09 05:00:00,4.171896464672846
2025-03-09 06:00:00,8.142574824841196
2025-03-09 07:00:00,8.075108025258253
2025-03-09 08:00:00,8.256768511954888
2025-03-09 09:00:00,8.269522724105876
2025-03-09 10:00:00,8.162091827743842
2025-03-09 11:00:00,8.0876335907803
2025-03-09 12:00:00,8.043336896612631
2025-03-09 13:00:00,8.058996777419845
2025-03-09 14:00:00,8.201230377279144
2025-03-09 15:00:00,8.172260202909655
2025-03-09 16:00:00,8.258070051348959
2025-03-09 17:00:00,15.217232487967816
2025-03-09 18:00:00,15.355021435610377
2025-03-09 19:00:00,15.20984605513983
2025-03-09 20:00:00,15.027321978984702
2025-03-09 21:00:00,15.35511846715128
2025-03-09 22:00:00,15.204785294592913
2025-03-09 23:00:00,15.076710080368793
2025-03-10 00:00:00,4.004680723795395
2025-03-10 01:00:00,4.1775069881618565
2025-03-10 02:00:00,4.068957542142698
2025-03-10 03:00:00,4.034833693645635
2025-03-10 04:00:00,4.15940456666976
2025-03-10 05:00:00,4.031076671960231
2025-03-10 06:00:00,8.217515869573962
2025-03-10 07:00:00,8.131444722468329
2025-03-10 08:00:00,8.014410384282783
2025-03-10 09:00:00,8.12225912625587
2025-03-10 10:00:00,8.209495961356907
2025-03-10 11:00:00,8.259716709028186
2025-03-10 12:00:00,8.104146936966139
2025-03-10 13:00:00,8.229312604476606
2025-03-10 14:00:00,8.171151901958305
2025-03-10 15:00:00,8.148044506306155
2025-03-10 16:00:00,8.163515326070794
2025-03-10 17:00:00,15.100684280715832
2025-03-10 18:00:00,15.477126871556672
2025-03-10 19:00:00,15.412407703248533
2025-03-10 20:00:00,15.1485196879883
2025-03-10 21:00:00,15.178532230456568
2025-03-10 22:00:00,15.343517533129885
2025-03-10 23:00:00,15.030044321774694
2025-03-11 00:00:00,4.043538668091363
2025-03-11 01:00:00,4.107778053956208
2025-03-11 02:00:00,4.171036015121486
2025-03-11 03:00:00,4.083100344463179
2025-03-11 04:00:00,4.02471042222133
2025-03-11 05:00:00,4.117518614316211
2025-03-11 06:00:00,8.137428412435138
2025-03-11 07:00:00,8.06642653848717
2025-03-11 08:00:00,8.04865657989454
2025-03-11 09:00:00,8.12762830148602
2025-03-11 10:00:00,8.195076560612174
2025-03-11 11:00:00,8.261747729241852
2025-03-11 12:00:00,8.047003648467495
2025-03-11 13:00:00,8.145371944043456
2025-03-11 14:00:00,8.178139486294942
2025-03-11 15:00:00,8.084614052152952
2025-03-11 16:00:00,8.052352293798123
2025-03-11 17:00:00,15.368781006302092
2025-03-11 18:00:00,15.335910870524916
2025-03-11 19:00:00,15.20548541791844
2025-03-11 20:00:00,15.374618478901887
2025-03-11 21:00:00,15.334856452247886
2025-03-11 22:00:00,15.015387044437766
2025-03-11 23:00:00,15.419109762204057
2025-03-12 00:00:00,4.177014005375793
2025-03-12 01:00:00,4.032157495851324
2025-03-12 02:00:00,4.054166251847764
2025-03-12 03:00:00,4.023061986085028
2025-03-12 04:00:00,4.166268012649495
2025-03-12 05:00:00,4.045105371509442
2025-03-12 06:00:00,8.179941445052759
2025-03-12 07:00:00,8.22614051877142
2025-03-12 08:00:00,8.194634319248626
2025-03-12 09:00:00,8.17712769586713
2025-03-12 10:00:00,8.069714904036786
2025-03-12 11:00:00,8.215996044898999
2025-03-12 12:00:00,8.016729612872066
2025-03-12 13:00:00,8.077194021003649
2025-03-12 14:00:00,8.083845695193856
2025-03-12 15:00:00,8.057213161781595
2025-03-12 16:00:00,8.291979263621279
2025-03-12 17:00:00,15.424106959215418
2025-03-12 18:00:00,15.290839660024854
2025-03-12 19:00:00,15.039662867890975
2025-03-12 20:00:00,15.409614865210532
2025-03-12 21:00:00,15.02142039935905
2025-03-12 22:00:00,15.126407034511224
2025-03-12 23:00:00,15.371363830349217
2025-03-13 00:00:00,4.070012891301769
2025-03-13 01:00:00,4.025276577968468
2025-03-13 02:00:00,4.014462287674033
2025-03-13 03:00:00,4.075610141867272
2025-03-13 04:00:00,4.035209433774865
2025-03-13 05:00:00,4.190293031318096
2025-03-13 06:00:00,8.171831432859415
2025-03-13 07:00:00,8.07147667854204
2025-03-13 08:00:00,8.274916686196446
2025-03-13 09:00:00,8.176879636978326
2025-03-13 10:00:00,8.164544966675905
2025-03-13 11:00:00,8.15015484934432
2025-03-13 12:00:00,8.160625384618427
2025-03-13 13:00:00,8.254008637842992
2025-03-13 14:00:00,8.163760221423034
2025-03-13 15:00:00,8.143989704258836
2025-03-13 16:00:00,8.003381534957457
2025-03-13 17:00:00,15.266580359345452
2025-03-13 18:00:00,15.034948385115083
2025-03-13 19:00:00,15.275945101340659
2025-03-13 20:00:00,15.202477824806152
2025-03-13 21:00:00,15.270543778249488
2025-03-13 22:00:00,15.14371180030767
2025-03-13 23:00:00,15.038684633910831
2025-03-14 00:00:00,4.076141556458621
2025-03-14 01:00:00,4.172410700318009
2025-03-14 02:00:00,4.197468718226779
2025-03-14 03:00:00,4.177101012420516
2025-03-14 04:00:00,4.196587221181666
2025-03-14 05:00:00,4.078984230046961
2025-03-14 06:00:00,8.161726937413984
2025-03-14 07:00:00,8.151187394459296
2025-03-14 08:00:00,8.162941458971831
2025-03-14 09:00:00,8.203883782737028
2025-03-14 10:00:00,8.115825064160394
2025-03-14 11:00:00,8.033999704514322
2025-03-14 12:00:00,8.039496565372712
2025-03-14 13:00:00,8.006504947486349
2025-03-14 14:00:00,8.04587013527737
2025-03-14 15:00:00,8.292948056332449
2025-03-14 16:00:00,8.036328973421774
2025-03-14 17:00:00,15.182931396361257
2025-03-14 18:00:00,15.182732976766784
2025-03-14 19:00:00,15.234409628141968
2025-03-14 20:00:00,15.380814287084746
2025-03-14 21:00:00,15.019946373327898
2025-03-14 22:00:00,15.12966918110117
2025-03-14 23:00:00,15.377057195088035
2025-03-15 00:00:00,4.19442782676634
2025-03-15 01:00:00,4.1191643652481265
2025-03-15 02:00:00,4.134270483290218
2025-03-15 03:00:00,4.0448462418271145
2025-03-15 04:00:00,4.198507564772094
2025-03-15 05:00:00,4.029191726537764
2025-03-15 06:00:00,8.251979338731136
2025-03-15 07:00:00,8.041245882604036
2025-03-15 08:00:00,8.034979508893
2025-03-15 09:00:00,8.24450021161331
2025-03-15 10:00:00,8.205990664273674
2025-03-15 11:00:00,8.012888665364468
2025-03-15 12:00:00,8.130935512825513
2025-03-15 13:00:00,8.1785442259522
2025-03-15 14:00:00,8.21589083094873
2025-03-15 15:00:00,8.16919256823274
2025-03-15 16:00:00,8.28353721248241
2025-03-15 17:00:00,15.137900174672613
2025-03-15 18:00:00,15.165491589996803
2025-03-15 19:00:00,15.470665514288322
2025-03-15 20:00:00,15.26643539914302
2025-03-15 21:00:00,15.435362508900235
2025-03-15 22:00:00,15.312520467394107
2025-03-15 23:00:00,15.140718804928612
2025-03-16 00:00:00,4.07219299455759
2025-03-16 01:00:00,4.1670761275668475
2025-03-16 02:00:00,4.088825664627934
2025-03-16 03:00:00,4.141039421693335
2025-03-16 04:00:00,4.078188725198096
2025-03-16 05:00:00,4.019003254122577
2025-03-16 06:00:00,8.115481151449876
2025-03-16 07:00:00,8.235169396497566
2025-03-16 08:00:00,8.025248225962416
2025-03-16 09:00:00,8.178731158259055
2025-03-16 10:00:00,8.158712999820231
2025-03-16 11:00:00,8.14544120012437
2025-03-16 12:00:00,8.157255682389463
2025-03-16 13:00:00,8.17499115061865
2025-03-16 14:00:00,8.278161913190848
2025-03-16 15:00:00,8.172853017516724
2025-03-16 16:00:00,8.106542392740494
2025-03-16 17:00:00,15.481425274126625
2025-03-16 18:00:00,15.011991582987111
2025-03-16 19:00:00,15.479783773862856
2025-03-16 20:00:00,15.319993821087586
2025-03-16 21:00:00,15.175242432753462
2025-03-16 22:00:00,15.448060167991766
2025-03-16 23:00:00,15.11702073665715
2025-03-17 00:00:00,4.15077172727649
2025-03-17 01:00:00,4.1738505956478225
2025-03-17 02:00:00,4.0048075041033995
2025-03-17 03:00:00,4.016935034552368
2025-03-17 04:00:00,4.074772682260022
2025-03-17 05:00:00,4.035856768823241
2025-03-17 06:00:00,8.26044185126814
2025-03-17 07:00:00,8.20111409133696
2025-03-17 08:00:00,8.175778076004658
2025-03-17 09:00:00,8.161338519982015
2025-03-17 10:00:00,8.146038517119495
2025-03-17 11:00:00,8.213669332546518
2025-03-17 12:00:00,8.149479004335209
2025-03-17 13:00:00,8.254837065302535
2025-03-17 14:00:00,8.006293256074754
2025-03-17 15:00:00,8.113870249338246
2025-03-17 16:00:00,8.060133198899246
2025-03-17 17:00:00,15.237285155684935
2025-03-17 18:00:00,15.143907113181916
2025-03-17 19:00:00,15.208678308048949
2025-03-17 20:00:00,15.19247197220472
2025-03-17 21:00:00,15.397959385560895
2025-03-17 22:00:00,15.363602457905214
2025-03-17 23:00:00,15.224482412970536
2025-03-18 00:00:00,4.045628701193015
2025-03-18 01:00:00,4.035208781864248
2025-03-18 02:00:00,4.148848202314158
2025-03-18 03:00:00,4.095270635218029
2025-03-18 04:00:00,4.14791471907834
2025-03-18 05:00:00,4.108891831981202
2025-03-18 06:00:00,8.199212886034605
2025-03-18 07:00:00,8.140151392976763
2025-03-18 08:00:00,8.125248746868921
2025-03-18 09:00:00,8.168370102103912
2025-03-18 10:00:00,8.027062905857532
2025-03-18 11:00:00,8.285969020559518
2025-03-18 12:00:00,8.16072776437046
2025-03-18 13:00:00,8.280153929900953
2025-03-18 14:00:00,8.013384751515591
2025-03-18 15:00:00,8.172574414905652
2025-03-18 16:00:00,8.244001357912236
2025-03-18 17:00:00,15.383473339687411
2025-03-18 18:00:00,15.0645421587012
2025-03-18 19:00:00,15.345325938708513
2025-03-18 20:00:00,15.172099393188804
2025-03-18 21:00:00,15.154243453508004
2025-03-18 22:00:00,15.42043418865523
2025-03-18 23:00:00,15.169534380373111
2025-03-19 00:00:00,4.131978021611831
2025-03-19 01:00:00,4.1935079184811554
2025-03-19 02:00:00,4.081482370743858
2025-03-19 03:00:00,4.0587353455414625
2025-03-19 04:00:00,4.029172235100148
2025-03-19 05:00:00,4.104702637045084
2025-03-19 06:00:00,8.141307359127392
2025-03-19 07:00:00,8.05313349907439
2025-03-19 08:00:00,8.178573767804187
2025-03-19 09:00:00,8.233366267615306
2025-03-19 10:00:00,8.203144204736994
2025-03-19 11:00:00,8.006867080030975
2025-03-19 12:00:00,8.263962954151292
2025-03-19 13:00:00,8.096397819360867
2025-03-19 14:00:00,8.226784033670148
2025-03-19 15:00:00,8.022038062580304
2025-03-19 16:00:00,8.177512312918083
2025-03-19 17:00:00,15.312545330193412
2025-03-19 18:00:00,15.195374190988417
2025-03-19 19:00:00,15.01666641983965
2025-03-19 20:00:00,15.252203155759435
2025-03-19 21:00:00,15.462812823686772
2025-03-19 22:00:00,15.332568612496056
2025-03-19 23:00:00,15.29224143451108
2025-03-20 00:00:00,4.10974683789213
2025-03-20 01:00:00,4.092860876474712
2025-03-20 02:00:00,4.002387536952288
2025-03-20 03:00:00,4.041256154667498
2025-03-20 04:00:00,4.047430926714405
2025-03-20 05:00:00,4.143169626439263
2025-03-20 06:00:00,8.188226038523528
2025-03-20 07:00:00,8.191584596815389
2025-03-20 08:00:00,8.20708184110271
2025-03-20 09:00:00,8.162354768888168
2025-03-20 10:00:00,8.066662782483073
2025-03-20 11:00:00,8.191862343079821
2025-03-20 12:00:00,8.03045305967638
2025-03-20 13:00:00,8.296359626765431
2025-03-20 14:00:00,8.17748593491983
2025-03-20 15:00:00,8.2672263394918
2025-03-20 16:00:00,8.21975824080718
2025-03-20 17:00:00,15.084828193935609
2025-03-20 18:00:00,15.14910030402645
2025-03-20 19:00:00,15.231575641150034
2025-03-20 20:00:00,15.003308884248801
2025-03-20 21:00:00,15.037960149893044
2025-03-20 22:00:00,15.27869714054528
2025-03-20 23:00:00,15.424851637835525
2025-03-21 00:00:00,4.0556409116392516
2025-03-21 01:00:00,4.026523274433974
2025-03-21 02:00:00,4.067052816399582
2025-03-21 03:00:00,4.083026015823451
2025-03-21 04:00:00,4.077989868352327
2025-03-21 05:00:00,4.055425816858855
2025-03-21 06:00:00,8.292622228244154
2025-03-21 07:00:00,8.235194972888621
2025-03-21 08:00:00,8.254942129332191
2025-03-21 09:00:00,8.098589033063078
2025-03-21 10:00:00,8.215667841664088
2025-03-21 11:00:00,8.08757110865541
2025-03-21 12:00:00,8.15895224319221
2025-03-21 13:00:00,8.035921329705085
2025-03-21 14:00:00,8.158058058572049
2025-03-21 15:00:00,8.052263047372398
2025-03-21 16:00:00,8.217983108316679
2025-03-21 17:00:00,15.175659676001112
2025-03-21 18:00:00,15.074323821131244
2025-03-21 19:00:00,15.32549614275756
2025-03-21 20:00:00,15.432427107762953
2025-03-21 21:00:00,15.294854479262318
2025-03-21 22:00:00,15.32465642034826
2025-03-21 23:00:00,15.034976515209589
2025-03-22 00:00:00,4.04462869214937
2025-03-22 01:00:00,4.028977251958645
2025-03-22 02:00:00,4.039503305704162
2025-03-22 03:00:00,4.07893764675035
2025-03-22 04:00:00,4.167583748489684
2025-03-22 05:00:00,4.075790652522078
2025-03-22 06:00:00,8.201517010628054
2025-03-22 07:00:00,8.209971002549356
2025-03-22 08:00:00,8.210846441320541
2025-03-22 09:00:00,8.226593367351427
2025-03-22 10:00:00,8.050334626102282
2025-03-22 11:00:00,8.05994700589401
2025-03-22 12:00:00,8.225340084917612
2025-03-22 13:00:00,8.046743352577746
2025-03-22 14:00:00,8.065623238135927
2025-03-22 15:00:00,8.255526139729014
2025-03-22 16:00:00,8.221569861093531
2025-03-22 17:00:00,15.163438086702472
2025-03-22 18:00:00,15.053276798035869
2025-03-22 19:00:00,15.268662659825159
2025-03-22 20:00:00,15.448347159102017
2025-03-22 21:00:00,15.023098899568348
2025-03-22 22:00:00,15.265569132128347
2025-03-22 23:00:00,15.012723711530876
2025-03-23 00:00:00,4.0747335033257635
2025-03-23 01:00:00,4.069690571464745
2025-03-23 02:00:00,4.195120296388579
2025-03-23 03:00:00,4.150794119277125
2025-03-23 04:00:00,4.1982597582336485
2025-03-23 05:00:00,4.194391546315258
2025-03-23 06:00:00,8.071921796696849
2025-03-23 07:00:00,8.044313722313879
2025-03-23 08:00:00,8.211865282409914
2025-03-23 09:00:00,8.220320909672523
2025-03-23 10:00:00,8.014638152260696
2025-03-23 11:00:00,8.161628888295152
2025-03-23 12:00:00,8.088622062168513
2025-03-23 13:00:00,8.140115328813293
2025-03-23 14:00:00,8.248736936516082
2025-03-23 15:00:00,8.195750614923941
2025-03-23 16:00:00,8.132780575065912
2025-03-23 17:00:00,15.103663216630784
2025-03-23 18:00:00,15.395876339467286
2025-03-23 19:00:00,15.308036924421533
2025-03-23 20:00:00,15.064420500393945
2025-03-23 21:00:00,15.479696149541313
2025-03-23 22:00:00,15.33048427492625
2025-03-23 23:00:00,15.111995717321744
2025-03-24 00:00:00,4.076402313303686
2025-03-24 01:00:00,4.115892899240329
2025-03-24 02:00:00,4.121300854674892
2025-03-24 03:00:00,4.011876151850228
2025-03-24 04:00:00,4.046954844865624
2025-03-24 05:00:00,4.023420980074221
2025-03-24 06:00:00,8.098455485591597
2025-03-24 07:00:00,8.008846474726658
2025-03-24 08:00:00,8.149394061557942
2025-03-24 09:00:00,8.058690576465072
2025-03-24 10:00:00,8.217524379153854
2025-03-24 11:00:00,8.088652750913555
2025-03-24 12:00:00,8.15183846483534
2025-03-24 13:00:00,8.043227900842952
2025-03-24 14:00:00,8.049966636159546
2025-03-24 15:00:00,8.123133407152968
2025-03-24 16:00:00,8.235592140078793
2025-03-24 17:00:00,15.436445196505117
2025-03-24 18:00:00,15.20110601058377
2025-03-24 19:00:00,15.32758671815686
2025-03-24 20:00:00,15.143574385770306
2025-03-24 21:00:00,15.13056866152603
2025-03-24 22:00:00,15.414853708445511
2025-03-24 23:00:00,15.248828010446012
2025-03-25 00:00:00,4.039017588799359
2025-03-25 01:00:00,4.074811333881476
2025-03-25 02:00:00,4.126549258064605
2025-03-25 03:00:00,4.092343718739696
2025-03-25 04:00:00,4.013837476273259
2025-03-25 05:00:00,4.151191921355872
2025-03-25 06:00:00,8.034083021640425
2025-03-25 07:00:00,8.224249705671182
2025-03-25 08:00:00,8.04427071474582
2025-03-25 09:00:00,8.153263790634163
2025-03-25 10:00:00,8.07926643477651
2025-03-25 11:00:00,8.119028762950947
2025-03-25 12:00:00,8.261530687780228
2025-03-25 13:00:00,8.221654551868314
2025-03-25 14:00:00,8.230581342746676
2025-03-25 15:00:00,8.00848555403861
2025-03-25 16:00:00,8.077862313065024
2025-03-25 17:00:00,15.371682268965403
2025-03-25 18:00:00,15.47004853725095
2025-03-25 19:00:00,15.494270314380199
2025-03-25 20:00:00,15.358059369918664
2025-03-25 21:00:00,15.273380022885517
2025-03-25 22:00:00,15.193613241652763
2025-03-25 23:00:00,15.120713275556158
2025-03-26 00:00:00,4.13394440541569
2025-03-26 01:00:00,4.042532505946393
2025-03-26 02:00:00,4.070701811316641
2025-03-26 03:00:00,4.047363437640092
2025-03-26 04:00:00,4.002909367335457
2025-03-26 05:00:00,4.181246369891341
2025-03-26 06:00:00,8.041142763216904
2025-03-26 07:00:00,8.003602521015345
2025-03-26 08:00:00,8.216266566167315
2025-03-26 09:00:00,8.072008315584755
2025-03-26 10:00:00,8.035877641303195
2025-03-26 11:00:00,8.280218264273628
2025-03-26 12:00:00,8.131078457653771
2025-03-26 13:00:00,8.059495723842556
2025-03-26 14:00:00,8.030503957547545
2025-03-26 15:00:00,8.026285669469551
2025-03-26 16:00:00,8.02744589692368
2025-03-26 17:00:00,15.038350269602741
2025-03-26 18:00:00,15.028405237056393
2025-03-26 19:00:00,15.228988324243156
2025-03-26 20:00:00,15.222575375197431
2025-03-26 21:00:00,15.40407297292428
2025-03-26 22:00:00,15.051228725907276
2025-03-26 23:00:00,15.071765116749367
2025-03-27 00:00:00,4.062347018415338
2025-03-27 01:00:00,4.147454217248651
2025-03-27 02:00:00,4.003693173080825
2025-03-27 03:00:00,4.14162212328928
2025-03-27 04:00:00,4.134898032574271
2025-03-27 05:00:00,4.053032762252545
2025-03-27 06:00:00,8.241043000103629
2025-03-27 07:00:00,8.019303291086596
2025-03-27 08:00:00,8.242382359939782
2025-03-27 09:00:00,8.088560370391834
2025-03-27 10:00:00,8.171254699209863
2025-03-27 11:00:00,8.155722406441043
2025-03-27 12:00:00,8.232423989104623
2025-03-27 13:00:00,8.076487853569681
2025-03-27 14:00:00,8.0481534488233
2025-03-27 15:00:00,8.188823061780234
2025-03-27 16:00:00,8.021453946459397
2025-03-27 17:00:00,15.173254083030761
2025-03-27 18:00:00,15.162870889896459
2025-03-27 19:00:00,15.399301193498417
2025-03-27 20:00:00,15.181808435608827
2025-03-27 21:00:00,15.113197979342788
2025-03-27 22:00:00,15.002752226169427
2025-03-27 23:00:00,15.078029420600483
2025-03-28 00:00:00,4.01488535462941
2025-03-28 01:00:00,4.194539351226542
2025-03-28 02:00:00,4.034520791274488
2025-03-28 03:00:00,4.088480190169969
2025-03-28 04:00:00,4.173141054937868
2025-03-28 05:00:00,4.194055049638925
2025-03-28 06:00:00,8.074980135881344
2025-03-28 07:00:00,8.262105087214938
2025-03-28 08:00:00,8.002478624887356
2025-03-28 09:00:00,8.0144280503356
2025-03-28 10:00:00,8.057208994236433
2025-03-28 11:00:00,8.268799164027232
2025-03-28 12:00:00,8.14039733536715
2025-03-28 13:00:00,8.148539177880341
2025-03-28 14:00:00,8.073714977296259
2025-03-28 15:00:00,8.203091895112628
2025-03-28 16:00:00,8.002040227819064
2025-03-28 17:00:00,15.273135177649657
2025-03-28 18:00:00,15.159543732880078
2025-03-28 19:00:00,15.32664169273944
2025-03-28 20:00:00,15.246409586909493
2025-03-28 21:00:00,15.203834130310405
2025-03-28 22:00:00,15.294207280932367
2025-03-28 23:00:00,15.254206965035396
2025-03-29 00:00:00,4.078257304719989
2025-03-29 01:00:00,4.027546159604676
2025-03-29 02:00:00,4.1701475388147955
2025-03-29 03:00:00,4.018974024456736
2025-03-29 04:00:00,4.057905740254384
2025-03-29 05:00:00,4.154835696262214
2025-03-29 06:00:00,8.063179356364488
2025-03-29 07:00:00,8.16955419071677
2025-03-29 08:00:00,8.27745845376831
2025-03-29 09:00:00,8.172478012894894
2025-03-29 10:00:00,8.067893355699468
2025-03-29 11:00:00,8.005312106022341
2025-03-29 12:00:00,8.104604412142372
2025-03-29 13:00:00,8.25262064222181
2025-03-29 14:00:00,8.104694221011448
2025-03-29 15:00:00,8.054763848466274
2025-03-29 16:00:00,8.270182170843938
2025-03-29 17:00:00,15.415362891575004
2025-03-29 18:00:00,15.442573383579054
2025-03-29 19:00:00,15.476863527147048
2025-03-29 20:00:00,15.316212589924799
2025-03-29 21:00:00,15.173002458428995
2025-03-29 22:00:00,15.30500570191881
2025-03-29 23:00:00,15.41004284979565
2025-03-30 00:00:00,4.106387383716944
2025-03-30 01:00:00,4.080436532099139
2025-03-30 02:00:00,4.1389220010118315
2025-03-30 03:00:00,4.188401361630192
2025-03-30 04:00:00,4.1401121984249105
2025-03-30 05:00:00,4.006524686993399
2025-03-30 06:00:00,8.090897278164714
2025-03-30 07:00:00,8.227860389505485
2025-03-30 08:00:00,8.045453715543848
2025-03-30 09:00:00,8.008476436783319
2025-03-30 10:00:00,8.183985590984804
2025-03-30 11:00:00,8.27500544531717
2025-03-30 12:00:00,8.245779517582562
2025-03-30 13:00:00,8.257355160275665
2025-03-30 14:00:00,8.194460376754558
2025-03-30 15:00:00,8.104738639608478
2025-03-30 16:00:00,8.172842547333413
2025-03-30 17:00:00,15.110937626645724
2025-03-30 18:00:00,15.079541800027352
2025-03-30 19:00:00,15.444099058369027
2025-03-30 20:00:00,15.144081289533114
2025-03-30 21:00:00,15.316799448845515
2025-03-30 22:00:00,15.107801054444572
2025-03-30 23:00:00,15.185076302296915
2025-03-31 00:00:00,4.0965359104630545
2025-03-31 01:00:00,4.177893804904968
2025-03-31 02:00:00,4.1052453116355405
2025-03-31 03:00:00,4.048466874690822
2025-03-31 04:00:00,4.004704113640887
2025-03-31 05:00:00,4.133336491307255
2025-03-31 06:00:00,8.012074712558245
2025-03-31 07:00:00,8.117036036512397
2025-03-31 08:00:00,8.054088373192172
2025-03-31 09:00:00,8.195887223035998
2025-03-31 10:00:00,8.266219703670401
2025-03-31 11:00:00,8.106080539997746
2025-03-31 12:00:00,8.202104846827178
2025-03-31 13:00:00,8.240998114107137
2025-03-31 14:00:00,8.125864551201557
2025-03-31 15:00:00,8.167718837093622
2025-03-31 16:00:00,8.235429954773624
2025-03-31 17:00:00,15.348740074917238
2025-03-31 18:00:00,15.059834259365804
2025-03-31 19:00:00,15.078445467635456
2025-03-31 20:00:00,15.39533315607957
2025-03-31 21:00:00,15.222058037753897
2025-03-31 22:00:00,15.268376553366716
2025-03-31 23:00:00,15.445282817437603
2025-04-01 00:00:00,4.174645815027251
2025-04-01 01:00:00,4.020206335504851
2025-04-01 02:00:00,4.121891064707986
2025-04-01 03:00:00,4.017613530155035
2025-04-01 04:00:00,4.15995238818647
2025-04-01 05:00:00,4.065430793227545
2025-04-01 06:00:00,8.176683479620431
2025-04-01 07:00:00,8.182676214384385
2025-04-01 08:00:00,8.064972710318244
2025-04-01 09:00:00,8.073483265302306
2025-04-01 10:00:00,8.226035865647875
2025-04-01 11:00:00,8.156232153643241
2025-04-01 12:00:00,8.168585452879219
2025-04-01 13:00:00,8.227476584715294
2025-04-01 14:00:00,8.232666382896062
2025-04-01 15:00:00,8.080323616871686
2025-04-01 16:00:00,8.015270311052797
2025-04-01 17:00:00,15.125540747213853
2025-04-01 18:00:00,15.4554141388606
2025-04-01 19:00:00,15.45075567737398
2025-04-01 20:00:00,15.416873622621392
2025-04-01 21:00:00,15.21866483137604
2025-04-01 22:00:00,15.220971984567411
2025-04-01 23:00:00,15.353910636818902
2025-04-02 00:00:00,4.1165198979240065
2025-04-02 01:00:00,4.154386384138888
2025-04-02 02:00:00,4.139317763710997
2025-04-02 03:00:00,4.176885993310997
2025-04-02 04:00:00,4.086433859349643
2025-04-02 05:00:00,4.092933271133584
2025-04-02 06:00:00,8.18175547125569
2025-04-02 07:00:00,8.133614147406256
2025-04-02 08:00:00,8.2779603953522
2025-04-02 09:00:00,8.139113835915937
2025-04-02 10:00:00,8.284077279789857
2025-04-02 11:00:00,8.014664756125168
2025-04-02 12:00:00,8.137889962347613
2025-04-02 13:00:00,8.078745695800784
2025-04-02 14:00:00,8.240647765839254
2025-04-02 15:00:00,8.054812426951516
2025-04-02 16:00:00,8.227098574564463
2025-04-02 17:00:00,15.472954524032032
2025-04-02 18:00:00,15.310822102022836
2025-04-02 19:00:00,15.130279249268904
2025-04-02 20:00:00,15.039942757399626
2025-04-02 21:00:00,15.292542332324187
2025-04-02 22:00:00,15.24218952644084
2025-04-02 23:00:00,15.408053527753257
2025-04-03 00:00:00,4.016165077850467
2025-04-03 01:00:00,4.0104529728530105
2025-04-03 02:00:00,4.13312027359543
2025-04-03 03:00:00,4.107425258297476
2025-04-03 04:00:00,4.038993891391417
2025-04-03 05:00:00,4.09325630901468
2025-04-03 06:00:00,8.243717480571284
2025-04-03 07:00:00,8.29704433742856
2025-04-03 08:00:00,8.223855461935123
2025-04-03 09:00:00,8.051952542115389
2025-04-03 10:00:00,8.230915681268986
2025-04-03 11:00:00,8.061294610577628
2025-04-03 12:00:00,8.123813932119685
2025-04-03 13:00:00,8.132461973386604
2025-04-03 14:00:00,8.007440837821935
2025-04-03 15:00:00,8.037551822068023
2025-04-03 16:00:00,8.249288393259116
2025-04-03 17:00:00,15.376133720238343
2025-04-03 18:00:00,15.435196129912054
2025-04-03 19:00:00,15.458698077728611
2025-04-03 20:00:00,15.223683513473441
2025-04-03 21:00:00,15.257164679679848
2025-04-03 22:00:00,15.267333309535417
2025-04-03 23:00:00,15.196629573578598
2025-04-04 00:00:00,4.0778403331566295
2025-04-04 01:00:00,4.087512366668153
2025-04-04 02:00:00,4.154385688815242
2025-04-04 03:00:00,4.1530618907184
2025-04-04 04:00:00,4.1380400404719095
2025-04-04 05:00:00,4.163952056345495
2025-04-04 06:00:00,8.025679030911824
2025-04-04 07:00:00,8.227725534431233
2025-04-04 08:00:00,8.278386303559452
2025-04-04 09:00:00,8.026677065024556
2025-04-04 10:00:00,8.122226500046748
2025-04-04 11:00:00,8.076306205963974
2025-04-04 12:00:00,8.169209553712653
2025-04-04 13:00:00,8.125557863697768
2025-04-04 14:00:00,8.025907036676442
2025-04-04 15:00:00,8.236486281110842
2025-04-04 16:00:00,8.091510320579838
2025-04-04 17:00:00,15.032013013678656
2025-04-04 18:00:00,15.261254712715255
2025-04-04 19:00:00,15.184931556855776
2025-04-04 20:00:00,15.187925134777254
2025-04-04 21:00:00,15.215686409678991
2025-04-04 22:00:00,15.234097292870052
2025-04-04 23:00:00,15.036385709491004
2025-04-05 00:00:00,4.113846318152396
2025-04-05 01:00:00,4.151612264479166
2025-04-05 02:00:00,4.071680209778658
2025-04-05 03:00:00,4.103356838950156
2025-04-05 04:00:00,4.123646661386722
2025-04-05 05:00:00,4.148000596128458
2025-04-05 06:00:00,8.035826263259167
2025-04-05 07:00:00,8.201335581579041
2025-04-05 08:00:00,8.235510508427666
2025-04-05 09:00:00,8.058720261308936
2025-04-05 10:00:00,8.100736810535624
2025-04-05 11:00:00,8.168224232084116
2025-04-05 12:00:00,8.050946459199336
2025-04-05 13:00:00,8.02877656378082
2025-04-05 14:00:00,8.293593910272394
2025-04-05 15:00:00,8.131834025279163
2025-04-05 16:00:00,8.218423098420844
2025-04-05 17:00:00,15.266121054898763
2025-04-05 18:00:00,15.0365913163668
2025-04-05 19:00:00,15.320364479965413
2025-04-05 20:00:00,15.032769308440733
2025-04-05 21:00:00,15.344127908052563
2025-04-05 22:00:00,15.047054360535544
2025-04-05 23:00:00,15.352821335475488
2025-04-06 00:00:00,4.190251205258842
2025-04-06 01:00:00,4.054703812996758
2025-04-06 02:00:00,4.122103136746143
2025-04-06 03:00:00,4.019517254035067
2025-04-06 04:00:00,4.033285603735377
2025-04-06 05:00:00,4.020615204646829
2025-04-06 06:00:00,8.035063758891
2025-04-06 07:00:00,8.015552122810064
2025-04-06 08:00:00,8.22747120885026
2025-04-06 09:00:00,8.146098176762434
2025-04-06 10:00:00,8.056391027262574
2025-04-06 11:00:00,8.17252597495448
2025-04-06 12:00:00,8.222163026906225
2025-04-06 13:00:00,8.200586263794555
2025-04-06 14:00:00,8.022030830943876
2025-04-06 15:00:00,8.147112707396793
2025-04-06 16:00:00,8.109681923348331
2025-04-06 17:00:00,15.170147694306463
2025-04-06 18:00:00,15.36180645204346
2025-04-06 19:00:00,15.254962357784448
2025-04-06 20:00:00,15.260317905959283
2025-04-06 21:00:00,15.317779496712713
2025-04-06 22:00:00,15.166609032761075
2025-04-06 23:00:00,15.035035562130911
2025-04-07 00:00:00,4.0162360035590225
2025-04-07 01:00:00,4.169750614435159
2025-04-07 02:00:00,4.104783533699673
2025-04-07 03:00:00,4.118056378791521
2025-04-07 04:00:00,4.001351580940644
2025-04-07 05:00:00,4.173590712231679
2025-04-07 06:00:00,8.277035159529035
2025-04-07 07:00:00,8.077956431696022
2025-04-07 08:00:00,8.180156608058818
2025-04-07 09:00:00,8.072996756562942
2025-04-07 10:00:00,8.045696608343489
2025-04-07 11:00:00,8.118259325102613
2025-04-07 12:00:00,8.069263497717877
2025-04-07 13:00:00,8.163801497493932
2025-04-07 14:00:00,8.210696524624929
2025-04-07 15:00:00,8.157998590242055
2025-04-07 16:00:00,8.18650610246094
2025-04-07 17:00:00,15.166624665792904
2025-04-07 18:00:00,15.043822953553136
2025-04-07 19:00:00,15.104153390770055
2025-04-07 20:00:00,15.181051198492385
2025-04-07 21:00:00,15.38496169178797
2025-04-07 22:00:00,15.100000049736199
2025-04-07 23:00:00,15.387196969682071
2025-04-08 00:00:00,4.140655448488358
2025-04-08 01:00:00,4.107705594349173
2025-04-08 02:00:00,4.170647739155111
2025-04-08 03:00:00,4.1380497986561915
2025-04-08 04:00:00,4.1893497528840875
2025-04-08 05:00:00,4.129286627530466
2025-04-08 06:00:00,8.272654318687765
2025-04-08 07:00:00,8.136522183520443
2025-04-08 08:00:00,8.065495616395177
2025-04-08 09:00:00,8.285630361836573
2025-04-08 10:00:00,8.040867664004907
2025-04-08 11:00:00,8.255483721900506
2025-04-08 12:00:00,8.03268761345419
2025-04-08 13:00:00,8.064287972942763
2025-04-08 14:00:00,8.25693477722135
2025-04-08 15:00:00,8.232297287386084
2025-04-08 16:00:00,8.288595799466716
2025-04-08 17:00:00,15.226579076023478
2025-04-08 18:00:00,15.056746039124112
2025-04-08 19:00:00,15.17133009637037
2025-04-08 20:00:00,15.12734868884632
2025-04-08 21:00:00,15.216141438192341
2025-04-08 22:00:00,15.339464268514815
2025-04-08 23:00:00,15.470564090326203
2025-04-09 00:00:00,4.145585504053128
2025-04-09 01:00:00,4.00867035387858
2025-04-09 02:00:00,4.177675600978398
2025-04-09 03:00:00,4.116504645234714
2025-04-09 04:00:00,4.134655377025828
2025-04-09 05:00:00,4.1886999352774446
2025-04-09 06:00:00,8.117493292142084
2025-04-09 07:00:00,8.212077975079563
2025-04-09 08:00:00,8.073663247955286
2025-04-09 09:00:00,8.208922428561573
2025-04-09 10:00:00,8.066538378975022
2025-04-09 11:00:00,8.149859207309417
2025-04-09 12:00:00,8.290331948574547
2025-04-09 13:00:00,8.020949066822965
2025-04-09 14:00:00,8.053553689498601
2025-04-09 15:00:00,8.160673212102887
2025-04-09 16:00:00,8.2788189253992
2025-04-09 17:00:00,15.205910130757678
2025-04-09 18:00:00,15.406169506672047
2025-04-09 19:00:00,15.35970224119628
2025-04-09 20:00:00,15.133114671273804
2025-04-09 21:00:00,15.1267686341064
2025-04-09 22:00:00,15.123869739426251
2025-04-09 23:00:00,15.412732931739315
2025-04-10 00:00:00,4.17432464683992
2025-04-10 01:00:00,4.083967546650893
2025-04-10 02:00:00,4.130357150110583
2025-04-10 03:00:00,4.0899490035727615
2025-04-10 04:00:00,4.164209376426941
2025-04-10 05:00:00,4.178467685412566
2025-04-10 06:00:00,8.183647516192442
2025-04-10 07:00:00,8.222808987088108
2025-04-10 08:00:00,8.101592587584271
2025-04-10 09:00:00,8.280647922393612
2025-04-10 10:00:00,8.115243212135864
2025-04-10 11:00:00,8.103942421449059
2025-04-10 12:00:00,8.011706713655638
2025-04-10 13:00:00,8.24997038176296
2025-04-10 14:00:00,8.242251194309702
2025-04-10 15:00:00,8.073729291397699
2025-04-10 16:00:00,8.041639996504308
2025-04-10 17:00:00,15.448029188260206
2025-04-10 18:00:00,15.488681077288346
2025-04-10 19:00:00,15.369743243723432
2025-04-10 20:00:00,15.23847425198078
2025-04-10 21:00:00,15.460805559409925
2025-04-10 22:00:00,15.417438278616231
2025-04-10 23:00:00,15.472505589238336
2025-04-11 00:00:00,4.07266176069602
2025-04-11 01:00:00,4.0040651677515156
2025-04-11 02:00:00,4.073094391552053
2025-04-11 03:00:00,4.159228768642997
2025-04-11 04:00:00,4.131159706061959
2025-04-11 05:00:00,4.039092958924828
2025-04-11 06:00:00,8.100782339260212
2025-04-11 07:00:00,8.12980556388221
2025-04-11 08:00:00,8.088879830253036
2025-04-11 09:00:00,8.11735990998506
2025-04-11 10:00:00,8.085507832646481
2025-04-11 11:00:00,8.269145143026211
2025-04-11 12:00:00,8.006275421443068
2025-04-11 13:00:00,8.061383915134602
2025-04-11 14:00:00,8.099973270526897
2025-04-11 15:00:00,8.192145147552726
2025-04-11 16:00:00,8.07678777682441
2025-04-11 17:00:00,15.128762222975393
2025-04-11 18:00:00,15.394545374568402
2025-04-11 19:00:00,15.0633842516323
2025-04-11 20:00:00,15.21170186890793
2025-04-11 21:00:00,15.163235152940954
2025-04-11 22:00:00,15.211096276739472
2025-04-11 23:00:00,15.448556950099256
2025-04-12 00:00:00,4.161935959200703
2025-04-12 01:00:00,4.197629726235184
2025-04-12 02:00:00,4.0923398246752045
2025-04-12 03:00:00,4.1780405495463855
2025-04-12 04:00:00,4.102891367335491
2025-04-12 05:00:00,4.140893558204153
2025-04-12 06:00:00,8.183689630192852
2025-04-12 07:00:00,8.225281538697104
2025-04-12 08:00:00,8.130625418319589
2025-04-12 09:00:00,8.13365752373629
2025-04-12 10:00:00,8.02387066737699
2025-04-12 11:00:00,8.0803224748498
2025-04-12 12:00:00,8.101886452018817
2025-04-12 13:00:00,8.218170742010917
2025-04-12 14:00:00,8.202234338914007
2025-04-12 15:00:00,8.148737793276325
2025-04-12 16:00:00,8.208024344384468
2025-04-12 17:00:00,15.32014378592092
2025-04-12 18:00:00,15.114519446852977
2025-04-12 19:00:00,15.288099525870745
2025-04-12 20:00:00,15.009576417299249
2025-04-12 21:00:00,15.126634119916437
2025-04-12 22:00:00,15.060808642799547
2025-04-12 23:00:00,15.003245438236728
2025-04-13 00:00:00,4.100359827865896
2025-04-13 01:00:00,4.1918324920396195
2025-04-13 02:00:00,4.046595263968071
2025-04-13 03:00:00,4.193504648283282
2025-04-13 04:00:00,4.045456749077878
2025-04-13 05:00:00,4.170915920935947
2025-04-13 06:00:00,8.211934587968353
2025-04-13 07:00:00,8.299756494052776
2025-04-13 08:00:00,8.144094495691016
2025-04-13 09:00:00,8.198290827075535
2025-04-13 10:00:00,8.242333981911193
2025-04-13 11:00:00,8.12564982214086
2025-04-13 12:00:00,8.095630981577328
2025-04-13 13:00:00,8.206384717273716
2025-04-13 14:00:00,8.016991875586191
2025-04-13 15:00:00,8.18521950904355
2025-04-13 16:00:00,8.129265945582109
2025-04-13 17:00:00,15.359487118530033
2025-04-13 18:00:00,15.426666791653629
2025-04-13 19:00:00,15.078392927631098
2025-04-13 20:00:00,15.05511946673899
2025-04-13 21:00:00,15.476554120613555
2025-04-13 22:00:00,15.21437720571418
2025-04-13 23:00:00,15.311350500294433
2025-04-14 00:00:00,4.128158663440598
2025-04-14 01:00:00,4.1933985974880565
2025-04-14 02:00:00,4.136233345721603
2025-04-14 03:00:00,4.031123295573153
2025-04-14 04:00:00,4.045601504201952
2025-04-14 05:00:00,4.139836651670087
2025-04-14 06:00:00,8.083953031245567
2025-04-14 07:00:00,8.228638107060075
2025-04-14 08:00:00,8.23824764895701
2025-04-14 09:00:00,8.120412143862668
2025-04-14 10:00:00,8.237847377030587
2025-04-14 11:00:00,8.1478800494393
2025-04-14 12:00:00,8.03267397579966
2025-04-14 13:00:00,8.21161908349501
2025-04-14 14:00:00,8.283763021077396
2025-04-14 15:00:00,8.272796474464695
2025-04-14 16:00:00,8.28028246339955
2025-04-14 17:00:00,15.223872152936652
2025-04-14 18:00:00,15.27641764573572
2025-04-14 19:00:00,15.435759715998662
2025-04-14 20:00:00,15.235755997600988
2025-04-14 21:00:00,15.03573089196549
2025-04-14 22:00:00,15.415897542640254
2025-04-14 23:00:00,15.118895387512724
2025-04-15 00:00:00,4.071383382753208
2025-04-15 01:00:00,4.005733151984592
2025-04-15 02:00:00,4.186197135247001
2025-04-15 03:00:00,4.174094530772685
2025-04-15 04:00:00,4.01856089448296
2025-04-15 05:00:00,4.106600423903682
2025-04-15 06:00:00,8.14491648478333
2025-04-15 07:00:00,8.003028538526088
2025-04-15 08:00:00,8.06444862923586
2025-04-15 09:00:00,8.245890218975486
2025-04-15 10:00:00,8.06306221425399
2025-04-15 11:00:00,8.009957777779775
2025-04-15 12:00:00,8.00907168604894
2025-04-15 13:00:00,8.216862479175434
2025-04-15 14:00:00,8.279238455336808
2025-04-15 15:00:00,8.094136403228134
2025-04-15 16:00:00,8.217659320022445
2025-04-15 17:00:00,15.135679110982428
2025-04-15 18:00:00,15.023349341303293
2025-04-15 19:00:00,15.180464365248232
2025-04-15 20:00:00,15.172398184591096
2025-04-15 21:00:00,15.06781047462275
2025-04-15 22:00:00,15.07196750147636
2025-04-15 23:00:00,15.272165819009198
2025-04-16 00:00:00,4.149207261246073
2025-04-16 01:00:00,4.100596259185222
2025-04-16 02:00:00,4.172146696075327
2025-04-16 03:00:00,4.119641747142653
2025-04-16 04:00:00,4.119434607756214
2025-04-16 05:00:00,4.003311163122534
2025-04-16 06:00:00,8.141771027483404
2025-04-16 07:00:00,8.072639961158956
2025-04-16 08:00:00,8.295622140023331
2025-04-16 09:00:00,8.033557632061088
2025-04-16 10:00:00,8.05872251958312
2025-04-16 11:00:00,8.025366100849627
2025-04-16 12:00:00,8.053814763323915
2025-04-16 13:00:00,8.160148506217059
2025-04-16 14:00:00,8.2041941009354
2025-04-16 15:00:00,8.166551590297326
2025-04-16 16:00:00,8.044309740105213
2025-04-16 17:00:00,15.156216361890948
2025-04-16 18:00:00,15.390544120996717
2025-04-16 19:00:00,15.021400284835906
2025-04-16 20:00:00,15.096324752691586
2025-04-16 21:00:00,15.35573307080836
2025-04-16 22:00:00,15.401506666670665
2025-04-16 23:00:00,15.433214983781156
