,Load_kW
2025-01-26 17:39:10,15.050964678731075
2025-01-26 18:39:10,15.16969299596261
2025-01-26 19:39:10,15.220426319484558
2025-01-26 20:39:10,15.3765355787275
2025-01-26 21:39:10,15.083052888147195
2025-01-26 22:39:10,15.03806001357084
2025-01-26 23:39:10,15.020137694143058
2025-01-27 00:39:10,4.102595596125508
2025-01-27 01:39:10,4.016800277842781
2025-01-27 02:39:10,4.069023825668025
2025-01-27 03:39:10,4.057665829350279
2025-01-27 04:39:10,4.135471941213036
2025-01-27 05:39:10,4.04013176968601
2025-01-27 06:39:10,8.04118338958404
2025-01-27 07:39:10,8.29976799166233
2025-01-27 08:39:10,8.106492514204518
2025-01-27 09:39:10,8.076302626329008
2025-01-27 10:39:10,8.248081774065898
2025-01-27 11:39:10,8.134042610586675
2025-01-27 12:39:10,8.211365770003148
2025-01-27 13:39:10,8.207763718290003
2025-01-27 14:39:10,8.01861691202944
2025-01-27 15:39:10,8.034045678173879
2025-01-27 16:39:10,8.022010841121245
2025-01-27 17:39:10,15.022173350774874
2025-01-27 18:39:10,15.101508310901776
2025-01-27 19:39:10,15.06520866584539
2025-01-27 20:39:10,15.358681091050828
2025-01-27 21:39:10,15.344204396341585
2025-01-27 22:39:10,15.135508741036407
2025-01-27 23:39:10,15.256654004192136
2025-01-28 00:39:10,4.057729423032777
2025-01-28 01:39:10,4.121271846134008
2025-01-28 02:39:10,4.153216751595989
2025-01-28 03:39:10,4.091139191717652
2025-01-28 04:39:10,4.011514286847305
2025-01-28 05:39:10,4.120468169001603
2025-01-28 06:39:10,8.099898916740752
2025-01-28 07:39:10,8.11840606166474
2025-01-28 08:39:10,8.028505758615646
2025-01-28 09:39:10,8.107850271798602
2025-01-28 10:39:10,8.05276739965513
2025-01-28 11:39:10,8.016825008684322
2025-01-28 12:39:10,8.27507349214714
2025-01-28 13:39:10,8.275908081158224
2025-01-28 14:39:10,8.080526894429774
2025-01-28 15:39:10,8.19678116918019
2025-01-28 16:39:10,8.217258571838718
2025-01-28 17:39:10,15.368397836202163
2025-01-28 18:39:10,15.25359001800872
2025-01-28 19:39:10,15.350498483322687
2025-01-28 20:39:10,15.068735734575569
2025-01-28 21:39:10,15.199342677233886
2025-01-28 22:39:10,15.244561808327719
2025-01-28 23:39:10,15.187686727142413
2025-01-29 00:39:10,4.172044768068413
2025-01-29 01:39:10,4.184431245428217
2025-01-29 02:39:10,4.034519450312926
2025-01-29 03:39:10,4.047370562742515
2025-01-29 04:39:10,4.1473846908520615
2025-01-29 05:39:10,4.170188726042818
2025-01-29 06:39:10,8.236008650835114
2025-01-29 07:39:10,8.078682806870553
2025-01-29 08:39:10,8.086050557408383
2025-01-29 09:39:10,8.166324621879046
2025-01-29 10:39:10,8.131658729061261
2025-01-29 11:39:10,8.154384656736315
2025-01-29 12:39:10,8.198229535234791
2025-01-29 13:39:10,8.224346403762485
2025-01-29 14:39:10,8.271420232816077
2025-01-29 15:39:10,8.090944504170661
2025-01-29 16:39:10,8.151335962000514
2025-01-29 17:39:10,15.021463212322159
2025-01-29 18:39:10,15.358739796617849
2025-01-29 19:39:10,15.20958886177217
2025-01-29 20:39:10,15.439596724682188
2025-01-29 21:39:10,15.107961849398963
2025-01-29 22:39:10,15.44025269836906
2025-01-29 23:39:10,15.004220647583013
2025-01-30 00:39:10,4.068221064635238
2025-01-30 01:39:10,4.123100562623414
2025-01-30 02:39:10,4.13305309801673
2025-01-30 03:39:10,4.093581163780474
2025-01-30 04:39:10,4.0028639830873765
2025-01-30 05:39:10,4.188342589450042
2025-01-30 06:39:10,8.039651112260222
2025-01-30 07:39:10,8.192632093152865
2025-01-30 08:39:10,8.005460628550022
2025-01-30 09:39:10,8.193029263237609
2025-01-30 10:39:10,8.091988354208528
2025-01-30 11:39:10,8.160714785903549
2025-01-30 12:39:10,8.208313003335777
2025-01-30 13:39:10,8.006443606604998
2025-01-30 14:39:10,8.179155483801951
2025-01-30 15:39:10,8.291518905174891
2025-01-30 16:39:10,8.261293582162752
2025-01-30 17:39:10,15.405700098496064
2025-01-30 18:39:10,15.380853868524508
2025-01-30 19:39:10,15.040577556071305
2025-01-30 20:39:10,15.151030429303232
2025-01-30 21:39:10,15.429711487293574
2025-01-30 22:39:10,15.267933249415513
2025-01-30 23:39:10,15.192304574844677
2025-01-31 00:39:10,4.0509888951241875
2025-01-31 01:39:10,4.149589058515862
2025-01-31 02:39:10,4.061369795247283
2025-01-31 03:39:10,4.040294747879408
2025-01-31 04:39:10,4.004928297765468
2025-01-31 05:39:10,4.18202058344721
2025-01-31 06:39:10,8.203293219116482
2025-01-31 07:39:10,8.179897716093045
2025-01-31 08:39:10,8.145058590181533
2025-01-31 09:39:10,8.210685155025004
2025-01-31 10:39:10,8.039945876639663
2025-01-31 11:39:10,8.14660991569989
2025-01-31 12:39:10,8.047127419978603
2025-01-31 13:39:10,8.053000565738971
2025-01-31 14:39:10,8.281609617287977
2025-01-31 15:39:10,8.096766469487854
2025-01-31 16:39:10,8.147505335929546
2025-01-31 17:39:10,15.023565690040694
2025-01-31 18:39:10,15.29286597979207
2025-01-31 19:39:10,15.116163278786463
2025-01-31 20:39:10,15.015490427285158
2025-01-31 21:39:10,15.224946305739598
2025-01-31 22:39:10,15.490086575342335
2025-01-31 23:39:10,15.209018370295878
2025-02-01 00:39:10,4.112052599702419
2025-02-01 01:39:10,4.125877304745674
2025-02-01 02:39:10,4.071798027895973
2025-02-01 03:39:10,4.044821518401739
2025-02-01 04:39:10,4.148979219683032
2025-02-01 05:39:10,4.178816276112122
2025-02-01 06:39:10,8.057495549758535
2025-02-01 07:39:10,8.196437208673858
2025-02-01 08:39:10,8.120938715559458
2025-02-01 09:39:10,8.09673978676987
2025-02-01 10:39:10,8.153419872121875
2025-02-01 11:39:10,8.211874663267512
2025-02-01 12:39:10,8.13305918492869
2025-02-01 13:39:10,8.143585462614988
2025-02-01 14:39:10,8.026194434106667
2025-02-01 15:39:10,8.036404164325228
2025-02-01 16:39:10,8.116241571110072
2025-02-01 17:39:10,15.405498481818348
2025-02-01 18:39:10,15.241121660064291
2025-02-01 19:39:10,15.324374636245977
2025-02-01 20:39:10,15.023755786679386
2025-02-01 21:39:10,15.051918117525075
2025-02-01 22:39:10,15.11939084038682
2025-02-01 23:39:10,15.370021796458603
2025-02-02 00:39:10,4.167475660171841
2025-02-02 01:39:10,4.054214612886054
2025-02-02 02:39:10,4.057401345007464
2025-02-02 03:39:10,4.037646002241486
2025-02-02 04:39:10,4.134335053312998
2025-02-02 05:39:10,4.097252212160674
2025-02-02 06:39:10,8.140299653181783
2025-02-02 07:39:10,8.29695424544383
2025-02-02 08:39:10,8.01181804474165
2025-02-02 09:39:10,8.053234962615676
2025-02-02 10:39:10,8.27831372184085
2025-02-02 11:39:10,8.22166798129671
2025-02-02 12:39:10,8.190971042530723
2025-02-02 13:39:10,8.230900706806255
2025-02-02 14:39:10,8.261064263726155
2025-02-02 15:39:10,8.024596213981209
2025-02-02 16:39:10,8.073712648753554
2025-02-02 17:39:10,15.374832315892657
2025-02-02 18:39:10,15.207276327267266
2025-02-02 19:39:10,15.450492741495669
2025-02-02 20:39:10,15.333826380974623
2025-02-02 21:39:10,15.337269095631592
2025-02-02 22:39:10,15.478556117881231
2025-02-02 23:39:10,15.449642902303378
2025-02-03 00:39:10,4.016565141176274
2025-02-03 01:39:10,4.031683970196682
2025-02-03 02:39:10,4.105769082825857
2025-02-03 03:39:10,4.108314213480041
2025-02-03 04:39:10,4.019509018842565
2025-02-03 05:39:10,4.178175200198021
2025-02-03 06:39:10,8.223884997435482
2025-02-03 07:39:10,8.132709008106376
2025-02-03 08:39:10,8.169999111414075
2025-02-03 09:39:10,8.129850143101212
2025-02-03 10:39:10,8.152489636038489
2025-02-03 11:39:10,8.03592892982034
2025-02-03 12:39:10,8.01344783253113
2025-02-03 13:39:10,8.173081247276466
2025-02-03 14:39:10,8.198181104685998
2025-02-03 15:39:10,8.005121685212854
2025-02-03 16:39:10,8.270746115337122
2025-02-03 17:39:10,15.296995310960206
2025-02-03 18:39:10,15.131264674871343
2025-02-03 19:39:10,15.287097340624038
2025-02-03 20:39:10,15.406254689649563
2025-02-03 21:39:10,15.063802772145849
2025-02-03 22:39:10,15.003809685918199
2025-02-03 23:39:10,15.135157983636342
2025-02-04 00:39:10,4.181103524275394
2025-02-04 01:39:10,4.148373759673516
2025-02-04 02:39:10,4.127657547815172
2025-02-04 03:39:10,4.186924548051896
2025-02-04 04:39:10,4.097007650113057
2025-02-04 05:39:10,4.18910357802228
2025-02-04 06:39:10,8.196279397576301
2025-02-04 07:39:10,8.163085061177078
2025-02-04 08:39:10,8.261687355512056
2025-02-04 09:39:10,8.074818411634112
2025-02-04 10:39:10,8.291138484643485
2025-02-04 11:39:10,8.23970517737047
2025-02-04 12:39:10,8.11265473898485
2025-02-04 13:39:10,8.16167692544948
2025-02-04 14:39:10,8.187401504687113
2025-02-04 15:39:10,8.136477730701735
2025-02-04 16:39:10,8.036080960353527
2025-02-04 17:39:10,15.224332582083804
2025-02-04 18:39:10,15.100886640718155
2025-02-04 19:39:10,15.296343408542599
2025-02-04 20:39:10,15.155372395243717
2025-02-04 21:39:10,15.003011489463313
2025-02-04 22:39:10,15.02909956065579
2025-02-04 23:39:10,15.008777725577437
2025-02-05 00:39:10,4.014112411390795
2025-02-05 01:39:10,4.187640023158009
2025-02-05 02:39:10,4.014751161556475
2025-02-05 03:39:10,4.101971764850715
2025-02-05 04:39:10,4.155153083539085
2025-02-05 05:39:10,4.127754984559134
2025-02-05 06:39:10,8.135617652179645
2025-02-05 07:39:10,8.000642602437802
2025-02-05 08:39:10,8.125148295754878
2025-02-05 09:39:10,8.016826899038811
2025-02-05 10:39:10,8.055209714696861
2025-02-05 11:39:10,8.258155396264836
2025-02-05 12:39:10,8.007522662462042
2025-02-05 13:39:10,8.010165884731832
2025-02-05 14:39:10,8.19536718889067
2025-02-05 15:39:10,8.007586582546706
2025-02-05 16:39:10,8.130984559356502
2025-02-05 17:39:10,15.422918351284158
2025-02-05 18:39:10,15.036323431179012
2025-02-05 19:39:10,15.131803520394916
2025-02-05 20:39:10,15.250845497804281
2025-02-05 21:39:10,15.201653115422252
2025-02-05 22:39:10,15.219892940372372
2025-02-05 23:39:10,15.045558513174855
2025-02-06 00:39:10,4.150567937488148
2025-02-06 01:39:10,4.044636151378311
2025-02-06 02:39:10,4.165880067763602
2025-02-06 03:39:10,4.1988300551591795
2025-02-06 04:39:10,4.0885743762634625
2025-02-06 05:39:10,4.124819015810284
2025-02-06 06:39:10,8.299621012788442
2025-02-06 07:39:10,8.199101560703053
2025-02-06 08:39:10,8.011634973035736
2025-02-06 09:39:10,8.17793046899786
2025-02-06 10:39:10,8.119131517618575
2025-02-06 11:39:10,8.047633769857574
2025-02-06 12:39:10,8.115411293704751
2025-02-06 13:39:10,8.172513919113728
2025-02-06 14:39:10,8.278083737494669
2025-02-06 15:39:10,8.127278846389844
2025-02-06 16:39:10,8.202425644541197
2025-02-06 17:39:10,15.471751242858533
2025-02-06 18:39:10,15.48200749724955
2025-02-06 19:39:10,15.363125454912248
2025-02-06 20:39:10,15.392124647114139
2025-02-06 21:39:10,15.370000137905315
2025-02-06 22:39:10,15.06042618107386
2025-02-06 23:39:10,15.063110941475916
2025-02-07 00:39:10,4.143673484945179
2025-02-07 01:39:10,4.022357071100777
2025-02-07 02:39:10,4.125703338127919
2025-02-07 03:39:10,4.13343592963769
2025-02-07 04:39:10,4.08467866401299
2025-02-07 05:39:10,4.075999781476585
2025-02-07 06:39:10,8.108989508730462
2025-02-07 07:39:10,8.243916100605965
2025-02-07 08:39:10,8.231325758603829
2025-02-07 09:39:10,8.09979995333163
2025-02-07 10:39:10,8.071121724194047
2025-02-07 11:39:10,8.147309894425112
2025-02-07 12:39:10,8.285661979835716
2025-02-07 13:39:10,8.047464008717109
2025-02-07 14:39:10,8.158719807652904
2025-02-07 15:39:10,8.04110855959992
2025-02-07 16:39:10,8.1272468153968
2025-02-07 17:39:10,15.209544915728376
2025-02-07 18:39:10,15.21948907764598
2025-02-07 19:39:10,15.469635525276203
2025-02-07 20:39:10,15.287502907185756
2025-02-07 21:39:10,15.111726289497017
2025-02-07 22:39:10,15.272182326843533
2025-02-07 23:39:10,15.135161451800192
2025-02-08 00:39:10,4.0384035628438255
2025-02-08 01:39:10,4.011311367506727
2025-02-08 02:39:10,4.077820567531878
2025-02-08 03:39:10,4.147940288886572
2025-02-08 04:39:10,4.189393178519909
2025-02-08 05:39:10,4.1479753153371215
2025-02-08 06:39:10,8.196413707102256
2025-02-08 07:39:10,8.08206557118562
2025-02-08 08:39:10,8.039304694515664
2025-02-08 09:39:10,8.009893426545212
2025-02-08 10:39:10,8.219151853780449
2025-02-08 11:39:10,8.19281221408382
2025-02-08 12:39:10,8.16594527523893
2025-02-08 13:39:10,8.087556873674378
2025-02-08 14:39:10,8.185999602089293
2025-02-08 15:39:10,8.196635971101756
2025-02-08 16:39:10,8.100182708864931
2025-02-08 17:39:10,15.021147278797415
2025-02-08 18:39:10,15.029428654779755
2025-02-08 19:39:10,15.439118912859037
2025-02-08 20:39:10,15.113954831760209
2025-02-08 21:39:10,15.098451827636335
2025-02-08 22:39:10,15.16460559130029
2025-02-08 23:39:10,15.043634697195298
2025-02-09 00:39:10,4.196045836399984
2025-02-09 01:39:10,4.1576812916583386
2025-02-09 02:39:10,4.161977534626758
2025-02-09 03:39:10,4.19487488755326
2025-02-09 04:39:10,4.08915256239098
2025-02-09 05:39:10,4.179770924694715
2025-02-09 06:39:10,8.042475106909274
2025-02-09 07:39:10,8.051189847079439
2025-02-09 08:39:10,8.134029466229006
2025-02-09 09:39:10,8.234923446310036
2025-02-09 10:39:10,8.002691134714722
2025-02-09 11:39:10,8.083842778180433
2025-02-09 12:39:10,8.071932096620698
2025-02-09 13:39:10,8.043230475032093
2025-02-09 14:39:10,8.25685537090567
2025-02-09 15:39:10,8.261267044413815
2025-02-09 16:39:10,8.274409858821198
2025-02-09 17:39:10,15.361161865931733
2025-02-09 18:39:10,15.423170433248174
2025-02-09 19:39:10,15.304857240187435
2025-02-09 20:39:10,15.261617448038951
2025-02-09 21:39:10,15.449254099826168
2025-02-09 22:39:10,15.493480088291943
2025-02-09 23:39:10,15.041605013440874
2025-02-10 00:39:10,4.001123182787573
2025-02-10 01:39:10,4.013424941244798
2025-02-10 02:39:10,4.150457985733856
2025-02-10 03:39:10,4.0265519167000265
2025-02-10 04:39:10,4.042279620819083
2025-02-10 05:39:10,4.080813055271042
2025-02-10 06:39:10,8.124553887586128
2025-02-10 07:39:10,8.137224260730228
2025-02-10 08:39:10,8.107240759024448
2025-02-10 09:39:10,8.139433027457521
2025-02-10 10:39:10,8.259415156319195
2025-02-10 11:39:10,8.255224700002936
2025-02-10 12:39:10,8.15426729128368
2025-02-10 13:39:10,8.243414991246677
2025-02-10 14:39:10,8.146618975551176
2025-02-10 15:39:10,8.190022256225944
2025-02-10 16:39:10,8.121336144908549
2025-02-10 17:39:10,15.02998678930443
2025-02-10 18:39:10,15.443961949672177
2025-02-10 19:39:10,15.276461764613774
2025-02-10 20:39:10,15.243397600121972
2025-02-10 21:39:10,15.389384856404202
2025-02-10 22:39:10,15.190203887384946
2025-02-10 23:39:10,15.289731997318029
2025-02-11 00:39:10,4.133317720998932
2025-02-11 01:39:10,4.181671408160646
2025-02-11 02:39:10,4.014023166389297
2025-02-11 03:39:10,4.152657828612491
2025-02-11 04:39:10,4.033799343282611
2025-02-11 05:39:10,4.0764304891383665
2025-02-11 06:39:10,8.210509635689371
2025-02-11 07:39:10,8.13877304943529
2025-02-11 08:39:10,8.186304846087811
2025-02-11 09:39:10,8.033183794648826
2025-02-11 10:39:10,8.243266123265268
2025-02-11 11:39:10,8.137606140518345
2025-02-11 12:39:10,8.181332487106623
2025-02-11 13:39:10,8.175114889138436
2025-02-11 14:39:10,8.064105447969593
2025-02-11 15:39:10,8.04761083724553
2025-02-11 16:39:10,8.287961117541881
2025-02-11 17:39:10,15.330447552059058
2025-02-11 18:39:10,15.234283408008931
2025-02-11 19:39:10,15.013764293992162
2025-02-11 20:39:10,15.26658287977805
2025-02-11 21:39:10,15.108703443830864
2025-02-11 22:39:10,15.07414114169238
2025-02-11 23:39:10,15.479110264728794
2025-02-12 00:39:10,4.0678671575394985
2025-02-12 01:39:10,4.148592604817184
2025-02-12 02:39:10,4.112924693268672
2025-02-12 03:39:10,4.031932303994921
2025-02-12 04:39:10,4.031864615450355
2025-02-12 05:39:10,4.030003654575036
2025-02-12 06:39:10,8.291588548027857
2025-02-12 07:39:10,8.162240627304136
2025-02-12 08:39:10,8.045314793427753
2025-02-12 09:39:10,8.276570611845797
2025-02-12 10:39:10,8.1107110813352
2025-02-12 11:39:10,8.297072881770205
2025-02-12 12:39:10,8.159671839893653
2025-02-12 13:39:10,8.064058528816574
2025-02-12 14:39:10,8.100626642278892
2025-02-12 15:39:10,8.176729133005146
2025-02-12 16:39:10,8.10530729001187
2025-02-12 17:39:10,15.30706433982756
2025-02-12 18:39:10,15.019731331908263
2025-02-12 19:39:10,15.042856701253614
2025-02-12 20:39:10,15.23429362442322
2025-02-12 21:39:10,15.233488230240736
2025-02-12 22:39:10,15.139498404684584
2025-02-12 23:39:10,15.182950046682034
2025-02-13 00:39:10,4.05373753028045
2025-02-13 01:39:10,4.057014840022977
2025-02-13 02:39:10,4.010178814952852
2025-02-13 03:39:10,4.041111108962219
2025-02-13 04:39:10,4.162811453899969
2025-02-13 05:39:10,4.184743380238227
2025-02-13 06:39:10,8.140975948050036
2025-02-13 07:39:10,8.126811926097238
2025-02-13 08:39:10,8.001205635265476
2025-02-13 09:39:10,8.11875972505629
2025-02-13 10:39:10,8.150472344115967
2025-02-13 11:39:10,8.27878017084734
2025-02-13 12:39:10,8.073162895028346
2025-02-13 13:39:10,8.250526592268736
2025-02-13 14:39:10,8.086424892883906
2025-02-13 15:39:10,8.105414118138908
2025-02-13 16:39:10,8.244857477318003
2025-02-13 17:39:10,15.126246276174255
2025-02-13 18:39:10,15.255452605202205
2025-02-13 19:39:10,15.291035327115692
2025-02-13 20:39:10,15.380889717091511
2025-02-13 21:39:10,15.464669437555912
2025-02-13 22:39:10,15.316046040389761
2025-02-13 23:39:10,15.45011838977941
2025-02-14 00:39:10,4.180837095637192
2025-02-14 01:39:10,4.002607898263639
2025-02-14 02:39:10,4.058284210268176
2025-02-14 03:39:10,4.17962852411084
2025-02-14 04:39:10,4.123469689085766
2025-02-14 05:39:10,4.080435211111872
2025-02-14 06:39:10,8.17600284695072
2025-02-14 07:39:10,8.280624787867007
2025-02-14 08:39:10,8.085938317268754
2025-02-14 09:39:10,8.251694742277731
2025-02-14 10:39:10,8.036310251055141
2025-02-14 11:39:10,8.090608575578884
2025-02-14 12:39:10,8.118250863749157
2025-02-14 13:39:10,8.153712924716178
2025-02-14 14:39:10,8.135803772107293
2025-02-14 15:39:10,8.092559017069037
2025-02-14 16:39:10,8.05194150449746
2025-02-14 17:39:10,15.002462821363727
2025-02-14 18:39:10,15.006375115222014
2025-02-14 19:39:10,15.060120259666915
2025-02-14 20:39:10,15.454849321765602
2025-02-14 21:39:10,15.1134404291091
2025-02-14 22:39:10,15.180326966424005
2025-02-14 23:39:10,15.137293463972561
2025-02-15 00:39:10,4.187531285761557
2025-02-15 01:39:10,4.13605388658955
2025-02-15 02:39:10,4.133816849487679
2025-02-15 03:39:10,4.1126112987165655
2025-02-15 04:39:10,4.170134589023152
2025-02-15 05:39:10,4.163370664715521
2025-02-15 06:39:10,8.019029197452682
2025-02-15 07:39:10,8.267502524298424
2025-02-15 08:39:10,8.254267095791501
2025-02-15 09:39:10,8.165259651567748
2025-02-15 10:39:10,8.1270776332197
2025-02-15 11:39:10,8.160015563957868
2025-02-15 12:39:10,8.212825661386642
2025-02-15 13:39:10,8.072786024932432
2025-02-15 14:39:10,8.193025514919485
2025-02-15 15:39:10,8.25353619507345
2025-02-15 16:39:10,8.267342880320424
2025-02-15 17:39:10,15.233629995532333
2025-02-15 18:39:10,15.475132281975833
2025-02-15 19:39:10,15.423723217882781
2025-02-15 20:39:10,15.455790230596094
2025-02-15 21:39:10,15.01440691775465
2025-02-15 22:39:10,15.117195506264306
2025-02-15 23:39:10,15.484054495741987
2025-02-16 00:39:10,4.04313980029982
2025-02-16 01:39:10,4.09972629447486
2025-02-16 02:39:10,4.1164987456190385
2025-02-16 03:39:10,4.105947771297736
2025-02-16 04:39:10,4.173050185931273
2025-02-16 05:39:10,4.057037641146599
2025-02-16 06:39:10,8.124982478020959
2025-02-16 07:39:10,8.024136195871945
2025-02-16 08:39:10,8.126680601082745
2025-02-16 09:39:10,8.282012221379535
2025-02-16 10:39:10,8.173249603030692
2025-02-16 11:39:10,8.085171019045937
2025-02-16 12:39:10,8.188685826885635
2025-02-16 13:39:10,8.062791043050499
2025-02-16 14:39:10,8.077283851863244
2025-02-16 15:39:10,8.10820355821726
2025-02-16 16:39:10,8.188883688422552
2025-02-16 17:39:10,15.178860610857871
2025-02-16 18:39:10,15.469716404113047
2025-02-16 19:39:10,15.37047051402216
2025-02-16 20:39:10,15.311035581254005
2025-02-16 21:39:10,15.466192478759101
2025-02-16 22:39:10,15.34638991257401
2025-02-16 23:39:10,15.20387746867635
2025-02-17 00:39:10,4.089073993635918
2025-02-17 01:39:10,4.166485431100846
2025-02-17 02:39:10,4.128698752715074
2025-02-17 03:39:10,4.10236297853074
2025-02-17 04:39:10,4.10907316392114
2025-02-17 05:39:10,4.196442135497118
2025-02-17 06:39:10,8.143392626086781
2025-02-17 07:39:10,8.132972784988823
2025-02-17 08:39:10,8.141141054375154
2025-02-17 09:39:10,8.10087377513318
2025-02-17 10:39:10,8.083968784071232
2025-02-17 11:39:10,8.215826362610038
2025-02-17 12:39:10,8.042489711277716
2025-02-17 13:39:10,8.163428482352181
2025-02-17 14:39:10,8.225244630378802
2025-02-17 15:39:10,8.014862471349867
2025-02-17 16:39:10,8.264948106668655
2025-02-17 17:39:10,15.05951116091896
2025-02-17 18:39:10,15.274977197950033
2025-02-17 19:39:10,15.480230503767325
2025-02-17 20:39:10,15.285311142321172
2025-02-17 21:39:10,15.363133935755275
2025-02-17 22:39:10,15.29919010146597
2025-02-17 23:39:10,15.096815603509386
2025-02-18 00:39:10,4.159306620084157
2025-02-18 01:39:10,4.148328679655896
2025-02-18 02:39:10,4.049690954317653
2025-02-18 03:39:10,4.184990513469497
2025-02-18 04:39:10,4.118670348252994
2025-02-18 05:39:10,4.122547144123576
2025-02-18 06:39:10,8.285140389769703
2025-02-18 07:39:10,8.265547652755256
2025-02-18 08:39:10,8.23069504478773
2025-02-18 09:39:10,8.252112909972938
2025-02-18 10:39:10,8.257041023017715
2025-02-18 11:39:10,8.198832503058572
2025-02-18 12:39:10,8.294926347234941
2025-02-18 13:39:10,8.298589981855926
2025-02-18 14:39:10,8.153573705295528
2025-02-18 15:39:10,8.091461743074186
2025-02-18 16:39:10,8.235934579261249
2025-02-18 17:39:10,15.252393064601776
2025-02-18 18:39:10,15.216075965358053
2025-02-18 19:39:10,15.090191319600127
2025-02-18 20:39:10,15.355847689809702
2025-02-18 21:39:10,15.140532246308712
2025-02-18 22:39:10,15.423532349493243
2025-02-18 23:39:10,15.408724612603503
2025-02-19 00:39:10,4.169367212707967
2025-02-19 01:39:10,4.131551031854933
2025-02-19 02:39:10,4.148618236001902
2025-02-19 03:39:10,4.1359413394317315
2025-02-19 04:39:10,4.0154908851808555
2025-02-19 05:39:10,4.0002850000472305
2025-02-19 06:39:10,8.292094553997698
2025-02-19 07:39:10,8.014498835572438
2025-02-19 08:39:10,8.09183520338378
2025-02-19 09:39:10,8.0309480251621
2025-02-19 10:39:10,8.06142527158975
2025-02-19 11:39:10,8.070262755654829
2025-02-19 12:39:10,8.17711664196989
2025-02-19 13:39:10,8.186923642447281
2025-02-19 14:39:10,8.041403961541452
2025-02-19 15:39:10,8.10109533379675
2025-02-19 16:39:10,8.232203815469058
2025-02-19 17:39:10,15.232165666618794
2025-02-19 18:39:10,15.407015814172437
2025-02-19 19:39:10,15.113907340229103
2025-02-19 20:39:10,15.267010457764927
2025-02-19 21:39:10,15.318582590605669
2025-02-19 22:39:10,15.331534145084689
2025-02-19 23:39:10,15.146534849475145
2025-02-20 00:39:10,4.033733466733201
2025-02-20 01:39:10,4.094486149357015
2025-02-20 02:39:10,4.119600180730114
2025-02-20 03:39:10,4.072245318132134
2025-02-20 04:39:10,4.054854715477236
2025-02-20 05:39:10,4.136693585792244
2025-02-20 06:39:10,8.2524368986346
2025-02-20 07:39:10,8.217066154607263
2025-02-20 08:39:10,8.038353899536055
2025-02-20 09:39:10,8.01059031575725
2025-02-20 10:39:10,8.248177884578068
2025-02-20 11:39:10,8.034945751076892
2025-02-20 12:39:10,8.034631356243546
2025-02-20 13:39:10,8.176801933881347
2025-02-20 14:39:10,8.241485606994152
2025-02-20 15:39:10,8.160543800583248
2025-02-20 16:39:10,8.091464204200657
2025-02-20 17:39:10,15.26553330149749
2025-02-20 18:39:10,15.0599909236313
2025-02-20 19:39:10,15.345280275311344
2025-02-20 20:39:10,15.203346814452388
2025-02-20 21:39:10,15.38309566517069
2025-02-20 22:39:10,15.182050616189764
2025-02-20 23:39:10,15.425735140978633
2025-02-21 00:39:10,4.118734333631836
2025-02-21 01:39:10,4.155251959360518
2025-02-21 02:39:10,4.054592588207364
2025-02-21 03:39:10,4.180849072510354
2025-02-21 04:39:10,4.096678034257837
2025-02-21 05:39:10,4.008322913357162
2025-02-21 06:39:10,8.258692034715475
2025-02-21 07:39:10,8.174328215403056
2025-02-21 08:39:10,8.285594843254133
2025-02-21 09:39:10,8.11971021303558
2025-02-21 10:39:10,8.265115085971779
2025-02-21 11:39:10,8.030242956526068
2025-02-21 12:39:10,8.049697192052486
2025-02-21 13:39:10,8.29543146450281
2025-02-21 14:39:10,8.20138587563697
2025-02-21 15:39:10,8.002241643468905
2025-02-21 16:39:10,8.145692476494812
2025-02-21 17:39:10,15.162201114454861
2025-02-21 18:39:10,15.374268779623302
2025-02-21 19:39:10,15.062422812418925
2025-02-21 20:39:10,15.040055015368516
2025-02-21 21:39:10,15.22394980670974
2025-02-21 22:39:10,15.143868699006386
2025-02-21 23:39:10,15.490583174667984
2025-02-22 00:39:10,4.127587783430052
2025-02-22 01:39:10,4.030923506413986
2025-02-22 02:39:10,4.185306333448528
2025-02-22 03:39:10,4.091673859263039
2025-02-22 04:39:10,4.103897126989913
2025-02-22 05:39:10,4.048751924554945
2025-02-22 06:39:10,8.189127077060403
2025-02-22 07:39:10,8.214112432137469
2025-02-22 08:39:10,8.130615681488212
2025-02-22 09:39:10,8.096997138898262
2025-02-22 10:39:10,8.18104331451291
2025-02-22 11:39:10,8.274956579242522
2025-02-22 12:39:10,8.123502023113238
2025-02-22 13:39:10,8.129231823462945
2025-02-22 14:39:10,8.259581739905078
2025-02-22 15:39:10,8.24440352256966
2025-02-22 16:39:10,8.09761595262281
2025-02-22 17:39:10,15.155001608869162
2025-02-22 18:39:10,15.41477420881554
2025-02-22 19:39:10,15.491213604249511
2025-02-22 20:39:10,15.095313067254693
2025-02-22 21:39:10,15.239444812328815
2025-02-22 22:39:10,15.199392333278634
2025-02-22 23:39:10,15.336919698979651
2025-02-23 00:39:10,4.079395066464459
2025-02-23 01:39:10,4.02339740509035
2025-02-23 02:39:10,4.169471565447241
2025-02-23 03:39:10,4.153092646896212
2025-02-23 04:39:10,4.0155396615419585
2025-02-23 05:39:10,4.0205766101071285
2025-02-23 06:39:10,8.171023330701276
2025-02-23 07:39:10,8.208888695887016
2025-02-23 08:39:10,8.137956727142447
2025-02-23 09:39:10,8.283666201970094
2025-02-23 10:39:10,8.106949672513647
2025-02-23 11:39:10,8.112292819608687
2025-02-23 12:39:10,8.262570742239088
2025-02-23 13:39:10,8.29645772349004
2025-02-23 14:39:10,8.012083410975876
2025-02-23 15:39:10,8.056466772492918
2025-02-23 16:39:10,8.112841879247812
2025-02-23 17:39:10,15.420797522870078
2025-02-23 18:39:10,15.151689157715545
2025-02-23 19:39:10,15.485612336037994
2025-02-23 20:39:10,15.470341347058152
2025-02-23 21:39:10,15.059862632147128
2025-02-23 22:39:10,15.165183497431991
2025-02-23 23:39:10,15.249170199703961
2025-02-24 00:39:10,4.1661890730379705
2025-02-24 01:39:10,4.126726986934574
2025-02-24 02:39:10,4.089601342040489
2025-02-24 03:39:10,4.049556318993181
2025-02-24 04:39:10,4.026763441573153
2025-02-24 05:39:10,4.192993219790338
2025-02-24 06:39:10,8.29065940872597
2025-02-24 07:39:10,8.16714338394918
2025-02-24 08:39:10,8.038006323113938
2025-02-24 09:39:10,8.084728993933057
2025-02-24 10:39:10,8.136857543319074
2025-02-24 11:39:10,8.144598568084117
2025-02-24 12:39:10,8.122563235107254
2025-02-24 13:39:10,8.245419136240894
2025-02-24 14:39:10,8.238259977788537
2025-02-24 15:39:10,8.12794326077434
2025-02-24 16:39:10,8.254648649487953
2025-02-24 17:39:10,15.127766024182248
2025-02-24 18:39:10,15.40510776863896
2025-02-24 19:39:10,15.08141082578039
2025-02-24 20:39:10,15.473723565558492
2025-02-24 21:39:10,15.304983644660632
2025-02-24 22:39:10,15.397706924468855
2025-02-24 23:39:10,15.246169248290013
2025-02-25 00:39:10,4.168492402378925
2025-02-25 01:39:10,4.017527801283028
2025-02-25 02:39:10,4.0778046301954864
2025-02-25 03:39:10,4.027742110606583
2025-02-25 04:39:10,4.162993566038913
2025-02-25 05:39:10,4.0445602880107145
2025-02-25 06:39:10,8.266278555912834
2025-02-25 07:39:10,8.14249511209084
2025-02-25 08:39:10,8.13354515550551
2025-02-25 09:39:10,8.187267243994206
2025-02-25 10:39:10,8.294646760462317
2025-02-25 11:39:10,8.281260640329753
2025-02-25 12:39:10,8.266994363852064
2025-02-25 13:39:10,8.26630412112144
2025-02-25 14:39:10,8.139904479429957
2025-02-25 15:39:10,8.060892587427803
2025-02-25 16:39:10,8.18565777395551
2025-02-25 17:39:10,15.387093949977595
2025-02-25 18:39:10,15.302996960742286
2025-02-25 19:39:10,15.470736269506538
2025-02-25 20:39:10,15.063737037877099
2025-02-25 21:39:10,15.443827362465731
2025-02-25 22:39:10,15.27172087931013
2025-02-25 23:39:10,15.030656266429846
2025-02-26 00:39:10,4.109175293602054
2025-02-26 01:39:10,4.040523541557401
2025-02-26 02:39:10,4.095719398989385
2025-02-26 03:39:10,4.12689944876139
2025-02-26 04:39:10,4.171701251201602
2025-02-26 05:39:10,4.1655422273774345
2025-02-26 06:39:10,8.031658914694384
2025-02-26 07:39:10,8.044306313192187
2025-02-26 08:39:10,8.189786522917174
2025-02-26 09:39:10,8.266064143383755
2025-02-26 10:39:10,8.026964250729506
2025-02-26 11:39:10,8.256939281184861
2025-02-26 12:39:10,8.08476309442267
2025-02-26 13:39:10,8.087595852793896
2025-02-26 14:39:10,8.171875358272686
2025-02-26 15:39:10,8.039525050942158
2025-02-26 16:39:10,8.24585054787625
2025-02-26 17:39:10,15.17421509872919
2025-02-26 18:39:10,15.0625647849694
2025-02-26 19:39:10,15.130159034360538
2025-02-26 20:39:10,15.447050208628587
2025-02-26 21:39:10,15.27743343727276
2025-02-26 22:39:10,15.26325943357315
2025-02-26 23:39:10,15.234808596391238
2025-02-27 00:39:10,4.030442324972611
2025-02-27 01:39:10,4.027307849895888
2025-02-27 02:39:10,4.094315628647058
2025-02-27 03:39:10,4.053856189293591
2025-02-27 04:39:10,4.174848089485431
2025-02-27 05:39:10,4.005682888740403
2025-02-27 06:39:10,8.152860186052807
2025-02-27 07:39:10,8.076476196787707
2025-02-27 08:39:10,8.254939982526793
2025-02-27 09:39:10,8.253191085839518
2025-02-27 10:39:10,8.116621851695019
2025-02-27 11:39:10,8.050213195865616
2025-02-27 12:39:10,8.257113244582722
2025-02-27 13:39:10,8.106574939955708
2025-02-27 14:39:10,8.256060785019367
2025-02-27 15:39:10,8.142385490291751
2025-02-27 16:39:10,8.208335809677338
2025-02-27 17:39:10,15.021911028813276
2025-02-27 18:39:10,15.298776905727449
2025-02-27 19:39:10,15.061395736981833
2025-02-27 20:39:10,15.237495451188941
2025-02-27 21:39:10,15.474578859208547
2025-02-27 22:39:10,15.226130826553309
2025-02-27 23:39:10,15.345098272052399
2025-02-28 00:39:10,4.152710568851974
2025-02-28 01:39:10,4.056194449604833
2025-02-28 02:39:10,4.092008784264152
2025-02-28 03:39:10,4.136081198058375
2025-02-28 04:39:10,4.119803111198305
2025-02-28 05:39:10,4.198323388344523
2025-02-28 06:39:10,8.252269478272664
2025-02-28 07:39:10,8.265234342870368
2025-02-28 08:39:10,8.22264937048219
2025-02-28 09:39:10,8.258999650016758
2025-02-28 10:39:10,8.288267669930752
2025-02-28 11:39:10,8.243118911718108
2025-02-28 12:39:10,8.253339831408267
2025-02-28 13:39:10,8.243779658922124
2025-02-28 14:39:10,8.082730088810964
2025-02-28 15:39:10,8.016248238887652
2025-02-28 16:39:10,8.185585767370194
2025-02-28 17:39:10,15.001244965615347
2025-02-28 18:39:10,15.339632548925385
2025-02-28 19:39:10,15.181008861564418
2025-02-28 20:39:10,15.287396843648443
2025-02-28 21:39:10,15.096336674697108
2025-02-28 22:39:10,15.01884287028247
2025-02-28 23:39:10,15.32981643755345
2025-03-01 00:39:10,4.146663728911561
2025-03-01 01:39:10,4.1133376661595005
2025-03-01 02:39:10,4.148585922652774
2025-03-01 03:39:10,4.178528151222568
2025-03-01 04:39:10,4.134953557807308
2025-03-01 05:39:10,4.186823745096128
2025-03-01 06:39:10,8.059275672719178
2025-03-01 07:39:10,8.279472298691369
2025-03-01 08:39:10,8.195279825571587
2025-03-01 09:39:10,8.29881509441394
2025-03-01 10:39:10,8.143902290775609
2025-03-01 11:39:10,8.017315843213156
2025-03-01 12:39:10,8.200029399144404
2025-03-01 13:39:10,8.153748417054963
2025-03-01 14:39:10,8.27104804849193
2025-03-01 15:39:10,8.271164128227202
2025-03-01 16:39:10,8.09467707915927
2025-03-01 17:39:10,15.105018975579052
2025-03-01 18:39:10,15.354601569594116
2025-03-01 19:39:10,15.27792826485992
2025-03-01 20:39:10,15.136724787708948
2025-03-01 21:39:10,15.290321808361488
2025-03-01 22:39:10,15.469287299605174
2025-03-01 23:39:10,15.153244693402568
2025-03-02 00:39:10,4.1796026406222815
2025-03-02 01:39:10,4.152329732159491
2025-03-02 02:39:10,4.1540889714052955
2025-03-02 03:39:10,4.113311352095435
2025-03-02 04:39:10,4.066321694217515
2025-03-02 05:39:10,4.100454608384727
2025-03-02 06:39:10,8.217502004180668
2025-03-02 07:39:10,8.27200413962205
2025-03-02 08:39:10,8.11017062200027
2025-03-02 09:39:10,8.16466029500013
2025-03-02 10:39:10,8.073785804404938
2025-03-02 11:39:10,8.120864873718896
2025-03-02 12:39:10,8.217993040884199
2025-03-02 13:39:10,8.224065381433707
2025-03-02 14:39:10,8.009253534817915
2025-03-02 15:39:10,8.001759697389454
2025-03-02 16:39:10,8.163763213970249
2025-03-02 17:39:10,15.472188353248361
2025-03-02 18:39:10,15.038827439118487
2025-03-02 19:39:10,15.193782261906405
2025-03-02 20:39:10,15.216292754639086
2025-03-02 21:39:10,15.041928619370491
2025-03-02 22:39:10,15.407714482293715
2025-03-02 23:39:10,15.017822981714614
2025-03-03 00:39:10,4.014834555182891
2025-03-03 01:39:10,4.096249259488721
2025-03-03 02:39:10,4.149484599766046
2025-03-03 03:39:10,4.032879271470169
2025-03-03 04:39:10,4.004346136102894
2025-03-03 05:39:10,4.058867049319086
2025-03-03 06:39:10,8.29702135735484
2025-03-03 07:39:10,8.234328756587596
2025-03-03 08:39:10,8.176289623344221
2025-03-03 09:39:10,8.14586196140148
2025-03-03 10:39:10,8.114630419922173
2025-03-03 11:39:10,8.24315478396179
2025-03-03 12:39:10,8.243829188984417
2025-03-03 13:39:10,8.276041854104617
2025-03-03 14:39:10,8.184133439403249
2025-03-03 15:39:10,8.204748910630219
2025-03-03 16:39:10,8.15375943828378
2025-03-03 17:39:10,15.28181140436545
2025-03-03 18:39:10,15.465118307002259
2025-03-03 19:39:10,15.045671847516674
2025-03-03 20:39:10,15.078701942565921
2025-03-03 21:39:10,15.046532467813797
2025-03-03 22:39:10,15.485118543062635
2025-03-03 23:39:10,15.406090451207849
2025-03-04 00:39:10,4.102542876733763
2025-03-04 01:39:10,4.061741456668624
2025-03-04 02:39:10,4.132933720395741
2025-03-04 03:39:10,4.056556932391779
2025-03-04 04:39:10,4.1505343514222
2025-03-04 05:39:10,4.067815123660258
2025-03-04 06:39:10,8.123610778244592
2025-03-04 07:39:10,8.053445676806907
2025-03-04 08:39:10,8.072613380201199
2025-03-04 09:39:10,8.260993962291117
2025-03-04 10:39:10,8.234517379315191
2025-03-04 11:39:10,8.037075631524923
2025-03-04 12:39:10,8.276549906672317
2025-03-04 13:39:10,8.10848321797884
2025-03-04 14:39:10,8.127554015147876
2025-03-04 15:39:10,8.195080789482445
2025-03-04 16:39:10,8.230699138565026
2025-03-04 17:39:10,15.198526603679172
2025-03-04 18:39:10,15.155371910483613
2025-03-04 19:39:10,15.482113333523003
2025-03-04 20:39:10,15.412547898506316
2025-03-04 21:39:10,15.364367995033266
2025-03-04 22:39:10,15.240500662358196
2025-03-04 23:39:10,15.045146623601179
2025-03-05 00:39:10,4.030093867591359
2025-03-05 01:39:10,4.1235176284237225
2025-03-05 02:39:10,4.0534821797150355
2025-03-05 03:39:10,4.169864509516234
2025-03-05 04:39:10,4.041237870559053
2025-03-05 05:39:10,4.124045628000601
2025-03-05 06:39:10,8.070317101690883
2025-03-05 07:39:10,8.235614094818638
2025-03-05 08:39:10,8.014945686478663
2025-03-05 09:39:10,8.271063545238578
2025-03-05 10:39:10,8.221972193841724
2025-03-05 11:39:10,8.131036292470029
2025-03-05 12:39:10,8.174035364906368
2025-03-05 13:39:10,8.265125366627496
2025-03-05 14:39:10,8.060116284675106
2025-03-05 15:39:10,8.292690124290454
2025-03-05 16:39:10,8.005214569604084
2025-03-05 17:39:10,15.106968269222161
2025-03-05 18:39:10,15.392746870838135
2025-03-05 19:39:10,15.081529448489784
2025-03-05 20:39:10,15.314971065036296
2025-03-05 21:39:10,15.240208800009977
2025-03-05 22:39:10,15.229699812142977
2025-03-05 23:39:10,15.0615793868799
2025-03-06 00:39:10,4.038285013451092
2025-03-06 01:39:10,4.067752349929316
2025-03-06 02:39:10,4.084164334740163
2025-03-06 03:39:10,4.086867445842582
2025-03-06 04:39:10,4.159670495777485
2025-03-06 05:39:10,4.128368640215466
2025-03-06 06:39:10,8.212377333872476
2025-03-06 07:39:10,8.283814344715102
2025-03-06 08:39:10,8.259461804088948
2025-03-06 09:39:10,8.014002240055017
2025-03-06 10:39:10,8.075365796910177
2025-03-06 11:39:10,8.197692655035963
2025-03-06 12:39:10,8.200679987050624
2025-03-06 13:39:10,8.047670468372251
2025-03-06 14:39:10,8.197042193772651
2025-03-06 15:39:10,8.20111129930627
2025-03-06 16:39:10,8.280853165933049
2025-03-06 17:39:10,15.444291930763782
2025-03-06 18:39:10,15.129146801235539
2025-03-06 19:39:10,15.428848635306464
2025-03-06 20:39:10,15.254411018139994
2025-03-06 21:39:10,15.181708349732379
2025-03-06 22:39:10,15.287178040834782
2025-03-06 23:39:10,15.493368951001885
2025-03-07 00:39:10,4.046018666353773
2025-03-07 01:39:10,4.020296315874663
2025-03-07 02:39:10,4.018180948731077
2025-03-07 03:39:10,4.188022357702634
2025-03-07 04:39:10,4.149376647767229
2025-03-07 05:39:10,4.1622971323249
2025-03-07 06:39:10,8.125162238765613
2025-03-07 07:39:10,8.245486119691302
2025-03-07 08:39:10,8.119077015902413
2025-03-07 09:39:10,8.060971827149805
2025-03-07 10:39:10,8.150947149203803
2025-03-07 11:39:10,8.2528182685535
2025-03-07 12:39:10,8.272144168317697
2025-03-07 13:39:10,8.144357865816897
2025-03-07 14:39:10,8.104695072189491
2025-03-07 15:39:10,8.11722233743478
2025-03-07 16:39:10,8.124875775416918
2025-03-07 17:39:10,15.407214685571045
2025-03-07 18:39:10,15.035699905504233
2025-03-07 19:39:10,15.204866406125054
2025-03-07 20:39:10,15.211744582959021
2025-03-07 21:39:10,15.203712370669859
2025-03-07 22:39:10,15.278867573000344
2025-03-07 23:39:10,15.101412560936971
2025-03-08 00:39:10,4.189102669012843
2025-03-08 01:39:10,4.130585357663891
2025-03-08 02:39:10,4.047318461125027
2025-03-08 03:39:10,4.1511333002855055
2025-03-08 04:39:10,4.194050391582206
2025-03-08 05:39:10,4.179660247325333
2025-03-08 06:39:10,8.194185869110235
2025-03-08 07:39:10,8.13419636491554
2025-03-08 08:39:10,8.03809311544385
2025-03-08 09:39:10,8.29304499462917
2025-03-08 10:39:10,8.188590911043175
2025-03-08 11:39:10,8.26454128690823
2025-03-08 12:39:10,8.103187183847753
2025-03-08 13:39:10,8.110220776031143
2025-03-08 14:39:10,8.034160496664786
2025-03-08 15:39:10,8.069832117484886
2025-03-08 16:39:10,8.282336056436886
2025-03-08 17:39:10,15.490138237534833
2025-03-08 18:39:10,15.39108173435456
2025-03-08 19:39:10,15.34594813025983
2025-03-08 20:39:10,15.319549329773512
2025-03-08 21:39:10,15.359960827467436
2025-03-08 22:39:10,15.223632942154453
2025-03-08 23:39:10,15.29419171438345
2025-03-09 00:39:10,4.13685796822111
2025-03-09 01:39:10,4.12525421825698
2025-03-09 02:39:10,4.037049048794698
2025-03-09 03:39:10,4.195609703217456
2025-03-09 04:39:10,4.0482651847921
2025-03-09 05:39:10,4.152333001553822
2025-03-09 06:39:10,8.009096256859069
2025-03-09 07:39:10,8.161394121400082
2025-03-09 08:39:10,8.049659132060318
2025-03-09 09:39:10,8.060544508888036
2025-03-09 10:39:10,8.237153888823093
2025-03-09 11:39:10,8.047202959192333
2025-03-09 12:39:10,8.185434063439267
2025-03-09 13:39:10,8.290128681913018
2025-03-09 14:39:10,8.274646322869144
2025-03-09 15:39:10,8.125114319406396
2025-03-09 16:39:10,8.210000464408978
2025-03-09 17:39:10,15.097071424381854
2025-03-09 18:39:10,15.034165530617265
2025-03-09 19:39:10,15.032039550619658
2025-03-09 20:39:10,15.48196925429721
2025-03-09 21:39:10,15.309224969493448
2025-03-09 22:39:10,15.098273968830455
2025-03-09 23:39:10,15.305780455391586
2025-03-10 00:39:10,4.000665136000435
2025-03-10 01:39:10,4.16678649419903
2025-03-10 02:39:10,4.037419151221551
2025-03-10 03:39:10,4.1623392756811235
2025-03-10 04:39:10,4.179368351814786
2025-03-10 05:39:10,4.061678113678959
2025-03-10 06:39:10,8.272054915118527
2025-03-10 07:39:10,8.231847695854182
2025-03-10 08:39:10,8.027984228034459
2025-03-10 09:39:10,8.08965080924051
2025-03-10 10:39:10,8.035616044430617
2025-03-10 11:39:10,8.257341830519648
2025-03-10 12:39:10,8.177135552787412
2025-03-10 13:39:10,8.254286199275642
2025-03-10 14:39:10,8.241542632879835
2025-03-10 15:39:10,8.040500788379035
2025-03-10 16:39:10,8.023223211679818
2025-03-10 17:39:10,15.070283837930548
2025-03-10 18:39:10,15.176233779539137
2025-03-10 19:39:10,15.293455572100312
2025-03-10 20:39:10,15.482357321413229
2025-03-10 21:39:10,15.174167487883727
2025-03-10 22:39:10,15.19799315515058
2025-03-10 23:39:10,15.167841574311451
2025-03-11 00:39:10,4.109108672538762
2025-03-11 01:39:10,4.148203422898987
2025-03-11 02:39:10,4.191489356557719
2025-03-11 03:39:10,4.02589433460786
2025-03-11 04:39:10,4.096904718201421
2025-03-11 05:39:10,4.067562405008763
2025-03-11 06:39:10,8.016687324796692
2025-03-11 07:39:10,8.07957221861915
2025-03-11 08:39:10,8.158471065038828
2025-03-11 09:39:10,8.124049563017998
2025-03-11 10:39:10,8.060025833860658
2025-03-11 11:39:10,8.202740177256349
2025-03-11 12:39:10,8.172832817867254
2025-03-11 13:39:10,8.094601700715561
2025-03-11 14:39:10,8.125333211181623
2025-03-11 15:39:10,8.045581263090451
2025-03-11 16:39:10,8.226740348530452
2025-03-11 17:39:10,15.336835526156506
2025-03-11 18:39:10,15.243575273777287
2025-03-11 19:39:10,15.20410207394352
2025-03-11 20:39:10,15.407814540128872
2025-03-11 21:39:10,15.39236464138514
2025-03-11 22:39:10,15.352293411259117
2025-03-11 23:39:10,15.221035210878279
2025-03-12 00:39:10,4.068487092066578
2025-03-12 01:39:10,4.095168363262645
2025-03-12 02:39:10,4.159668441205237
2025-03-12 03:39:10,4.103827468835031
2025-03-12 04:39:10,4.044146202665999
2025-03-12 05:39:10,4.070983562884822
2025-03-12 06:39:10,8.285710328604898
2025-03-12 07:39:10,8.122738405977179
2025-03-12 08:39:10,8.095482887779283
2025-03-12 09:39:10,8.013476818336564
2025-03-12 10:39:10,8.259020379437834
2025-03-12 11:39:10,8.182170819870912
2025-03-12 12:39:10,8.206590018896966
2025-03-12 13:39:10,8.102763572502925
2025-03-12 14:39:10,8.261560235840667
2025-03-12 15:39:10,8.243966183081609
2025-03-12 16:39:10,8.155316231506971
2025-03-12 17:39:10,15.1951016071671
2025-03-12 18:39:10,15.290992178724396
2025-03-12 19:39:10,15.180240238735516
2025-03-12 20:39:10,15.319468420183089
2025-03-12 21:39:10,15.394778794677126
2025-03-12 22:39:10,15.221998738778339
2025-03-12 23:39:10,15.296169662154659
2025-03-13 00:39:10,4.092389515540934
2025-03-13 01:39:10,4.121446289449442
2025-03-13 02:39:10,4.14092731680706
2025-03-13 03:39:10,4.101360249757124
2025-03-13 04:39:10,4.116747626476137
2025-03-13 05:39:10,4.126320025449329
2025-03-13 06:39:10,8.053473360474444
2025-03-13 07:39:10,8.135870348167645
2025-03-13 08:39:10,8.213798776427845
2025-03-13 09:39:10,8.128425412816117
2025-03-13 10:39:10,8.11936799434998
2025-03-13 11:39:10,8.055707822820853
2025-03-13 12:39:10,8.266038751011735
2025-03-13 13:39:10,8.13062550128972
2025-03-13 14:39:10,8.233887613080103
2025-03-13 15:39:10,8.096376431436648
2025-03-13 16:39:10,8.271855561569017
2025-03-13 17:39:10,15.262159106169097
2025-03-13 18:39:10,15.130448734110079
2025-03-13 19:39:10,15.107093248476438
2025-03-13 20:39:10,15.105544689327314
2025-03-13 21:39:10,15.498392541526234
2025-03-13 22:39:10,15.483913875690234
2025-03-13 23:39:10,15.156965765968677
2025-03-14 00:39:10,4.082636457756557
2025-03-14 01:39:10,4.186415501818175
2025-03-14 02:39:10,4.031465452842653
2025-03-14 03:39:10,4.107921589274253
2025-03-14 04:39:10,4.009568130199463
2025-03-14 05:39:10,4.086115327402187
2025-03-14 06:39:10,8.25885474592968
2025-03-14 07:39:10,8.004435180501515
2025-03-14 08:39:10,8.275928672431641
2025-03-14 09:39:10,8.002865670407706
2025-03-14 10:39:10,8.203814673539256
2025-03-14 11:39:10,8.098972661617765
2025-03-14 12:39:10,8.120199729724108
2025-03-14 13:39:10,8.00052371859278
2025-03-14 14:39:10,8.089098120073361
2025-03-14 15:39:10,8.05873574792455
2025-03-14 16:39:10,8.196275096031307
2025-03-14 17:39:10,15.039888231434272
2025-03-14 18:39:10,15.374961184750465
2025-03-14 19:39:10,15.488615831284653
2025-03-14 20:39:10,15.312720249349304
2025-03-14 21:39:10,15.037850894930369
2025-03-14 22:39:10,15.375696864329532
2025-03-14 23:39:10,15.46488374729743
2025-03-15 00:39:10,4.113143760643048
2025-03-15 01:39:10,4.154355514404299
2025-03-15 02:39:10,4.151461597624751
2025-03-15 03:39:10,4.173172296164167
2025-03-15 04:39:10,4.055537609224258
2025-03-15 05:39:10,4.1074506729742675
2025-03-15 06:39:10,8.175611027674762
2025-03-15 07:39:10,8.291848473586368
2025-03-15 08:39:10,8.237117423903737
2025-03-15 09:39:10,8.10546939558514
2025-03-15 10:39:10,8.056219673614043
2025-03-15 11:39:10,8.289094286254283
2025-03-15 12:39:10,8.191599260047006
2025-03-15 13:39:10,8.131212889186362
2025-03-15 14:39:10,8.006776345368527
2025-03-15 15:39:10,8.12904412752884
2025-03-15 16:39:10,8.194387085657956
2025-03-15 17:39:10,15.27598344751505
2025-03-15 18:39:10,15.102126400858976
2025-03-15 19:39:10,15.38938397723886
2025-03-15 20:39:10,15.438633240817477
2025-03-15 21:39:10,15.115684270960681
2025-03-15 22:39:10,15.479733986419781
2025-03-15 23:39:10,15.311514814248932
2025-03-16 00:39:10,4.027951208730476
2025-03-16 01:39:10,4.092392110298894
2025-03-16 02:39:10,4.180558895049731
2025-03-16 03:39:10,4.028481304122814
2025-03-16 04:39:10,4.132659823109285
2025-03-16 05:39:10,4.067620749329486
2025-03-16 06:39:10,8.158168564059292
2025-03-16 07:39:10,8.030561639359169
2025-03-16 08:39:10,8.121520622457004
2025-03-16 09:39:10,8.189294586745877
2025-03-16 10:39:10,8.245476547853816
2025-03-16 11:39:10,8.225147584389207
2025-03-16 12:39:10,8.089673668793594
2025-03-16 13:39:10,8.201380603856107
2025-03-16 14:39:10,8.020802452622249
2025-03-16 15:39:10,8.24420908283896
2025-03-16 16:39:10,8.117496855727511
2025-03-16 17:39:10,15.355985804795885
2025-03-16 18:39:10,15.436003775048068
2025-03-16 19:39:10,15.391068332182662
2025-03-16 20:39:10,15.021900923195927
2025-03-16 21:39:10,15.120818127388803
2025-03-16 22:39:10,15.039244522065587
2025-03-16 23:39:10,15.189063072206501
2025-03-17 00:39:10,4.009860424379456
2025-03-17 01:39:10,4.0230902150377315
2025-03-17 02:39:10,4.092471334103971
2025-03-17 03:39:10,4.078804102722658
2025-03-17 04:39:10,4.027984805436938
2025-03-17 05:39:10,4.083032299450217
2025-03-17 06:39:10,8.015593489622498
2025-03-17 07:39:10,8.1302701955255
2025-03-17 08:39:10,8.204243722295242
2025-03-17 09:39:10,8.055751795547557
2025-03-17 10:39:10,8.208143995978574
2025-03-17 11:39:10,8.138727376567825
2025-03-17 12:39:10,8.131603856589708
2025-03-17 13:39:10,8.248272819486017
2025-03-17 14:39:10,8.121283794145622
2025-03-17 15:39:10,8.015537285078898
2025-03-17 16:39:10,8.024794768601648
2025-03-17 17:39:10,15.007228019822655
2025-03-17 18:39:10,15.242029059914993
2025-03-17 19:39:10,15.24796980112043
2025-03-17 20:39:10,15.384452408293956
2025-03-17 21:39:10,15.218582475393482
2025-03-17 22:39:10,15.109031512944691
2025-03-17 23:39:10,15.291527535153564
2025-03-18 00:39:10,4.190556723798514
2025-03-18 01:39:10,4.132460410049064
2025-03-18 02:39:10,4.10402142871219
2025-03-18 03:39:10,4.199703753448873
2025-03-18 04:39:10,4.192865818688352
2025-03-18 05:39:10,4.136907854006047
2025-03-18 06:39:10,8.159064353021797
2025-03-18 07:39:10,8.206055724840061
2025-03-18 08:39:10,8.205704402993566
2025-03-18 09:39:10,8.153675367112523
2025-03-18 10:39:10,8.299992298472086
2025-03-18 11:39:10,8.208437388328726
2025-03-18 12:39:10,8.225388908599765
2025-03-18 13:39:10,8.2238545518834
2025-03-18 14:39:10,8.253308719818829
2025-03-18 15:39:10,8.089379210657142
2025-03-18 16:39:10,8.08141750947866
2025-03-18 17:39:10,15.116391122469587
2025-03-18 18:39:10,15.165192309959904
2025-03-18 19:39:10,15.499978018613023
2025-03-18 20:39:10,15.423239532963386
2025-03-18 21:39:10,15.394906224679703
2025-03-18 22:39:10,15.307683767314636
2025-03-18 23:39:10,15.341761048752595
2025-03-19 00:39:10,4.002524764816652
2025-03-19 01:39:10,4.080976508393225
2025-03-19 02:39:10,4.093466969134518
2025-03-19 03:39:10,4.177485979919341
2025-03-19 04:39:10,4.002526911832195
2025-03-19 05:39:10,4.075386620597656
2025-03-19 06:39:10,8.058948937658535
2025-03-19 07:39:10,8.256815572668053
2025-03-19 08:39:10,8.036687991207028
2025-03-19 09:39:10,8.14471936673227
2025-03-19 10:39:10,8.038800229619481
2025-03-19 11:39:10,8.15211213617516
2025-03-19 12:39:10,8.262032613289396
2025-03-19 13:39:10,8.096884779853257
2025-03-19 14:39:10,8.070174098192497
2025-03-19 15:39:10,8.045728628876082
2025-03-19 16:39:10,8.103034286578124
2025-03-19 17:39:10,15.103776404338742
2025-03-19 18:39:10,15.028127467080433
2025-03-19 19:39:10,15.496014088004454
2025-03-19 20:39:10,15.02116311726224
2025-03-19 21:39:10,15.36890097298907
2025-03-19 22:39:10,15.301296535182038
2025-03-19 23:39:10,15.05207290171512
2025-03-20 00:39:10,4.048175862935065
2025-03-20 01:39:10,4.149610258656873
2025-03-20 02:39:10,4.019863763764209
2025-03-20 03:39:10,4.037023551902584
2025-03-20 04:39:10,4.02038009672065
2025-03-20 05:39:10,4.017559963694958
2025-03-20 06:39:10,8.086965959436034
2025-03-20 07:39:10,8.230776106062601
2025-03-20 08:39:10,8.159988939824402
2025-03-20 09:39:10,8.172058936044262
2025-03-20 10:39:10,8.213389728045884
2025-03-20 11:39:10,8.155578980713859
2025-03-20 12:39:10,8.041430629006237
2025-03-20 13:39:10,8.16056621971159
2025-03-20 14:39:10,8.053730727631365
2025-03-20 15:39:10,8.107693619783245
2025-03-20 16:39:10,8.03951577708002
2025-03-20 17:39:10,15.206437151934521
2025-03-20 18:39:10,15.353009935934805
2025-03-20 19:39:10,15.19093732604975
2025-03-20 20:39:10,15.409329280331548
2025-03-20 21:39:10,15.179326472457037
2025-03-20 22:39:10,15.387481547669957
2025-03-20 23:39:10,15.443478976903036
2025-03-21 00:39:10,4.146019989306305
2025-03-21 01:39:10,4.1343590118687725
2025-03-21 02:39:10,4.153347255300708
2025-03-21 03:39:10,4.076060829280596
2025-03-21 04:39:10,4.134848304817512
2025-03-21 05:39:10,4.084040328293425
2025-03-21 06:39:10,8.127836280724056
2025-03-21 07:39:10,8.038331472101437
2025-03-21 08:39:10,8.10023999425456
2025-03-21 09:39:10,8.292693753682123
2025-03-21 10:39:10,8.214343548926669
2025-03-21 11:39:10,8.169469495818644
2025-03-21 12:39:10,8.245020020973328
2025-03-21 13:39:10,8.208145670001207
2025-03-21 14:39:10,8.29313429516755
2025-03-21 15:39:10,8.19727902831527
2025-03-21 16:39:10,8.131266314436218
2025-03-21 17:39:10,15.077746783822281
2025-03-21 18:39:10,15.486831010749974
2025-03-21 19:39:10,15.282276249113114
2025-03-21 20:39:10,15.088251408863668
2025-03-21 21:39:10,15.300849515969118
2025-03-21 22:39:10,15.257016133343948
2025-03-21 23:39:10,15.156198556899833
2025-03-22 00:39:10,4.023801873401797
2025-03-22 01:39:10,4.020243528921975
2025-03-22 02:39:10,4.137215453900516
2025-03-22 03:39:10,4.020137221063522
2025-03-22 04:39:10,4.062041533822172
2025-03-22 05:39:10,4.124879493311894
2025-03-22 06:39:10,8.087764270069254
2025-03-22 07:39:10,8.095385653569299
2025-03-22 08:39:10,8.040852206520873
2025-03-22 09:39:10,8.078754556380071
2025-03-22 10:39:10,8.122659872106519
2025-03-22 11:39:10,8.24074639630448
2025-03-22 12:39:10,8.030835454461553
2025-03-22 13:39:10,8.197877221168591
2025-03-22 14:39:10,8.22884762975237
2025-03-22 15:39:10,8.235099389699847
2025-03-22 16:39:10,8.165845454244531
2025-03-22 17:39:10,15.437884054337779
2025-03-22 18:39:10,15.05735705027883
2025-03-22 19:39:10,15.141107896509688
2025-03-22 20:39:10,15.173534650638933
2025-03-22 21:39:10,15.025963649429075
2025-03-22 22:39:10,15.171643993670747
2025-03-22 23:39:10,15.190237398293581
2025-03-23 00:39:10,4.080576174840389
2025-03-23 01:39:10,4.163413304560955
2025-03-23 02:39:10,4.049962998525881
2025-03-23 03:39:10,4.080157487026237
2025-03-23 04:39:10,4.07552848146082
2025-03-23 05:39:10,4.011040406880736
2025-03-23 06:39:10,8.212429361022174
2025-03-23 07:39:10,8.280731774615468
2025-03-23 08:39:10,8.252814060146637
2025-03-23 09:39:10,8.127951854680083
2025-03-23 10:39:10,8.254121494346833
2025-03-23 11:39:10,8.229026171238617
2025-03-23 12:39:10,8.001419333602165
2025-03-23 13:39:10,8.177539133014735
2025-03-23 14:39:10,8.281296627538365
2025-03-23 15:39:10,8.25619697573571
2025-03-23 16:39:10,8.004282752509289
2025-03-23 17:39:10,15.374082554635375
2025-03-23 18:39:10,15.447479865066185
2025-03-23 19:39:10,15.391964093358371
2025-03-23 20:39:10,15.436167769209765
2025-03-23 21:39:10,15.098601392113533
2025-03-23 22:39:10,15.059655402930877
2025-03-23 23:39:10,15.072972471944084
2025-03-24 00:39:10,4.028166564498042
2025-03-24 01:39:10,4.053432627623603
2025-03-24 02:39:10,4.13287710718964
2025-03-24 03:39:10,4.0599948222418245
2025-03-24 04:39:10,4.159842610050282
2025-03-24 05:39:10,4.0640906640332535
2025-03-24 06:39:10,8.29278170569338
2025-03-24 07:39:10,8.174031628272862
2025-03-24 08:39:10,8.00843209288782
2025-03-24 09:39:10,8.07165579159138
2025-03-24 10:39:10,8.071846332101204
2025-03-24 11:39:10,8.069471994758002
2025-03-24 12:39:10,8.284166219469979
2025-03-24 13:39:10,8.112263715270288
2025-03-24 14:39:10,8.214354057171752
2025-03-24 15:39:10,8.279363354183767
2025-03-24 16:39:10,8.035771791494255
2025-03-24 17:39:10,15.311987755809039
2025-03-24 18:39:10,15.04089897754387
2025-03-24 19:39:10,15.48237025925995
2025-03-24 20:39:10,15.052762995581697
2025-03-24 21:39:10,15.045755432905143
2025-03-24 22:39:10,15.416837002248664
2025-03-24 23:39:10,15.381954165172422
2025-03-25 00:39:10,4.065779073404421
2025-03-25 01:39:10,4.110284374382397
2025-03-25 02:39:10,4.138688749771428
2025-03-25 03:39:10,4.020866926032273
2025-03-25 04:39:10,4.0320757304420285
2025-03-25 05:39:10,4.00983760986396
2025-03-25 06:39:10,8.015440149268823
2025-03-25 07:39:10,8.251746382843875
2025-03-25 08:39:10,8.057280939567992
2025-03-25 09:39:10,8.184353716960105
2025-03-25 10:39:10,8.085719292078922
2025-03-25 11:39:10,8.297051876277504
2025-03-25 12:39:10,8.250661099393199
2025-03-25 13:39:10,8.072970683860092
2025-03-25 14:39:10,8.158685078771974
2025-03-25 15:39:10,8.106334662854035
2025-03-25 16:39:10,8.17070312592235
2025-03-25 17:39:10,15.403578853156809
2025-03-25 18:39:10,15.180149349536203
2025-03-25 19:39:10,15.132383428470128
2025-03-25 20:39:10,15.208508954419514
2025-03-25 21:39:10,15.141090720015336
2025-03-25 22:39:10,15.130538739052907
2025-03-25 23:39:10,15.168684157690215
2025-03-26 00:39:10,4.187187185223527
2025-03-26 01:39:10,4.171414611782238
2025-03-26 02:39:10,4.093888806613858
2025-03-26 03:39:10,4.051873356195883
2025-03-26 04:39:10,4.086135882507645
2025-03-26 05:39:10,4.055800108507404
2025-03-26 06:39:10,8.207695531875535
2025-03-26 07:39:10,8.151290785014567
2025-03-26 08:39:10,8.0733785003924
2025-03-26 09:39:10,8.126369414637749
2025-03-26 10:39:10,8.011084713494531
2025-03-26 11:39:10,8.126525385970742
2025-03-26 12:39:10,8.188952682204963
2025-03-26 13:39:10,8.107098131420651
2025-03-26 14:39:10,8.253334081221391
2025-03-26 15:39:10,8.119966737699775
2025-03-26 16:39:10,8.180959280223055
2025-03-26 17:39:10,15.059562011952496
2025-03-26 18:39:10,15.19740788875867
2025-03-26 19:39:10,15.155637535734954
2025-03-26 20:39:10,15.140677719112016
2025-03-26 21:39:10,15.4093693402915
2025-03-26 22:39:10,15.048392224454068
2025-03-26 23:39:10,15.375132411158095
2025-03-27 00:39:10,4.022502536504635
2025-03-27 01:39:10,4.00864298535922
2025-03-27 02:39:10,4.194591094871851
2025-03-27 03:39:10,4.17652578282938
2025-03-27 04:39:10,4.1721263539402385
2025-03-27 05:39:10,4.053245647373355
2025-03-27 06:39:10,8.118891699470023
2025-03-27 07:39:10,8.000043106552283
2025-03-27 08:39:10,8.296724668646412
2025-03-27 09:39:10,8.26588351920534
2025-03-27 10:39:10,8.17985407134005
2025-03-27 11:39:10,8.138258853279538
2025-03-27 12:39:10,8.044377476798994
2025-03-27 13:39:10,8.167165756130624
2025-03-27 14:39:10,8.246812515857581
2025-03-27 15:39:10,8.280259597365504
2025-03-27 16:39:10,8.200317077846513
2025-03-27 17:39:10,15.03229015706151
2025-03-27 18:39:10,15.14013712273337
2025-03-27 19:39:10,15.185412279418374
2025-03-27 20:39:10,15.285237857171465
2025-03-27 21:39:10,15.255092677022317
2025-03-27 22:39:10,15.390559081210966
2025-03-27 23:39:10,15.320333168535031
2025-03-28 00:39:10,4.168755449759431
2025-03-28 01:39:10,4.142240911026903
2025-03-28 02:39:10,4.1894049144824494
2025-03-28 03:39:10,4.011523873433876
2025-03-28 04:39:10,4.089294230699457
2025-03-28 05:39:10,4.016411740127432
2025-03-28 06:39:10,8.008325500691631
2025-03-28 07:39:10,8.024776060949867
2025-03-28 08:39:10,8.100825780063285
2025-03-28 09:39:10,8.276541960165014
2025-03-28 10:39:10,8.176010330099263
2025-03-28 11:39:10,8.262847673437536
2025-03-28 12:39:10,8.253922181911989
2025-03-28 13:39:10,8.078430086347218
2025-03-28 14:39:10,8.266048109674662
2025-03-28 15:39:10,8.18505900586588
2025-03-28 16:39:10,8.12726656333949
2025-03-28 17:39:10,15.282296369754789
2025-03-28 18:39:10,15.165840489188327
2025-03-28 19:39:10,15.086355015613165
2025-03-28 20:39:10,15.384610689831144
2025-03-28 21:39:10,15.414741785071437
2025-03-28 22:39:10,15.048298131587968
2025-03-28 23:39:10,15.221293737406365
2025-03-29 00:39:10,4.022190586168898
2025-03-29 01:39:10,4.065530495743296
2025-03-29 02:39:10,4.022484399116557
2025-03-29 03:39:10,4.182865957122199
2025-03-29 04:39:10,4.0918078590737315
2025-03-29 05:39:10,4.088322341671601
2025-03-29 06:39:10,8.116455622348527
2025-03-29 07:39:10,8.182207447816742
2025-03-29 08:39:10,8.220418078276083
2025-03-29 09:39:10,8.081326875338267
2025-03-29 10:39:10,8.111237536314317
2025-03-29 11:39:10,8.292600946608864
2025-03-29 12:39:10,8.203020641041466
2025-03-29 13:39:10,8.03895613652386
2025-03-29 14:39:10,8.296319976137472
2025-03-29 15:39:10,8.19442729786088
2025-03-29 16:39:10,8.096469834917542
2025-03-29 17:39:10,15.404161642446601
2025-03-29 18:39:10,15.49510224773652
2025-03-29 19:39:10,15.212301921827896
2025-03-29 20:39:10,15.201888505923737
2025-03-29 21:39:10,15.031561375017287
2025-03-29 22:39:10,15.328279104819327
2025-03-29 23:39:10,15.426333016153988
2025-03-30 00:39:10,4.041786962815807
2025-03-30 01:39:10,4.193128135198017
2025-03-30 02:39:10,4.053976076533288
2025-03-30 03:39:10,4.10726283398894
2025-03-30 04:39:10,4.153746467521569
2025-03-30 05:39:10,4.077479842040515
2025-03-30 06:39:10,8.112121382237723
2025-03-30 07:39:10,8.239155031009055
2025-03-30 08:39:10,8.185138063017373
2025-03-30 09:39:10,8.19772025626971
2025-03-30 10:39:10,8.281068816614276
2025-03-30 11:39:10,8.28031092788658
2025-03-30 12:39:10,8.260428116803208
2025-03-30 13:39:10,8.04462629918399
2025-03-30 14:39:10,8.152231523602206
2025-03-30 15:39:10,8.275465950927572
2025-03-30 16:39:10,8.271392685316737
2025-03-30 17:39:10,15.013507818311284
2025-03-30 18:39:10,15.253047321423482
2025-03-30 19:39:10,15.090565333970648
2025-03-30 20:39:10,15.003679527960093
2025-03-30 21:39:10,15.072670498657766
2025-03-30 22:39:10,15.308858416419787
2025-03-30 23:39:10,15.254195970237946
2025-03-31 00:39:10,4.087874385260591
2025-03-31 01:39:10,4.013268548873571
2025-03-31 02:39:10,4.0670354323462625
2025-03-31 03:39:10,4.188181652298377
2025-03-31 04:39:10,4.184261534787332
2025-03-31 05:39:10,4.117594654774036
2025-03-31 06:39:10,8.190873304238135
2025-03-31 07:39:10,8.157990713976186
2025-03-31 08:39:10,8.234235465871757
2025-03-31 09:39:10,8.288615996954997
2025-03-31 10:39:10,8.269183190246784
2025-03-31 11:39:10,8.114705725552469
2025-03-31 12:39:10,8.056283416836253
2025-03-31 13:39:10,8.253027586286276
2025-03-31 14:39:10,8.261723646323041
2025-03-31 15:39:10,8.065406503390518
2025-03-31 16:39:10,8.269359348927852
2025-03-31 17:39:10,15.128831686765055
2025-03-31 18:39:10,15.339719638768269
2025-03-31 19:39:10,15.255213259576418
2025-03-31 20:39:10,15.422269262660976
2025-03-31 21:39:10,15.18921429847093
2025-03-31 22:39:10,15.484285427585872
2025-03-31 23:39:10,15.280883316896224
2025-04-01 00:39:10,4.030672683692676
2025-04-01 01:39:10,4.057250423571807
2025-04-01 02:39:10,4.1488750042436795
2025-04-01 03:39:10,4.066586286459197
2025-04-01 04:39:10,4.125825130017842
2025-04-01 05:39:10,4.148090950449541
2025-04-01 06:39:10,8.208718172664069
2025-04-01 07:39:10,8.050908248672613
2025-04-01 08:39:10,8.135597133151048
2025-04-01 09:39:10,8.236696660237733
2025-04-01 10:39:10,8.030973282499286
2025-04-01 11:39:10,8.234224445937995
2025-04-01 12:39:10,8.179215239208446
2025-04-01 13:39:10,8.186377041373591
2025-04-01 14:39:10,8.10996771384823
2025-04-01 15:39:10,8.194767043402878
2025-04-01 16:39:10,8.219400894968622
2025-04-01 17:39:10,15.200486543001748
2025-04-01 18:39:10,15.317305250532726
2025-04-01 19:39:10,15.129529708441009
2025-04-01 20:39:10,15.497626137937505
2025-04-01 21:39:10,15.273121934222452
2025-04-01 22:39:10,15.297180058654671
2025-04-01 23:39:10,15.492659744116168
2025-04-02 00:39:10,4.149115744482606
2025-04-02 01:39:10,4.105182253143715
2025-04-02 02:39:10,4.123634350113392
2025-04-02 03:39:10,4.03961912313459
2025-04-02 04:39:10,4.164239616524589
2025-04-02 05:39:10,4.167618872305114
2025-04-02 06:39:10,8.227322379819611
2025-04-02 07:39:10,8.185499771870829
2025-04-02 08:39:10,8.047416095244522
2025-04-02 09:39:10,8.273251715452313
2025-04-02 10:39:10,8.020617896505058
2025-04-02 11:39:10,8.26150698178198
2025-04-02 12:39:10,8.112919056274675
2025-04-02 13:39:10,8.091962180605133
2025-04-02 14:39:10,8.057277678288177
2025-04-02 15:39:10,8.030079589110347
2025-04-02 16:39:10,8.189875121021135
2025-04-02 17:39:10,15.139257914811346
2025-04-02 18:39:10,15.279838756801679
2025-04-02 19:39:10,15.051746209237084
2025-04-02 20:39:10,15.475379717476224
2025-04-02 21:39:10,15.377676855753158
2025-04-02 22:39:10,15.152976549220218
2025-04-02 23:39:10,15.490385623527
2025-04-03 00:39:10,4.139880706016191
2025-04-03 01:39:10,4.15457616752005
2025-04-03 02:39:10,4.135974172965873
2025-04-03 03:39:10,4.0498969761092365
2025-04-03 04:39:10,4.083734077523076
2025-04-03 05:39:10,4.080877228480517
2025-04-03 06:39:10,8.211674928264332
2025-04-03 07:39:10,8.041628757176989
2025-04-03 08:39:10,8.057223755184232
2025-04-03 09:39:10,8.2607737193362
2025-04-03 10:39:10,8.122328823932486
2025-04-03 11:39:10,8.095040080850813
2025-04-03 12:39:10,8.09319057223822
2025-04-03 13:39:10,8.215217634001162
2025-04-03 14:39:10,8.075532002934471
2025-04-03 15:39:10,8.006788750067937
2025-04-03 16:39:10,8.181787876937058
2025-04-03 17:39:10,15.306476092969213
2025-04-03 18:39:10,15.034274226681976
2025-04-03 19:39:10,15.26791365227761
2025-04-03 20:39:10,15.498102893746607
2025-04-03 21:39:10,15.293529895692505
2025-04-03 22:39:10,15.410200055646259
2025-04-03 23:39:10,15.211492959116246
2025-04-04 00:39:10,4.060433099131786
2025-04-04 01:39:10,4.031647381895486
2025-04-04 02:39:10,4.109001980075872
2025-04-04 03:39:10,4.110752147707796
2025-04-04 04:39:10,4.039145979449709
2025-04-04 05:39:10,4.075019387764309
2025-04-04 06:39:10,8.221853953091443
2025-04-04 07:39:10,8.07175199041827
2025-04-04 08:39:10,8.228945739856933
2025-04-04 09:39:10,8.230677899340353
2025-04-04 10:39:10,8.123013118933795
2025-04-04 11:39:10,8.222177904799988
2025-04-04 12:39:10,8.181014873567275
2025-04-04 13:39:10,8.145700264757798
2025-04-04 14:39:10,8.223891546111926
2025-04-04 15:39:10,8.185145930437807
2025-04-04 16:39:10,8.017606142904617
2025-04-04 17:39:10,15.32970454832319
2025-04-04 18:39:10,15.113594991274063
2025-04-04 19:39:10,15.06103644428607
2025-04-04 20:39:10,15.272421272425897
2025-04-04 21:39:10,15.494689242710901
2025-04-04 22:39:10,15.319645692942819
2025-04-04 23:39:10,15.357888918156148
2025-04-05 00:39:10,4.038650537570255
2025-04-05 01:39:10,4.071340826057783
2025-04-05 02:39:10,4.175867787893777
2025-04-05 03:39:10,4.172324270569874
2025-04-05 04:39:10,4.038223294271649
2025-04-05 05:39:10,4.073033855305134
2025-04-05 06:39:10,8.172258584001591
2025-04-05 07:39:10,8.10857912090664
2025-04-05 08:39:10,8.072690663548952
2025-04-05 09:39:10,8.246219359243089
2025-04-05 10:39:10,8.273110202772859
2025-04-05 11:39:10,8.10073699137738
2025-04-05 12:39:10,8.155871730428736
2025-04-05 13:39:10,8.213013080894557
2025-04-05 14:39:10,8.187674048582457
2025-04-05 15:39:10,8.287299721413742
2025-04-05 16:39:10,8.110908599303135
2025-04-05 17:39:10,15.485933224262373
2025-04-05 18:39:10,15.24655188690827
2025-04-05 19:39:10,15.281438972152035
2025-04-05 20:39:10,15.241635044534558
2025-04-05 21:39:10,15.05527392323922
2025-04-05 22:39:10,15.125407179274413
2025-04-05 23:39:10,15.132050009766127
2025-04-06 00:39:10,4.179731503678077
2025-04-06 01:39:10,4.189197858446172
2025-04-06 02:39:10,4.104719513003282
2025-04-06 03:39:10,4.052837851414171
2025-04-06 04:39:10,4.134956448664964
2025-04-06 05:39:10,4.143277587799365
2025-04-06 06:39:10,8.028878997307716
2025-04-06 07:39:10,8.145397069437003
2025-04-06 08:39:10,8.082502391240887
2025-04-06 09:39:10,8.161544661436308
2025-04-06 10:39:10,8.149746397941463
2025-04-06 11:39:10,8.27382496827056
2025-04-06 12:39:10,8.25972422069676
2025-04-06 13:39:10,8.099905036981571
2025-04-06 14:39:10,8.21171239153478
2025-04-06 15:39:10,8.258229554529473
2025-04-06 16:39:10,8.141387909295393
2025-04-06 17:39:10,15.046172019817472
2025-04-06 18:39:10,15.460266756423895
2025-04-06 19:39:10,15.020918997696903
2025-04-06 20:39:10,15.419525858139313
2025-04-06 21:39:10,15.123531965182927
2025-04-06 22:39:10,15.190171672561487
2025-04-06 23:39:10,15.483394897448756
2025-04-07 00:39:10,4.053979307208416
2025-04-07 01:39:10,4.091716430296412
2025-04-07 02:39:10,4.17062796679694
2025-04-07 03:39:10,4.196608337155702
2025-04-07 04:39:10,4.068102699986395
2025-04-07 05:39:10,4.171024003820412
2025-04-07 06:39:10,8.152298846141607
2025-04-07 07:39:10,8.281872973830463
2025-04-07 08:39:10,8.2383383561813
2025-04-07 09:39:10,8.097897913960802
2025-04-07 10:39:10,8.273139183899412
2025-04-07 11:39:10,8.274041615388219
2025-04-07 12:39:10,8.281693587979882
2025-04-07 13:39:10,8.01134603995136
2025-04-07 14:39:10,8.254881747760265
2025-04-07 15:39:10,8.257364939076101
2025-04-07 16:39:10,8.148270553832099
2025-04-07 17:39:10,15.205253034436032
2025-04-07 18:39:10,15.422342401631875
2025-04-07 19:39:10,15.366014951477469
2025-04-07 20:39:10,15.127312805389993
2025-04-07 21:39:10,15.303641713971809
2025-04-07 22:39:10,15.14434797467248
2025-04-07 23:39:10,15.001855381882512
2025-04-08 00:39:10,4.026139651638731
2025-04-08 01:39:10,4.085758175565463
2025-04-08 02:39:10,4.177768377967045
2025-04-08 03:39:10,4.132233391766492
2025-04-08 04:39:10,4.080389605364875
2025-04-08 05:39:10,4.155757987172661
2025-04-08 06:39:10,8.204371824090119
2025-04-08 07:39:10,8.191484141802249
2025-04-08 08:39:10,8.036631324337531
2025-04-08 09:39:10,8.193589113717486
2025-04-08 10:39:10,8.040888641535561
2025-04-08 11:39:10,8.24542752241304
2025-04-08 12:39:10,8.173320105355817
2025-04-08 13:39:10,8.14962165825722
2025-04-08 14:39:10,8.011769920504324
2025-04-08 15:39:10,8.258727216723061
2025-04-08 16:39:10,8.170238915581901
2025-04-08 17:39:10,15.285088648358348
2025-04-08 18:39:10,15.110410576159653
2025-04-08 19:39:10,15.45036443537944
2025-04-08 20:39:10,15.45284037190906
2025-04-08 21:39:10,15.330403148940647
2025-04-08 22:39:10,15.477412668884549
2025-04-08 23:39:10,15.469130610015917
2025-04-09 00:39:10,4.004327777638342
2025-04-09 01:39:10,4.073256641610105
2025-04-09 02:39:10,4.175025394219574
2025-04-09 03:39:10,4.195905193241408
2025-04-09 04:39:10,4.0174536642843535
2025-04-09 05:39:10,4.022438793203957
2025-04-09 06:39:10,8.224345731121028
2025-04-09 07:39:10,8.242432785080307
2025-04-09 08:39:10,8.081391618957438
2025-04-09 09:39:10,8.182509376966998
2025-04-09 10:39:10,8.120172839935643
2025-04-09 11:39:10,8.115199512057393
2025-04-09 12:39:10,8.107133248087885
2025-04-09 13:39:10,8.154405596963032
2025-04-09 14:39:10,8.157074790290483
2025-04-09 15:39:10,8.102341217218397
2025-04-09 16:39:10,8.2908946812128
2025-04-09 17:39:10,15.236682001374948
2025-04-09 18:39:10,15.480771316364047
2025-04-09 19:39:10,15.19502537496471
2025-04-09 20:39:10,15.451175041506842
2025-04-09 21:39:10,15.018131281728122
2025-04-09 22:39:10,15.445249433991306
2025-04-09 23:39:10,15.47592385396399
2025-04-10 00:39:10,4.086868296279546
2025-04-10 01:39:10,4.169426179637634
2025-04-10 02:39:10,4.038631679015339
2025-04-10 03:39:10,4.029657620329844
2025-04-10 04:39:10,4.012879032561541
2025-04-10 05:39:10,4.185359481754082
2025-04-10 06:39:10,8.111674467593854
2025-04-10 07:39:10,8.229417084750892
2025-04-10 08:39:10,8.113585679031788
2025-04-10 09:39:10,8.257347024877268
2025-04-10 10:39:10,8.04771929934599
2025-04-10 11:39:10,8.110050994831935
2025-04-10 12:39:10,8.213596481478218
2025-04-10 13:39:10,8.192565603104876
2025-04-10 14:39:10,8.120123613629639
2025-04-10 15:39:10,8.160028892335164
2025-04-10 16:39:10,8.136030976611279
2025-04-10 17:39:10,15.316767246167625
2025-04-10 18:39:10,15.47296075385555
2025-04-10 19:39:10,15.049267370403715
2025-04-10 20:39:10,15.361874247708517
2025-04-10 21:39:10,15.375290876513818
2025-04-10 22:39:10,15.031673538529736
2025-04-10 23:39:10,15.208664004971354
2025-04-11 00:39:10,4.058478624641684
2025-04-11 01:39:10,4.168246521748218
2025-04-11 02:39:10,4.084653476726405
2025-04-11 03:39:10,4.108890434326524
2025-04-11 04:39:10,4.182776285528262
2025-04-11 05:39:10,4.16115815144398
2025-04-11 06:39:10,8.084310882544068
2025-04-11 07:39:10,8.043066783003063
2025-04-11 08:39:10,8.264479355921644
2025-04-11 09:39:10,8.26861090969795
2025-04-11 10:39:10,8.168809466221118
2025-04-11 11:39:10,8.058786993047743
2025-04-11 12:39:10,8.29753174585109
2025-04-11 13:39:10,8.01061734967203
2025-04-11 14:39:10,8.176302139752773
2025-04-11 15:39:10,8.179824096101447
2025-04-11 16:39:10,8.02573214243659
2025-04-11 17:39:10,15.394355569526992
2025-04-11 18:39:10,15.39993171211003
2025-04-11 19:39:10,15.185047238618106
2025-04-11 20:39:10,15.386351416393943
2025-04-11 21:39:10,15.218345631406306
2025-04-11 22:39:10,15.396645825591518
2025-04-11 23:39:10,15.249141838926459
2025-04-12 00:39:10,4.012518804075068
2025-04-12 01:39:10,4.197681043364477
2025-04-12 02:39:10,4.058982341667615
2025-04-12 03:39:10,4.126418607736184
2025-04-12 04:39:10,4.019359621448056
2025-04-12 05:39:10,4.121525679439043
2025-04-12 06:39:10,8.2543538236325
2025-04-12 07:39:10,8.241588327827522
2025-04-12 08:39:10,8.005632723215093
2025-04-12 09:39:10,8.146238355854743
2025-04-12 10:39:10,8.234330443665296
2025-04-12 11:39:10,8.122085307121427
2025-04-12 12:39:10,8.267146317974888
2025-04-12 13:39:10,8.038129815749475
2025-04-12 14:39:10,8.22188069943029
2025-04-12 15:39:10,8.103473552814545
2025-04-12 16:39:10,8.072449526912493
2025-04-12 17:39:10,15.319736528686825
2025-04-12 18:39:10,15.230846492237552
2025-04-12 19:39:10,15.488300118229802
2025-04-12 20:39:10,15.212642923976397
2025-04-12 21:39:10,15.02457836189019
2025-04-12 22:39:10,15.312342671030168
2025-04-12 23:39:10,15.385076603790681
2025-04-13 00:39:10,4.016372917188496
2025-04-13 01:39:10,4.172472248879923
2025-04-13 02:39:10,4.116670382334675
2025-04-13 03:39:10,4.083975296476197
2025-04-13 04:39:10,4.014356854448458
2025-04-13 05:39:10,4.116906963605854
2025-04-13 06:39:10,8.1121552600477
2025-04-13 07:39:10,8.022306915130468
2025-04-13 08:39:10,8.154726225984174
2025-04-13 09:39:10,8.118481952525963
2025-04-13 10:39:10,8.015760782086172
2025-04-13 11:39:10,8.17272197899292
2025-04-13 12:39:10,8.134195712886054
2025-04-13 13:39:10,8.253873709435334
2025-04-13 14:39:10,8.148160673317925
2025-04-13 15:39:10,8.297077447171377
2025-04-13 16:39:10,8.11380343006
2025-04-13 17:39:10,15.459161133042366
2025-04-13 18:39:10,15.002431260179632
2025-04-13 19:39:10,15.398473819276647
2025-04-13 20:39:10,15.074678028422134
2025-04-13 21:39:10,15.385013384399919
2025-04-13 22:39:10,15.160812106425388
2025-04-13 23:39:10,15.172812973950347
2025-04-14 00:39:10,4.083216492935205
2025-04-14 01:39:10,4.0316326701978245
2025-04-14 02:39:10,4.132039201385644
2025-04-14 03:39:10,4.04002795659992
2025-04-14 04:39:10,4.012079071013666
2025-04-14 05:39:10,4.075131158763565
2025-04-14 06:39:10,8.141113407198203
2025-04-14 07:39:10,8.00445186287448
2025-04-14 08:39:10,8.067633534205463
2025-04-14 09:39:10,8.027231811081696
2025-04-14 10:39:10,8.080508414200997
2025-04-14 11:39:10,8.189040523340356
2025-04-14 12:39:10,8.267495216649005
2025-04-14 13:39:10,8.282442342112526
2025-04-14 14:39:10,8.271850166229646
2025-04-14 15:39:10,8.100789739007682
2025-04-14 16:39:10,8.11197995482669
2025-04-14 17:39:10,15.385151307907247
2025-04-14 18:39:10,15.084926770221958
2025-04-14 19:39:10,15.010650558373229
2025-04-14 20:39:10,15.162452310360385
2025-04-14 21:39:10,15.497819705739355
2025-04-14 22:39:10,15.444285747120118
2025-04-14 23:39:10,15.227486188335622
2025-04-15 00:39:10,4.089139584302203
2025-04-15 01:39:10,4.065849496611915
2025-04-15 02:39:10,4.114618585151323
2025-04-15 03:39:10,4.032041931251046
2025-04-15 04:39:10,4.069147032709207
2025-04-15 05:39:10,4.090657115419809
2025-04-15 06:39:10,8.17208217497483
2025-04-15 07:39:10,8.047152371499305
2025-04-15 08:39:10,8.238195406600624
2025-04-15 09:39:10,8.280916166054146
2025-04-15 10:39:10,8.137078209509106
2025-04-15 11:39:10,8.099855233605668
2025-04-15 12:39:10,8.276667138024878
2025-04-15 13:39:10,8.133871458284505
2025-04-15 14:39:10,8.067194757106781
2025-04-15 15:39:10,8.134032726490677
2025-04-15 16:39:10,8.091552763312082
2025-04-15 17:39:10,15.364162311033072
2025-04-15 18:39:10,15.46838327377133
2025-04-15 19:39:10,15.27605792889705
2025-04-15 20:39:10,15.246295845663342
2025-04-15 21:39:10,15.115826662867462
2025-04-15 22:39:10,15.29930124501385
2025-04-15 23:39:10,15.127775752121291
2025-04-16 00:39:10,4.092154368657624
2025-04-16 01:39:10,4.16731234039796
2025-04-16 02:39:10,4.139503398422991
2025-04-16 03:39:10,4.1927225361294775
2025-04-16 04:39:10,4.1091283569174735
2025-04-16 05:39:10,4.162276664321198
2025-04-16 06:39:10,8.206644254556325
2025-04-16 07:39:10,8.23194060332697
2025-04-16 08:39:10,8.234192100137852
2025-04-16 09:39:10,8.164631318424684
2025-04-16 10:39:10,8.170645499083083
2025-04-16 11:39:10,8.1943256471376
2025-04-16 12:39:10,8.277364136257598
2025-04-16 13:39:10,8.018412978250588
2025-04-16 14:39:10,8.29022917269884
2025-04-16 15:39:10,8.26433676393879
2025-04-16 16:39:10,8.071997214585
2025-04-16 17:39:10,15.055883079066078
2025-04-16 18:39:10,15.197063512859977
2025-04-16 19:39:10,15.472916532725334
2025-04-16 20:39:10,15.373950112219159
2025-04-16 21:39:10,15.367653792265434
2025-04-16 22:39:10,15.241691209605825
2025-04-16 23:39:10,15.118094156284377
2025-04-17 00:39:10,4.109484798386239
2025-04-17 01:39:10,4.155226826510518
2025-04-17 02:39:10,4.052763231341916
2025-04-17 03:39:10,4.176643173394405
2025-04-17 04:39:10,4.185252358016261
2025-04-17 05:39:10,4.172340610161559
2025-04-17 06:39:10,8.110020848634573
2025-04-17 07:39:10,8.089978614047407
2025-04-17 08:39:10,8.07334753171697
2025-04-17 09:39:10,8.00980255377801
2025-04-17 10:39:10,8.299917420306029
2025-04-17 11:39:10,8.26697040766644
2025-04-17 12:39:10,8.134789668574811
2025-04-17 13:39:10,8.04920355706859
2025-04-17 14:39:10,8.043481916489636
2025-04-17 15:39:10,8.038269292806008
2025-04-17 16:39:10,8.27958718167344
2025-04-17 17:39:10,15.08184532927806
2025-04-17 18:39:10,15.43354433335513
2025-04-17 19:39:10,15.417882131008671
2025-04-17 20:39:10,15.181755116465487
2025-04-17 21:39:10,15.146201636061205
2025-04-17 22:39:10,15.232059466147673
2025-04-17 23:39:10,15.389645534993749
2025-04-18 00:39:10,4.131460555026904
2025-04-18 01:39:10,4.185509430313487
2025-04-18 02:39:10,4.195502843492393
2025-04-18 03:39:10,4.170218727305601
2025-04-18 04:39:10,4.071399664081886
2025-04-18 05:39:10,4.138797634594706
2025-04-18 06:39:10,8.04888453922015
2025-04-18 07:39:10,8.282387071693153
2025-04-18 08:39:10,8.090037723780908
2025-04-18 09:39:10,8.060509097467824
2025-04-18 10:39:10,8.171676309695735
2025-04-18 11:39:10,8.133477940114021
2025-04-18 12:39:10,8.171177497853417
2025-04-18 13:39:10,8.113460982265623
2025-04-18 14:39:10,8.190534699275705
2025-04-18 15:39:10,8.247519576380858
2025-04-18 16:39:10,8.022104319429648
2025-04-18 17:39:10,15.494255404713048
2025-04-18 18:39:10,15.084274403210815
2025-04-18 19:39:10,15.172869443327922
2025-04-18 20:39:10,15.245190209653234
2025-04-18 21:39:10,15.192248791151236
2025-04-18 22:39:10,15.200577352102965
2025-04-18 23:39:10,15.445636846097747
2025-04-19 00:39:10,4.052385508091871
2025-04-19 01:39:10,4.050876286328164
2025-04-19 02:39:10,4.059679451518743
2025-04-19 03:39:10,4.1658431513924805
2025-04-19 04:39:10,4.1825472392858245
2025-04-19 05:39:10,4.087152985907496
2025-04-19 06:39:10,8.010123028671904
2025-04-19 07:39:10,8.126251764942783
2025-04-19 08:39:10,8.198184810042056
2025-04-19 09:39:10,8.279773346179976
2025-04-19 10:39:10,8.187246505142967
2025-04-19 11:39:10,8.270213179799688
2025-04-19 12:39:10,8.016482797501759
2025-04-19 13:39:10,8.262326699843083
2025-04-19 14:39:10,8.126239865972568
2025-04-19 15:39:10,8.190275193473767
2025-04-19 16:39:10,8.171808810306088
2025-04-19 17:39:10,15.48765893238067
2025-04-19 18:39:10,15.117279381433901
2025-04-19 19:39:10,15.497529186916623
2025-04-19 20:39:10,15.213574518153155
2025-04-19 21:39:10,15.44291624315861
2025-04-19 22:39:10,15.312921255101248
2025-04-19 23:39:10,15.380463265597571
2025-04-20 00:39:10,4.029056110383053
2025-04-20 01:39:10,4.040506018050823
2025-04-20 02:39:10,4.160589225826006
2025-04-20 03:39:10,4.0504006902619425
2025-04-20 04:39:10,4.125881875034162
2025-04-20 05:39:10,4.140561107660007
2025-04-20 06:39:10,8.14471944322945
2025-04-20 07:39:10,8.164282454937673
2025-04-20 08:39:10,8.142089494379485
2025-04-20 09:39:10,8.102096148246316
2025-04-20 10:39:10,8.177971873317668
2025-04-20 11:39:10,8.27503846671641
2025-04-20 12:39:10,8.222352736060838
2025-04-20 13:39:10,8.017069237533777
2025-04-20 14:39:10,8.19791754197102
2025-04-20 15:39:10,8.069990790105713
2025-04-20 16:39:10,8.016622670672003
2025-04-20 17:39:10,15.429801569570612
2025-04-20 18:39:10,15.054866299558768
2025-04-20 19:39:10,15.05834301539477
2025-04-20 20:39:10,15.36996636251943
2025-04-20 21:39:10,15.293316106830606
2025-04-20 22:39:10,15.083977084960864
2025-04-20 23:39:10,15.236293687504512
2025-04-21 00:39:10,4.069457193278202
2025-04-21 01:39:10,4.033003715628882
2025-04-21 02:39:10,4.162624643589687
2025-04-21 03:39:10,4.180864675869144
2025-04-21 04:39:10,4.198365206165822
2025-04-21 05:39:10,4.160315601160972
2025-04-21 06:39:10,8.175410538769947
2025-04-21 07:39:10,8.227172848347898
2025-04-21 08:39:10,8.024498456379664
2025-04-21 09:39:10,8.042069863755154
2025-04-21 10:39:10,8.267061698831224
2025-04-21 11:39:10,8.007582476030915
2025-04-21 12:39:10,8.190862056610772
2025-04-21 13:39:10,8.039007925788265
2025-04-21 14:39:10,8.211858887818696
2025-04-21 15:39:10,8.001439979252062
2025-04-21 16:39:10,8.132397933785212
2025-04-21 17:39:10,15.439784003869201
2025-04-21 18:39:10,15.41741498889616
2025-04-21 19:39:10,15.153221380717138
2025-04-21 20:39:10,15.275202154058242
2025-04-21 21:39:10,15.034354169559071
2025-04-21 22:39:10,15.214167728720778
2025-04-21 23:39:10,15.010689374250934
2025-04-22 00:39:10,4.185233840138541
2025-04-22 01:39:10,4.088466829171218
2025-04-22 02:39:10,4.0925097966723865
2025-04-22 03:39:10,4.0782295595356635
2025-04-22 04:39:10,4.153595587189019
2025-04-22 05:39:10,4.1567977247570225
2025-04-22 06:39:10,8.209880821334155
2025-04-22 07:39:10,8.230686158416681
2025-04-22 08:39:10,8.156572031591558
2025-04-22 09:39:10,8.212509213200885
2025-04-22 10:39:10,8.254654136604833
2025-04-22 11:39:10,8.19772964079332
2025-04-22 12:39:10,8.169186486654038
2025-04-22 13:39:10,8.218605200794189
2025-04-22 14:39:10,8.055691513997898
2025-04-22 15:39:10,8.13692178816308
2025-04-22 16:39:10,8.183978776248011
2025-04-22 17:39:10,15.453520531141782
2025-04-22 18:39:10,15.24281946026332
2025-04-22 19:39:10,15.117841696617793
2025-04-22 20:39:10,15.47383551073807
2025-04-22 21:39:10,15.011344491001104
2025-04-22 22:39:10,15.181420824998323
2025-04-22 23:39:10,15.383387192141083
2025-04-23 00:39:10,4.053715660090591
2025-04-23 01:39:10,4.05296530186355
2025-04-23 02:39:10,4.181277730491926
2025-04-23 03:39:10,4.196631471348433
2025-04-23 04:39:10,4.026789607811645
2025-04-23 05:39:10,4.106380297273108
2025-04-23 06:39:10,8.08085768455461
2025-04-23 07:39:10,8.187914099571566
2025-04-23 08:39:10,8.19826125375461
2025-04-23 09:39:10,8.154351128174081
2025-04-23 10:39:10,8.089796206216487
2025-04-23 11:39:10,8.061361845401976
2025-04-23 12:39:10,8.172186919888075
2025-04-23 13:39:10,8.056314936408183
2025-04-23 14:39:10,8.0938357793694
2025-04-23 15:39:10,8.19187545641807
2025-04-23 16:39:10,8.27521475838605
2025-04-23 17:39:10,15.228156559497565
2025-04-23 18:39:10,15.239820150913589
2025-04-23 19:39:10,15.438089724259541
2025-04-23 20:39:10,15.338008964253296
2025-04-23 21:39:10,15.0525221067069
2025-04-23 22:39:10,15.293728571931164
2025-04-23 23:39:10,15.291301110472174
2025-04-24 00:39:10,4.141536596463485
2025-04-24 01:39:10,4.177831763479823
2025-04-24 02:39:10,4.089897615202533
2025-04-24 03:39:10,4.055584253083962
2025-04-24 04:39:10,4.067899753084389
2025-04-24 05:39:10,4.092366986968997
2025-04-24 06:39:10,8.256697756344066
2025-04-24 07:39:10,8.10077971230058
2025-04-24 08:39:10,8.10726941120836
2025-04-24 09:39:10,8.097231340751012
2025-04-24 10:39:10,8.179851251525305
2025-04-24 11:39:10,8.238611704458139
2025-04-24 12:39:10,8.05597219962356
2025-04-24 13:39:10,8.152505017665892
2025-04-24 14:39:10,8.075910276408338
2025-04-24 15:39:10,8.250718223011853
2025-04-24 16:39:10,8.032904448836254
2025-04-24 17:39:10,15.377502253197298
2025-04-24 18:39:10,15.19846104008143
2025-04-24 19:39:10,15.229796322099975
2025-04-24 20:39:10,15.116201984860302
2025-04-24 21:39:10,15.033710137803851
2025-04-24 22:39:10,15.367773789262646
2025-04-24 23:39:10,15.328048570342512
2025-04-25 00:39:10,4.1832759276969185
2025-04-25 01:39:10,4.049370735785761
2025-04-25 02:39:10,4.050859098975272
2025-04-25 03:39:10,4.0304432392497
2025-04-25 04:39:10,4.1790881523195145
2025-04-25 05:39:10,4.158738406126389
2025-04-25 06:39:10,8.219823649154273
2025-04-25 07:39:10,8.144839666393052
2025-04-25 08:39:10,8.086251025072505
2025-04-25 09:39:10,8.050265707510434
2025-04-25 10:39:10,8.26213084218802
2025-04-25 11:39:10,8.223739145611537
2025-04-25 12:39:10,8.090443750567001
2025-04-25 13:39:10,8.053358214747455
2025-04-25 14:39:10,8.138078403316548
2025-04-25 15:39:10,8.190163443013539
2025-04-25 16:39:10,8.148184877765912
2025-04-25 17:39:10,15.03080045785912
2025-04-25 18:39:10,15.483280845765579
2025-04-25 19:39:10,15.00234024322113
2025-04-25 20:39:10,15.255841194107976
2025-04-25 21:39:10,15.349609374695461
2025-04-25 22:39:10,15.414039216705698
2025-04-25 23:39:10,15.214092397820847
2025-04-26 00:39:10,4.192715415729205
2025-04-26 01:39:10,4.131931444321132
2025-04-26 02:39:10,4.1601264254434405
2025-04-26 03:39:10,4.101649707858192
2025-04-26 04:39:10,4.155603857390947
2025-04-26 05:39:10,4.079678064722331
2025-04-26 06:39:10,8.093445739553259
2025-04-26 07:39:10,8.215490372232852
2025-04-26 08:39:10,8.09851635208936
2025-04-26 09:39:10,8.293308283660583
2025-04-26 10:39:10,8.07805522887161
2025-04-26 11:39:10,8.239939732127672
2025-04-26 12:39:10,8.229100914768718
2025-04-26 13:39:10,8.203546146238995
2025-04-26 14:39:10,8.11185395885071
2025-04-26 15:39:10,8.058970743483583
2025-04-26 16:39:10,8.236563439568915
2025-04-26 17:39:10,15.266814923267777
2025-04-26 18:39:10,15.107305076793802
2025-04-26 19:39:10,15.280933734959154
2025-04-26 20:39:10,15.3251415419759
2025-04-26 21:39:10,15.30385010254935
2025-04-26 22:39:10,15.03283893203005
2025-04-26 23:39:10,15.10413887400098
2025-04-27 00:39:10,4.003444702235527
2025-04-27 01:39:10,4.011812705114393
2025-04-27 02:39:10,4.02852516496608
2025-04-27 03:39:10,4.0840284471014465
2025-04-27 04:39:10,4.185155617769309
2025-04-27 05:39:10,4.125163527228266
2025-04-27 06:39:10,8.263526206006949
2025-04-27 07:39:10,8.293673096936677
2025-04-27 08:39:10,8.017118758030355
2025-04-27 09:39:10,8.023423730908753
2025-04-27 10:39:10,8.200851827718088
2025-04-27 11:39:10,8.043873369811244
2025-04-27 12:39:10,8.032022850272007
2025-04-27 13:39:10,8.246693387481752
2025-04-27 14:39:10,8.047308137873143
2025-04-27 15:39:10,8.114415805686289
2025-04-27 16:39:10,8.114547620516174
2025-04-27 17:39:10,15.389359495880218
2025-04-27 18:39:10,15.093107002056595
2025-04-27 19:39:10,15.431264888055193
2025-04-27 20:39:10,15.174278482044432
2025-04-27 21:39:10,15.445691643995733
2025-04-27 22:39:10,15.292224849519537
2025-04-27 23:39:10,15.396669423016489
2025-04-28 00:39:10,4.151229961620994
2025-04-28 01:39:10,4.132033567418474
2025-04-28 02:39:10,4.164168322651034
2025-04-28 03:39:10,4.138137770313684
2025-04-28 04:39:10,4.073839448257961
2025-04-28 05:39:10,4.117544216099441
2025-04-28 06:39:10,8.11322720924625
2025-04-28 07:39:10,8.077399917458795
2025-04-28 08:39:10,8.242441513308522
2025-04-28 09:39:10,8.125160713728219
2025-04-28 10:39:10,8.170224493928325
2025-04-28 11:39:10,8.163946712486412
2025-04-28 12:39:10,8.070636279650184
2025-04-28 13:39:10,8.189128039226283
2025-04-28 14:39:10,8.074244197998938
2025-04-28 15:39:10,8.12086275619792
2025-04-28 16:39:10,8.231969593694497
2025-04-28 17:39:10,15.456587477858578
2025-04-28 18:39:10,15.3077540525256
2025-04-28 19:39:10,15.26139151968401
2025-04-28 20:39:10,15.435035966840665
2025-04-28 21:39:10,15.001597098296424
2025-04-28 22:39:10,15.293253149815529
2025-04-28 23:39:10,15.166234652488036
2025-04-29 00:39:10,4.1231997935751314
2025-04-29 01:39:10,4.118871047568792
2025-04-29 02:39:10,4.06438202557946
2025-04-29 03:39:10,4.184533061832863
2025-04-29 04:39:10,4.024110926793063
2025-04-29 05:39:10,4.009427018732328
2025-04-29 06:39:10,8.063795828326096
2025-04-29 07:39:10,8.162170601247979
2025-04-29 08:39:10,8.297617789741436
2025-04-29 09:39:10,8.23812924194715
2025-04-29 10:39:10,8.28407547777756
2025-04-29 11:39:10,8.232125459615633
2025-04-29 12:39:10,8.202672476646773
2025-04-29 13:39:10,8.238063035761426
2025-04-29 14:39:10,8.064333076078574
2025-04-29 15:39:10,8.066502941494392
2025-04-29 16:39:10,8.239889985833942
2025-04-29 17:39:10,15.284685318118955
2025-04-29 18:39:10,15.125563553296486
2025-04-29 19:39:10,15.495434552150892
2025-04-29 20:39:10,15.061354545561903
2025-04-29 21:39:10,15.131303848853884
2025-04-29 22:39:10,15.379142579716047
2025-04-29 23:39:10,15.07456138210635
2025-04-30 00:39:10,4.055148366346773
2025-04-30 01:39:10,4.062326498661455
2025-04-30 02:39:10,4.064774876917959
2025-04-30 03:39:10,4.1986103302709
2025-04-30 04:39:10,4.129627700920159
2025-04-30 05:39:10,4.018955440858108
2025-04-30 06:39:10,8.22272878847953
2025-04-30 07:39:10,8.120083991727157
2025-04-30 08:39:10,8.03001097122349
2025-04-30 09:39:10,8.145076530952672
2025-04-30 10:39:10,8.285006985982616
2025-04-30 11:39:10,8.272958978073623
2025-04-30 12:39:10,8.136639521958358
2025-04-30 13:39:10,8.00024050185453
2025-04-30 14:39:10,8.084897499011669
2025-04-30 15:39:10,8.019028057367926
2025-04-30 16:39:10,8.015269896046725
2025-04-30 17:39:10,15.263388575673835
2025-04-30 18:39:10,15.26385267935166
2025-04-30 19:39:10,15.042505159870053
2025-04-30 20:39:10,15.424921929440972
2025-04-30 21:39:10,15.300834099620559
2025-04-30 22:39:10,15.258419511616035
2025-04-30 23:39:10,15.122554871396684
2025-05-01 00:39:10,4.003432499403651
2025-05-01 01:39:10,4.171041165993409
2025-05-01 02:39:10,4.18254290012019
2025-05-01 03:39:10,4.075046854714628
2025-05-01 04:39:10,4.123702227765165
2025-05-01 05:39:10,4.194262643990762
2025-05-01 06:39:10,8.025400693476666
2025-05-01 07:39:10,8.194741279799489
2025-05-01 08:39:10,8.15827958154553
2025-05-01 09:39:10,8.264160143194088
2025-05-01 10:39:10,8.240847764426972
2025-05-01 11:39:10,8.005932218765288
2025-05-01 12:39:10,8.066017750909818
2025-05-01 13:39:10,8.041850344376256
2025-05-01 14:39:10,8.124852257524932
2025-05-01 15:39:10,8.002313370437868
2025-05-01 16:39:10,8.118051631786402
2025-05-01 17:39:10,15.43877167624899
2025-05-01 18:39:10,15.071673529035499
2025-05-01 19:39:10,15.370317564476778
2025-05-01 20:39:10,15.289193693140513
2025-05-01 21:39:10,15.262680468372865
2025-05-01 22:39:10,15.02680811323187
2025-05-01 23:39:10,15.499945428446033
2025-05-02 00:39:10,4.027357352308615
2025-05-02 01:39:10,4.055048128096848
2025-05-02 02:39:10,4.1422809565362195
2025-05-02 03:39:10,4.038241160557135
2025-05-02 04:39:10,4.199143533854243
2025-05-02 05:39:10,4.006922634847725
2025-05-02 06:39:10,8.194341309800453
2025-05-02 07:39:10,8.046834273521117
2025-05-02 08:39:10,8.133630618608148
2025-05-02 09:39:10,8.274462069921448
2025-05-02 10:39:10,8.1558341938488
2025-05-02 11:39:10,8.197718760474638
2025-05-02 12:39:10,8.08612763735682
2025-05-02 13:39:10,8.136298732476263
2025-05-02 14:39:10,8.042075733831663
2025-05-02 15:39:10,8.238679902249347
2025-05-02 16:39:10,8.010585732084897
2025-05-02 17:39:10,15.314283572710098
2025-05-02 18:39:10,15.13171865032445
2025-05-02 19:39:10,15.116252383624815
2025-05-02 20:39:10,15.216997225984988
2025-05-02 21:39:10,15.240137336141176
2025-05-02 22:39:10,15.365215287122505
2025-05-02 23:39:10,15.250506647026478
2025-05-03 00:39:10,4.020218032521637
2025-05-03 01:39:10,4.060399526332786
2025-05-03 02:39:10,4.027683460463856
2025-05-03 03:39:10,4.149697074708135
2025-05-03 04:39:10,4.172799194419256
2025-05-03 05:39:10,4.118409014607666
2025-05-03 06:39:10,8.295934040081534
2025-05-03 07:39:10,8.109283303621043
2025-05-03 08:39:10,8.086024005424663
2025-05-03 09:39:10,8.057220285696802
2025-05-03 10:39:10,8.010428054782306
2025-05-03 11:39:10,8.144043313646593
2025-05-03 12:39:10,8.202489544608211
2025-05-03 13:39:10,8.298394293287608
2025-05-03 14:39:10,8.158111314916255
2025-05-03 15:39:10,8.185189774672509
2025-05-03 16:39:10,8.015198433956076
2025-05-03 17:39:10,15.001940674590209
2025-05-03 18:39:10,15.110498380973898
2025-05-03 19:39:10,15.074370054211926
2025-05-03 20:39:10,15.232794844675471
2025-05-03 21:39:10,15.118643726598327
2025-05-03 22:39:10,15.396161066177546
2025-05-03 23:39:10,15.248234479477835
2025-05-04 00:39:10,4.024156992460353
2025-05-04 01:39:10,4.095352262933434
2025-05-04 02:39:10,4.124861784547545
2025-05-04 03:39:10,4.089146717831223
2025-05-04 04:39:10,4.175304714392593
2025-05-04 05:39:10,4.196949702943257
2025-05-04 06:39:10,8.084864052193467
2025-05-04 07:39:10,8.084935069306121
2025-05-04 08:39:10,8.084842756285866
2025-05-04 09:39:10,8.20932899530318
2025-05-04 10:39:10,8.255196967773184
2025-05-04 11:39:10,8.135103100548701
2025-05-04 12:39:10,8.093513381060845
2025-05-04 13:39:10,8.022947070724218
2025-05-04 14:39:10,8.06972910919751
2025-05-04 15:39:10,8.059734615545567
2025-05-04 16:39:10,8.102523287626708
2025-05-04 17:39:10,15.22875533271365
2025-05-04 18:39:10,15.386642593938683
2025-05-04 19:39:10,15.230884522303645
2025-05-04 20:39:10,15.393958861091622
2025-05-04 21:39:10,15.42074438715625
2025-05-04 22:39:10,15.311691279134049
2025-05-04 23:39:10,15.0269069526729
2025-05-05 00:39:10,4.172671580734834
2025-05-05 01:39:10,4.157287161769562
2025-05-05 02:39:10,4.0964033784017015
2025-05-05 03:39:10,4.047317183374969
2025-05-05 04:39:10,4.0511646342550724
2025-05-05 05:39:10,4.094531044066892
2025-05-05 06:39:10,8.096349894699273
2025-05-05 07:39:10,8.142113570802191
2025-05-05 08:39:10,8.119184043580598
2025-05-05 09:39:10,8.00826406485016
2025-05-05 10:39:10,8.253177651691692
2025-05-05 11:39:10,8.148474096252011
2025-05-05 12:39:10,8.124761161879421
2025-05-05 13:39:10,8.01063260442104
2025-05-05 14:39:10,8.165141664983572
2025-05-05 15:39:10,8.102533584133734
2025-05-05 16:39:10,8.298473705550354
2025-05-05 17:39:10,15.378120445751636
2025-05-05 18:39:10,15.06062608353704
2025-05-05 19:39:10,15.351599208639161
2025-05-05 20:39:10,15.421821873520692
2025-05-05 21:39:10,15.188232558253462
2025-05-05 22:39:10,15.250951439644764
2025-05-05 23:39:10,15.343221784542134
2025-05-06 00:39:10,4.0583643336411495
2025-05-06 01:39:10,4.164126635345974
2025-05-06 02:39:10,4.189500935493721
2025-05-06 03:39:10,4.025523227626659
2025-05-06 04:39:10,4.028879196525587
2025-05-06 05:39:10,4.039415840358401
2025-05-06 06:39:10,8.092954859781852
2025-05-06 07:39:10,8.144947765269235
2025-05-06 08:39:10,8.225792603396606
2025-05-06 09:39:10,8.031324980277878
2025-05-06 10:39:10,8.097084478448965
2025-05-06 11:39:10,8.222582162974163
2025-05-06 12:39:10,8.195683729513853
2025-05-06 13:39:10,8.110160666895656
2025-05-06 14:39:10,8.059311695818897
2025-05-06 15:39:10,8.113363495132047
2025-05-06 16:39:10,8.280593383093327
