,MarketPrice
2025-01-07 00:00:00,60.71272794115244
2025-01-07 01:00:00,64.822747630763
2025-01-07 02:00:00,53.351701220952044
2025-01-07 03:00:00,63.471604013147086
2025-01-07 04:00:00,67.42337550022906
2025-01-07 05:00:00,70.19472505532548
2025-01-07 06:00:00,71.16962143089764
2025-01-07 07:00:00,68.97512967703325
2025-01-07 08:00:00,67.48343369700473
2025-01-07 09:00:00,63.38388015360139
2025-01-07 10:00:00,68.03725231610105
2025-01-07 11:00:00,53.81518962525815
2025-01-07 12:00:00,53.80097196217929
2025-01-07 13:00:00,47.66101627855683
2025-01-07 14:00:00,34.65321380058134
2025-01-07 15:00:00,23.92053964335385
2025-01-07 16:00:00,32.730557658261624
2025-01-07 17:00:00,23.982973898957034
2025-01-07 18:00:00,22.634183453117476
2025-01-07 19:00:00,33.25336038815304
2025-01-07 20:00:00,33.060893914421236
2025-01-07 21:00:00,36.63177170440133
2025-01-07 22:00:00,42.099045501582076
2025-01-07 23:00:00,42.605114551017934
2025-01-08 00:00:00,62.092250891653435
2025-01-08 01:00:00,51.53200362670671
2025-01-08 02:00:00,56.714838289803964
2025-01-08 03:00:00,56.67530343398263
2025-01-08 04:00:00,65.2611953395442
2025-01-08 05:00:00,65.27181631117669
2025-01-08 06:00:00,69.42812992674368
2025-01-08 07:00:00,73.8590806532716
2025-01-08 08:00:00,67.3930701923261
2025-01-08 09:00:00,72.1665889880008
2025-01-08 10:00:00,66.9373026745993
2025-01-08 11:00:00,53.53852319222155
2025-01-08 12:00:00,47.392684455092336
2025-01-08 13:00:00,48.87116108206205
2025-01-08 14:00:00,46.08220311860707
2025-01-08 15:00:00,25.625022796056538
2025-01-08 16:00:00,36.882613496715365
2025-01-08 17:00:00,34.09655869885604
2025-01-08 18:00:00,20.307846261627994
2025-01-08 19:00:00,33.86256008939595
2025-01-08 20:00:00,34.09802987566418
2025-01-08 21:00:00,39.348253035438425
2025-01-08 22:00:00,30.28154381103297
2025-01-08 23:00:00,40.062429460109975
2025-01-09 00:00:00,48.47462022539855
2025-01-09 01:00:00,54.95504607950559
2025-01-09 02:00:00,59.33105367859919
2025-01-09 03:00:00,73.3623678802563
2025-01-09 04:00:00,71.9255338949234
2025-01-09 05:00:00,64.59636264626612
2025-01-09 06:00:00,65.29105555630534
2025-01-09 07:00:00,76.75538832021404
2025-01-09 08:00:00,64.16432291094623
2025-01-09 09:00:00,70.17135443739842
2025-01-09 10:00:00,62.315757822633394
2025-01-09 11:00:00,55.61302761691188
2025-01-09 12:00:00,45.52878685547719
2025-01-09 13:00:00,44.80245852626852
2025-01-09 14:00:00,47.72294741075478
2025-01-09 15:00:00,35.7191565256553
2025-01-09 16:00:00,32.13666847401319
2025-01-09 17:00:00,27.413359620862344
2025-01-09 18:00:00,24.27866133818172
2025-01-09 19:00:00,33.85176452877994
2025-01-09 20:00:00,20.587241812429205
2025-01-09 21:00:00,37.5757252270407
2025-01-09 22:00:00,36.33362899781851
2025-01-09 23:00:00,48.17102053834765
2025-01-10 00:00:00,44.57001169230303
2025-01-10 01:00:00,60.33311482747488
2025-01-10 02:00:00,50.239945969025854
2025-01-10 03:00:00,62.38167934695649
2025-01-10 04:00:00,71.27439008823899
2025-01-10 05:00:00,76.02143622007887
2025-01-10 06:00:00,60.698616313835586
2025-01-10 07:00:00,67.47848357100916
2025-01-10 08:00:00,70.5038717839053
2025-01-10 09:00:00,66.49347447166295
2025-01-10 10:00:00,53.785112337886716
2025-01-10 11:00:00,54.51724327807923
2025-01-10 12:00:00,54.041896973194824
2025-01-10 13:00:00,50.52007381767644
2025-01-10 14:00:00,38.055924205794916
2025-01-10 15:00:00,33.51905212472715
2025-01-10 16:00:00,32.97303218074314
2025-01-10 17:00:00,35.444354062937
2025-01-10 18:00:00,33.59544466668206
2025-01-10 19:00:00,26.360740286991856
2025-01-10 20:00:00,43.37727393780723
2025-01-10 21:00:00,39.61960575092496
2025-01-10 22:00:00,33.780363167253945
2025-01-10 23:00:00,48.111999505755776
2025-01-11 00:00:00,51.81499729972975
2025-01-11 01:00:00,74.01179532289477
2025-01-11 02:00:00,58.09349385565695
2025-01-11 03:00:00,71.52062054965563
2025-01-11 04:00:00,69.26983746637812
2025-01-11 05:00:00,66.22179155735307
2025-01-11 06:00:00,70.43877132133761
2025-01-11 07:00:00,67.2332047322407
2025-01-11 08:00:00,70.70592177179358
2025-01-11 09:00:00,60.85204043662862
2025-01-11 10:00:00,63.08655745152704
2025-01-11 11:00:00,63.38651868955471
2025-01-11 12:00:00,57.94666747441913
2025-01-11 13:00:00,44.21513026284395
2025-01-11 14:00:00,36.139656131619574
2025-01-11 15:00:00,40.33908027476932
2025-01-11 16:00:00,23.73473316709648
2025-01-11 17:00:00,32.880121639991614
2025-01-11 18:00:00,34.45526784375378
2025-01-11 19:00:00,30.431173107767513
2025-01-11 20:00:00,29.3845791542891
2025-01-11 21:00:00,37.11078733785202
2025-01-11 22:00:00,36.97920199631423
2025-01-11 23:00:00,49.659895991147096
2025-01-12 00:00:00,51.74270332893431
2025-01-12 01:00:00,66.03135079417756
2025-01-12 02:00:00,63.10323910548347
2025-01-12 03:00:00,61.20802888235287
2025-01-12 04:00:00,66.49928859872223
2025-01-12 05:00:00,71.46976366487655
2025-01-12 06:00:00,75.11351888796185
2025-01-12 07:00:00,65.91074554522307
2025-01-12 08:00:00,66.24741900881648
2025-01-12 09:00:00,63.14311884922291
2025-01-12 10:00:00,60.326704061731085
2025-01-12 11:00:00,52.089265346391784
2025-01-12 12:00:00,57.26529760034673
2025-01-12 13:00:00,32.017268321048775
2025-01-12 14:00:00,39.22988752015853
2025-01-12 15:00:00,45.15029905044309
2025-01-12 16:00:00,25.87080852010145
2025-01-12 17:00:00,22.905046654574228
2025-01-12 18:00:00,23.75575090008794
2025-01-12 19:00:00,28.057480880366672
2025-01-12 20:00:00,35.9547742831849
2025-01-12 21:00:00,39.623401933799855
2025-01-12 22:00:00,46.2120241672345
2025-01-12 23:00:00,42.92068504274071
2025-01-13 00:00:00,54.155871036196594
2025-01-13 01:00:00,66.3252772792423
2025-01-13 02:00:00,60.43572598800281
2025-01-13 03:00:00,61.8518354184766
2025-01-13 04:00:00,67.6274968532391
2025-01-13 05:00:00,70.71429495503365
2025-01-13 06:00:00,80.15479288040721
2025-01-13 07:00:00,67.59818603674069
2025-01-13 08:00:00,73.21036480602858
2025-01-13 09:00:00,65.58147451344449
2025-01-13 10:00:00,63.612494745569286
2025-01-13 11:00:00,54.43593174972121
2025-01-13 12:00:00,50.615726680085494
2025-01-13 13:00:00,38.44829954662075
2025-01-13 14:00:00,41.719507468163954
2025-01-13 15:00:00,26.92622355992137
2025-01-13 16:00:00,26.73069247706174
2025-01-13 17:00:00,27.72758452355679
2025-01-13 18:00:00,25.917276519600403
2025-01-13 19:00:00,30.104838729275176
2025-01-13 20:00:00,34.57735931621677
2025-01-13 21:00:00,33.17594869790773
2025-01-13 22:00:00,43.80946146650815
2025-01-13 23:00:00,37.243297692627756
2025-01-14 00:00:00,50.17349910570989
2025-01-14 01:00:00,56.74572239754495
2025-01-14 02:00:00,60.21022192495033
2025-01-14 03:00:00,70.9803332023711
2025-01-14 04:00:00,60.72918603879256
2025-01-14 05:00:00,77.45540950596617
2025-01-14 06:00:00,70.08635752493176
2025-01-14 07:00:00,67.52228427729355
2025-01-14 08:00:00,75.11124482831566
2025-01-14 09:00:00,63.236856268906294
2025-01-14 10:00:00,60.58642673936073
2025-01-14 11:00:00,51.01673768239884
2025-01-14 12:00:00,49.2282501560667
2025-01-14 13:00:00,39.38283415520397
2025-01-14 14:00:00,47.67412298218859
2025-01-14 15:00:00,37.862550258988236
2025-01-14 16:00:00,31.927437591763294
2025-01-14 17:00:00,29.364644047690437
2025-01-14 18:00:00,35.75914419740512
2025-01-14 19:00:00,19.195293493812077
2025-01-14 20:00:00,35.298415303172916
2025-01-14 21:00:00,40.61731843070229
2025-01-14 22:00:00,40.46363680038452
2025-01-14 23:00:00,37.50493111881077
2025-01-15 00:00:00,42.26396881428419
2025-01-15 01:00:00,45.937445038143395
2025-01-15 02:00:00,60.43875256844947
2025-01-15 03:00:00,63.868092615155724
2025-01-15 04:00:00,72.84870224833058
2025-01-15 05:00:00,65.79480046008473
2025-01-15 06:00:00,71.10191705792384
2025-01-15 07:00:00,75.59093177629909
2025-01-15 08:00:00,69.4407232875805
2025-01-15 09:00:00,61.79196876960059
2025-01-15 10:00:00,62.494558244178386
2025-01-15 11:00:00,53.570970295158304
2025-01-15 12:00:00,54.95779558662806
2025-01-15 13:00:00,38.68166239292533
2025-01-15 14:00:00,37.58128418924494
2025-01-15 15:00:00,35.63035758333014
2025-01-15 16:00:00,30.675620196572915
2025-01-15 17:00:00,25.200477180102467
2025-01-15 18:00:00,27.94892715604495
2025-01-15 19:00:00,31.52207213208296
2025-01-15 20:00:00,31.512467822280964
2025-01-15 21:00:00,43.35816166976313
2025-01-15 22:00:00,48.48738470298981
2025-01-15 23:00:00,52.02372021010156
2025-01-16 00:00:00,52.137555772581344
2025-01-16 01:00:00,61.73000667564662
2025-01-16 02:00:00,62.65316955208003
2025-01-16 03:00:00,62.8155766871445
2025-01-16 04:00:00,65.72111453504856
2025-01-16 05:00:00,70.01711047940829
2025-01-16 06:00:00,72.51592209687134
2025-01-16 07:00:00,60.1434855394168
2025-01-16 08:00:00,68.32981341336597
2025-01-16 09:00:00,64.34614088466128
2025-01-16 10:00:00,59.02254409447637
2025-01-16 11:00:00,52.49390981921608
2025-01-16 12:00:00,55.01670362421609
2025-01-16 13:00:00,48.28325386971472
2025-01-16 14:00:00,37.07104730981686
2025-01-16 15:00:00,31.794483786006968
2025-01-16 16:00:00,34.458070348017074
2025-01-16 17:00:00,33.13575558952658
2025-01-16 18:00:00,31.628190619461503
2025-01-16 19:00:00,32.563512347865476
2025-01-16 20:00:00,28.33898865384065
2025-01-16 21:00:00,39.66942210225567
2025-01-16 22:00:00,45.34108409831028
2025-01-16 23:00:00,47.890344565765254
2025-01-17 00:00:00,52.285064016276124
2025-01-17 01:00:00,41.577070810995956
2025-01-17 02:00:00,56.73676422732782
2025-01-17 03:00:00,60.647287628538066
2025-01-17 04:00:00,71.50719398468428
2025-01-17 05:00:00,58.06981018663615
2025-01-17 06:00:00,72.22385857733386
2025-01-17 07:00:00,62.74028389086704
2025-01-17 08:00:00,72.60463535191182
2025-01-17 09:00:00,63.34515525672672
2025-01-17 10:00:00,59.2382995086423
2025-01-17 11:00:00,51.282869012114006
2025-01-17 12:00:00,46.39442963572391
2025-01-17 13:00:00,39.80090509857393
2025-01-17 14:00:00,42.36970687060551
2025-01-17 15:00:00,37.882466097609736
2025-01-17 16:00:00,41.16967188354849
2025-01-17 17:00:00,38.568778916346815
2025-01-17 18:00:00,30.119892913989744
2025-01-17 19:00:00,27.95908643783892
2025-01-17 20:00:00,21.713275098590213
2025-01-17 21:00:00,39.14579901409487
2025-01-17 22:00:00,44.287356254934615
2025-01-17 23:00:00,44.16905588360113
2025-01-18 00:00:00,55.6576063059992
2025-01-18 01:00:00,63.2309486732893
2025-01-18 02:00:00,67.55657292240794
2025-01-18 03:00:00,67.7691765514955
2025-01-18 04:00:00,77.25824539574788
2025-01-18 05:00:00,69.40263536257763
2025-01-18 06:00:00,65.70480886325551
2025-01-18 07:00:00,65.26629783362324
2025-01-18 08:00:00,70.40141571064734
2025-01-18 09:00:00,56.79026760035545
2025-01-18 10:00:00,59.99659863950253
2025-01-18 11:00:00,53.40117764409336
2025-01-18 12:00:00,51.885728772114604
2025-01-18 13:00:00,51.26105203771709
2025-01-18 14:00:00,38.72955822916026
2025-01-18 15:00:00,33.47051959252319
2025-01-18 16:00:00,36.96318717471951
2025-01-18 17:00:00,26.660140002261038
2025-01-18 18:00:00,17.209422419911682
2025-01-18 19:00:00,27.205224329409145
2025-01-18 20:00:00,23.970903206205648
2025-01-18 21:00:00,41.40671413764566
2025-01-18 22:00:00,35.09705347175245
2025-01-18 23:00:00,45.33365942134195
2025-01-19 00:00:00,48.74338569397895
2025-01-19 01:00:00,51.12946192157657
2025-01-19 02:00:00,56.507402614353005
2025-01-19 03:00:00,67.0504514050016
2025-01-19 04:00:00,70.74476059033893
2025-01-19 05:00:00,70.85308914415808
2025-01-19 06:00:00,67.8557542601868
2025-01-19 07:00:00,57.35525599845179
2025-01-19 08:00:00,67.8915439688498
2025-01-19 09:00:00,69.06647073572805
2025-01-19 10:00:00,58.62618431400046
2025-01-19 11:00:00,57.89245550461949
2025-01-19 12:00:00,56.78835430277536
2025-01-19 13:00:00,44.19603370360294
2025-01-19 14:00:00,47.65296220730366
2025-01-19 15:00:00,24.011175571958212
2025-01-19 16:00:00,31.087848291385328
2025-01-19 17:00:00,30.493682022432438
2025-01-19 18:00:00,40.35086121003138
2025-01-19 19:00:00,41.025128148022006
2025-01-19 20:00:00,45.46005847543668
2025-01-19 21:00:00,32.65220615649785
2025-01-19 22:00:00,32.91474718866657
2025-01-19 23:00:00,42.80034936381305
2025-01-20 00:00:00,49.87025756145894
2025-01-20 01:00:00,58.151173955592014
2025-01-20 02:00:00,68.65677540982028
2025-01-20 03:00:00,64.99458163993543
2025-01-20 04:00:00,73.9579507473552
2025-01-20 05:00:00,69.03261672935243
2025-01-20 06:00:00,67.32234223313503
2025-01-20 07:00:00,71.00716183314009
2025-01-20 08:00:00,67.05253228439896
2025-01-20 09:00:00,62.70990681524976
2025-01-20 10:00:00,55.62867411666987
2025-01-20 11:00:00,58.23239593365879
2025-01-20 12:00:00,45.480917839878515
2025-01-20 13:00:00,49.86231149611477
2025-01-20 14:00:00,40.07174530966363
2025-01-20 15:00:00,38.655264973556264
2025-01-20 16:00:00,39.491986756465735
2025-01-20 17:00:00,34.341839793653726
2025-01-20 18:00:00,31.875349077255553
2025-01-20 19:00:00,30.589250205246586
2025-01-20 20:00:00,27.742014929880945
2025-01-20 21:00:00,38.886780980449466
2025-01-20 22:00:00,39.409705216294554
2025-01-20 23:00:00,43.76889708997642
2025-01-21 00:00:00,54.45722316368265
2025-01-21 01:00:00,57.90407611428268
2025-01-21 02:00:00,52.279011211954554
2025-01-21 03:00:00,60.34647200214511
2025-01-21 04:00:00,72.38117592472568
2025-01-21 05:00:00,68.4563269728697
2025-01-21 06:00:00,70.47340224817749
2025-01-21 07:00:00,67.00749152786895
2025-01-21 08:00:00,71.79432540853408
2025-01-21 09:00:00,56.65064288630016
2025-01-21 10:00:00,67.2783304168646
2025-01-21 11:00:00,49.789825281307046
2025-01-21 12:00:00,46.19370064472924
2025-01-21 13:00:00,50.78136285159978
2025-01-21 14:00:00,36.47256694609611
2025-01-21 15:00:00,39.50190320225986
2025-01-21 16:00:00,36.77399180691651
2025-01-21 17:00:00,37.60034464206817
2025-01-21 18:00:00,22.903027887717467
2025-01-21 19:00:00,23.11191770374469
2025-01-21 20:00:00,34.27355085596713
2025-01-21 21:00:00,32.707884570711244
2025-01-21 22:00:00,40.50810532137275
2025-01-21 23:00:00,40.62702360825671
2025-01-22 00:00:00,49.64503608236518
2025-01-22 01:00:00,53.585693289236524
2025-01-22 02:00:00,61.41309419149754
2025-01-22 03:00:00,63.025793999637685
2025-01-22 04:00:00,71.72728994527348
2025-01-22 05:00:00,63.23745215177585
2025-01-22 06:00:00,65.06769455218152
2025-01-22 07:00:00,63.31016830712908
2025-01-22 08:00:00,72.90762585703477
2025-01-22 09:00:00,57.35877995018647
2025-01-22 10:00:00,60.88306421645899
2025-01-22 11:00:00,62.08011034194479
2025-01-22 12:00:00,50.27012906995983
2025-01-22 13:00:00,45.727950809468396
2025-01-22 14:00:00,37.130189721650325
2025-01-22 15:00:00,29.92319690578535
2025-01-22 16:00:00,34.78352439317875
2025-01-22 17:00:00,26.459435334632264
2025-01-22 18:00:00,30.128504899438433
2025-01-22 19:00:00,29.29390059239283
2025-01-22 20:00:00,28.441754282292692
2025-01-22 21:00:00,43.26815392039315
2025-01-22 22:00:00,47.75857473792608
2025-01-22 23:00:00,47.724159861737746
2025-01-23 00:00:00,45.509759520935276
2025-01-23 01:00:00,58.27359303282476
2025-01-23 02:00:00,54.04795121356965
2025-01-23 03:00:00,75.48685646812426
2025-01-23 04:00:00,60.87596022583252
2025-01-23 05:00:00,73.20620062024165
2025-01-23 06:00:00,72.93802270362711
2025-01-23 07:00:00,73.9960358308239
2025-01-23 08:00:00,68.69853851722337
2025-01-23 09:00:00,68.21833588714439
2025-01-23 10:00:00,61.24340283268187
2025-01-23 11:00:00,57.941196301282424
2025-01-23 12:00:00,49.31451015134632
2025-01-23 13:00:00,47.16884310863793
2025-01-23 14:00:00,47.53777705015042
2025-01-23 15:00:00,29.582148928677576
2025-01-23 16:00:00,29.21347666129352
2025-01-23 17:00:00,28.253215235567914
2025-01-23 18:00:00,32.846026505656006
2025-01-23 19:00:00,35.05849649563466
2025-01-23 20:00:00,36.12861370988435
2025-01-23 21:00:00,35.307296273590524
2025-01-23 22:00:00,31.125455519801406
2025-01-23 23:00:00,39.18092160776561
2025-01-24 00:00:00,53.67598654828526
2025-01-24 01:00:00,63.40942348408571
2025-01-24 02:00:00,45.7487158840675
2025-01-24 03:00:00,72.88634038055208
2025-01-24 04:00:00,76.98672127275574
2025-01-24 05:00:00,76.42525682294868
2025-01-24 06:00:00,62.84755368450856
2025-01-24 07:00:00,70.77648077865756
2025-01-24 08:00:00,66.14155789918323
2025-01-24 09:00:00,62.65064802227008
2025-01-24 10:00:00,57.903889929842755
2025-01-24 11:00:00,50.39049811365853
2025-01-24 12:00:00,41.06775731550721
2025-01-24 13:00:00,41.22159378332936
2025-01-24 14:00:00,45.96493321674099
2025-01-24 15:00:00,32.16790312826342
2025-01-24 16:00:00,39.15977408892784
2025-01-24 17:00:00,30.877365590353982
2025-01-24 18:00:00,36.67467292483203
2025-01-24 19:00:00,23.12402421982692
2025-01-24 20:00:00,31.348442527263316
2025-01-24 21:00:00,42.40284064881797
2025-01-24 22:00:00,46.01581757219122
2025-01-24 23:00:00,39.90938849491833
2025-01-25 00:00:00,39.67553332712019
2025-01-25 01:00:00,58.191481374585166
2025-01-25 02:00:00,53.8846304669397
2025-01-25 03:00:00,62.95184184777488
2025-01-25 04:00:00,71.91111721606973
2025-01-25 05:00:00,71.07309002213627
2025-01-25 06:00:00,64.22606909024324
2025-01-25 07:00:00,69.53274826792544
2025-01-25 08:00:00,65.65865384679431
2025-01-25 09:00:00,74.90898098290222
2025-01-25 10:00:00,54.854166069633166
2025-01-25 11:00:00,64.9714308357746
2025-01-25 12:00:00,46.83035301710097
2025-01-25 13:00:00,45.25045544441201
2025-01-25 14:00:00,38.916581871384295
2025-01-25 15:00:00,33.747234655655106
2025-01-25 16:00:00,35.973453028691985
2025-01-25 17:00:00,18.22258868660561
2025-01-25 18:00:00,27.562691643755866
2025-01-25 19:00:00,32.38735310882722
2025-01-25 20:00:00,34.92303824044836
2025-01-25 21:00:00,38.027508148682486
2025-01-25 22:00:00,41.89528534006929
2025-01-25 23:00:00,51.834251211579236
2025-01-26 00:00:00,50.894075084343996
2025-01-26 01:00:00,54.07497294192522
2025-01-26 02:00:00,59.72821369346456
2025-01-26 03:00:00,63.08627484338894
2025-01-26 04:00:00,64.20216575141768
2025-01-26 05:00:00,66.19674050534056
2025-01-26 06:00:00,74.31034729451568
2025-01-26 07:00:00,68.682916842317
2025-01-26 08:00:00,65.30372333001648
2025-01-26 09:00:00,60.71246463672311
2025-01-26 10:00:00,62.82298738979843
2025-01-26 11:00:00,55.8191940585685
2025-01-26 12:00:00,52.997217029584895
2025-01-26 13:00:00,43.6421894270645
2025-01-26 14:00:00,33.64396598509166
2025-01-26 15:00:00,35.1406495523971
2025-01-26 16:00:00,38.167321347489356
2025-01-26 17:00:00,36.02657486108772
2025-01-26 18:00:00,29.878322430200512
2025-01-26 19:00:00,22.93850049346254
2025-01-26 20:00:00,36.08079165351165
2025-01-26 21:00:00,40.18462581550547
2025-01-26 22:00:00,28.05444171184829
2025-01-26 23:00:00,43.32840336056212
2025-01-27 00:00:00,57.52944692743863
2025-01-27 01:00:00,59.608504310918086
2025-01-27 02:00:00,56.954557413406505
2025-01-27 03:00:00,75.46842716763311
2025-01-27 04:00:00,63.57215991522029
2025-01-27 05:00:00,68.89392354718191
2025-01-27 06:00:00,77.2854308721267
2025-01-27 07:00:00,77.711087708806
2025-01-27 08:00:00,68.36637705558182
2025-01-27 09:00:00,62.44887730125133
2025-01-27 10:00:00,51.95069033895861
2025-01-27 11:00:00,58.3582316934531
2025-01-27 12:00:00,51.708586847956745
2025-01-27 13:00:00,42.627916999057824
2025-01-27 14:00:00,39.24278030902142
2025-01-27 15:00:00,44.06216712320463
2025-01-27 16:00:00,37.32045144652024
2025-01-27 17:00:00,26.944306623949874
2025-01-27 18:00:00,33.11658948038788
2025-01-27 19:00:00,31.967292924922194
2025-01-27 20:00:00,36.60803384299787
2025-01-27 21:00:00,27.65927321206083
2025-01-27 22:00:00,39.02691531161135
2025-01-27 23:00:00,51.99256625039485
2025-01-28 00:00:00,40.88699562396708
2025-01-28 01:00:00,66.65445852910418
2025-01-28 02:00:00,64.99445821907466
2025-01-28 03:00:00,61.94810966058583
2025-01-28 04:00:00,64.75078736138403
2025-01-28 05:00:00,73.1192800975879
2025-01-28 06:00:00,72.56919530221185
2025-01-28 07:00:00,64.114646677272
2025-01-28 08:00:00,63.941710747463816
2025-01-28 09:00:00,68.51376823500294
2025-01-28 10:00:00,53.49825725675747
2025-01-28 11:00:00,56.096595502374065
2025-01-28 12:00:00,48.32453104005003
2025-01-28 13:00:00,36.30240387146959
2025-01-28 14:00:00,41.16383906815447
2025-01-28 15:00:00,36.908849400273134
2025-01-28 16:00:00,24.173473344142685
2025-01-28 17:00:00,29.374670581113524
2025-01-28 18:00:00,26.639769193121456
2025-01-28 19:00:00,27.92227602443902
2025-01-28 20:00:00,32.081141513308054
2025-01-28 21:00:00,39.89266343392067
2025-01-28 22:00:00,36.8828175420607
2025-01-28 23:00:00,51.070098869059755
2025-01-29 00:00:00,57.83865283052777
2025-01-29 01:00:00,55.54334273027468
2025-01-29 02:00:00,48.0290741590188
2025-01-29 03:00:00,58.65540918241036
2025-01-29 04:00:00,65.82734065321631
2025-01-29 05:00:00,69.53680224596059
2025-01-29 06:00:00,61.29149736686148
2025-01-29 07:00:00,77.76191093182118
2025-01-29 08:00:00,68.49931026713497
2025-01-29 09:00:00,61.767497254560666
2025-01-29 10:00:00,66.57271472814932
2025-01-29 11:00:00,53.13725042015075
2025-01-29 12:00:00,52.462432806075995
2025-01-29 13:00:00,38.71276527355408
2025-01-29 14:00:00,41.224634513482464
2025-01-29 15:00:00,32.467000251180835
2025-01-29 16:00:00,26.178393369932515
2025-01-29 17:00:00,29.819110085447925
2025-01-29 18:00:00,20.2966720313712
2025-01-29 19:00:00,39.981071629319814
2025-01-29 20:00:00,34.51584158238825
2025-01-29 21:00:00,24.719526887320697
2025-01-29 22:00:00,40.43395592295105
2025-01-29 23:00:00,49.21674416552081
2025-01-30 00:00:00,53.386334926504404
2025-01-30 01:00:00,53.334573854814245
2025-01-30 02:00:00,48.89237400395625
2025-01-30 03:00:00,64.10488759898446
2025-01-30 04:00:00,66.53487698077595
2025-01-30 05:00:00,65.36077086828162
2025-01-30 06:00:00,68.54643170730098
2025-01-30 07:00:00,61.79601020086345
2025-01-30 08:00:00,63.15138527104742
2025-01-30 09:00:00,61.36739428637683
2025-01-30 10:00:00,58.129078155513945
2025-01-30 11:00:00,48.26080730298615
2025-01-30 12:00:00,53.69424591487012
2025-01-30 13:00:00,43.81802846505448
2025-01-30 14:00:00,29.101169783227228
2025-01-30 15:00:00,44.3699139387341
2025-01-30 16:00:00,34.568656651198296
2025-01-30 17:00:00,34.932587518242386
2025-01-30 18:00:00,34.80512146041622
2025-01-30 19:00:00,33.02993364252749
2025-01-30 20:00:00,38.746986715187504
2025-01-30 21:00:00,36.400566564171974
2025-01-30 22:00:00,44.070256806020424
2025-01-30 23:00:00,44.16790790105853
2025-01-31 00:00:00,50.82414463686665
2025-01-31 01:00:00,60.160043441153555
2025-01-31 02:00:00,69.38256561320739
2025-01-31 03:00:00,68.0707019502332
2025-01-31 04:00:00,67.79849980857081
2025-01-31 05:00:00,66.45419656073278
2025-01-31 06:00:00,70.72975753915401
2025-01-31 07:00:00,73.02602836691933
2025-01-31 08:00:00,68.36724370099125
2025-01-31 09:00:00,58.66131061964767
2025-01-31 10:00:00,63.07074925713305
2025-01-31 11:00:00,58.156588042872045
2025-01-31 12:00:00,43.90737162211361
2025-01-31 13:00:00,39.84625838340007
2025-01-31 14:00:00,31.220164067048852
2025-01-31 15:00:00,37.38731197256513
2025-01-31 16:00:00,36.987318834615664
2025-01-31 17:00:00,33.20619155444276
2025-01-31 18:00:00,21.29282406559974
2025-01-31 19:00:00,36.202619027933885
2025-01-31 20:00:00,33.09690528105304
2025-01-31 21:00:00,40.878279197288165
2025-01-31 22:00:00,46.49339507889698
2025-01-31 23:00:00,42.27256798484923
2025-02-01 00:00:00,46.495450488919815
2025-02-01 01:00:00,56.13379520897585
2025-02-01 02:00:00,57.31303662978207
2025-02-01 03:00:00,63.40127195895318
2025-02-01 04:00:00,64.03061215846678
2025-02-01 05:00:00,71.99529459042726
2025-02-01 06:00:00,67.93779981331195
2025-02-01 07:00:00,65.22020001354751
2025-02-01 08:00:00,63.15445664528607
2025-02-01 09:00:00,69.13103871682353
2025-02-01 10:00:00,61.416772511472864
2025-02-01 11:00:00,55.08804629897121
2025-02-01 12:00:00,48.62402616056872
2025-02-01 13:00:00,53.65711503165661
2025-02-01 14:00:00,42.00152956118153
2025-02-01 15:00:00,35.31004095282274
2025-02-01 16:00:00,33.98234628738667
2025-02-01 17:00:00,32.24937249485347
2025-02-01 18:00:00,32.810304846732805
2025-02-01 19:00:00,27.482436298606128
2025-02-01 20:00:00,27.265971177247184
2025-02-01 21:00:00,38.491340109114034
2025-02-01 22:00:00,42.86782124630883
2025-02-01 23:00:00,40.55232686646547
2025-02-02 00:00:00,48.05739114938923
2025-02-02 01:00:00,52.34192745614406
2025-02-02 02:00:00,62.024451776253805
2025-02-02 03:00:00,55.04826096848629
2025-02-02 04:00:00,67.82801223986874
2025-02-02 05:00:00,72.3355995429511
2025-02-02 06:00:00,68.723186708661
2025-02-02 07:00:00,60.686085301709355
2025-02-02 08:00:00,63.65347016400897
2025-02-02 09:00:00,65.64553484407107
2025-02-02 10:00:00,55.01683187163396
2025-02-02 11:00:00,49.067795860904496
2025-02-02 12:00:00,42.997606863107876
2025-02-02 13:00:00,45.05051907171372
2025-02-02 14:00:00,35.09484707962183
2025-02-02 15:00:00,35.993483606298376
2025-02-02 16:00:00,29.69482934998868
2025-02-02 17:00:00,22.131106726009847
2025-02-02 18:00:00,30.79051610722347
2025-02-02 19:00:00,29.426544484771757
2025-02-02 20:00:00,37.7065777065421
2025-02-02 21:00:00,35.46327184297065
2025-02-02 22:00:00,34.196659391560026
2025-02-02 23:00:00,48.79305879295678
2025-02-03 00:00:00,50.16672810815297
2025-02-03 01:00:00,45.968118933970764
2025-02-03 02:00:00,64.04749396893563
2025-02-03 03:00:00,65.52772583680618
2025-02-03 04:00:00,73.66557430804298
2025-02-03 05:00:00,65.59543066775431
2025-02-03 06:00:00,82.00115155752785
2025-02-03 07:00:00,72.3379634916136
2025-02-03 08:00:00,63.39070474625435
2025-02-03 09:00:00,62.40998432702557
2025-02-03 10:00:00,61.032404476158725
2025-02-03 11:00:00,53.26005149338449
2025-02-03 12:00:00,44.369504966627346
2025-02-03 13:00:00,37.87805607034198
2025-02-03 14:00:00,42.10737477079548
2025-02-03 15:00:00,38.836458324708275
2025-02-03 16:00:00,31.7842149809501
2025-02-03 17:00:00,32.09983363582318
2025-02-03 18:00:00,31.757193745763
2025-02-03 19:00:00,36.55634433540447
2025-02-03 20:00:00,33.27086904976858
2025-02-03 21:00:00,30.475664220861702
2025-02-03 22:00:00,30.984553734905894
2025-02-03 23:00:00,41.513058673255564
2025-02-04 00:00:00,49.506015217717206
2025-02-04 01:00:00,46.29122189944802
2025-02-04 02:00:00,61.903375953076825
2025-02-04 03:00:00,62.25263786060031
2025-02-04 04:00:00,67.33885866294698
2025-02-04 05:00:00,72.74329511616806
2025-02-04 06:00:00,64.12437945954815
2025-02-04 07:00:00,70.53597884176969
2025-02-04 08:00:00,69.00793064151071
2025-02-04 09:00:00,54.86526350267017
2025-02-04 10:00:00,65.19294619053157
2025-02-04 11:00:00,57.602440334891455
2025-02-04 12:00:00,49.84629754279667
2025-02-04 13:00:00,45.05521510731559
2025-02-04 14:00:00,35.7365891785291
2025-02-04 15:00:00,34.70862626057027
2025-02-04 16:00:00,23.779882914745635
2025-02-04 17:00:00,24.89414731458686
2025-02-04 18:00:00,32.8607849394795
2025-02-04 19:00:00,24.743716742487457
2025-02-04 20:00:00,24.585816734666246
2025-02-04 21:00:00,33.42795391966449
2025-02-04 22:00:00,37.374668182660386
2025-02-04 23:00:00,44.59923976724364
2025-02-05 00:00:00,48.42551532817879
2025-02-05 01:00:00,57.90349411848298
2025-02-05 02:00:00,58.40334941491034
2025-02-05 03:00:00,77.61370858861484
2025-02-05 04:00:00,69.03808717852941
2025-02-05 05:00:00,75.36035632328829
2025-02-05 06:00:00,62.41003001415362
2025-02-05 07:00:00,70.06096968575457
2025-02-05 08:00:00,61.131427858628186
2025-02-05 09:00:00,64.33834681772457
2025-02-05 10:00:00,54.55570203960169
2025-02-05 11:00:00,60.833337442359806
2025-02-05 12:00:00,59.665785204049044
2025-02-05 13:00:00,47.055643677699734
2025-02-05 14:00:00,39.43532455121563
2025-02-05 15:00:00,34.4271055492699
2025-02-05 16:00:00,24.957635574482172
2025-02-05 17:00:00,24.209081512736976
2025-02-05 18:00:00,26.264503950201256
2025-02-05 19:00:00,35.33969796155478
2025-02-05 20:00:00,35.649220808408835
2025-02-05 21:00:00,44.00003292807699
2025-02-05 22:00:00,41.924181300675194
2025-02-05 23:00:00,44.43799137848783
2025-02-06 00:00:00,46.6678748549098
2025-02-06 01:00:00,50.70570735942872
2025-02-06 02:00:00,63.69252632750021
2025-02-06 03:00:00,66.91109677034297
2025-02-06 04:00:00,67.57775643467957
2025-02-06 05:00:00,75.36914783483883
2025-02-06 06:00:00,61.659205355370766
2025-02-06 07:00:00,66.46524685270495
2025-02-06 08:00:00,72.84346466839726
2025-02-06 09:00:00,64.10789124595972
2025-02-06 10:00:00,58.68049714664879
2025-02-06 11:00:00,64.29278235913213
2025-02-06 12:00:00,42.774488223195746
2025-02-06 13:00:00,37.387341577789485
2025-02-06 14:00:00,42.828114243906086
2025-02-06 15:00:00,31.75881069471222
2025-02-06 16:00:00,31.28751681543659
2025-02-06 17:00:00,29.231264879236573
2025-02-06 18:00:00,26.34417678214197
2025-02-06 19:00:00,30.56652549562838
2025-02-06 20:00:00,38.15455413882404
2025-02-06 21:00:00,33.67201232031881
2025-02-06 22:00:00,46.282681514982244
2025-02-06 23:00:00,46.79604852716254
2025-02-07 00:00:00,53.461508433802386
2025-02-07 01:00:00,60.48363906302889
2025-02-07 02:00:00,52.365726076781506
2025-02-07 03:00:00,68.40895843015281
2025-02-07 04:00:00,67.48286729502215
2025-02-07 05:00:00,77.02446711004707
2025-02-07 06:00:00,77.22194618104938
2025-02-07 07:00:00,71.07545296183928
2025-02-07 08:00:00,73.29824350330465
2025-02-07 09:00:00,64.30386443700854
2025-02-07 10:00:00,69.82731983237107
2025-02-07 11:00:00,60.99855911920497
2025-02-07 12:00:00,45.08639734776733
2025-02-07 13:00:00,45.139336070729954
2025-02-07 14:00:00,46.98869629213257
2025-02-07 15:00:00,47.066654877244815
2025-02-07 16:00:00,28.92308800410154
2025-02-07 17:00:00,30.19743906700983
2025-02-07 18:00:00,23.72560449759189
2025-02-07 19:00:00,26.25868485691254
2025-02-07 20:00:00,33.928387146359725
2025-02-07 21:00:00,38.452781725691544
2025-02-07 22:00:00,31.446785242068543
2025-02-07 23:00:00,45.905117421838796
2025-02-08 00:00:00,55.50011388508676
2025-02-08 01:00:00,57.63744106584555
2025-02-08 02:00:00,53.49757459440923
2025-02-08 03:00:00,69.55057708405906
2025-02-08 04:00:00,68.54364065670777
2025-02-08 05:00:00,66.0732511011175
2025-02-08 06:00:00,67.23395724633721
2025-02-08 07:00:00,71.19090652261124
2025-02-08 08:00:00,73.47835032366193
2025-02-08 09:00:00,71.01762641453887
2025-02-08 10:00:00,56.970266324036196
2025-02-08 11:00:00,58.2334190957995
2025-02-08 12:00:00,44.12028286156796
2025-02-08 13:00:00,38.33175744810033
2025-02-08 14:00:00,38.82100267612456
2025-02-08 15:00:00,44.46497069553011
2025-02-08 16:00:00,33.56824963978624
2025-02-08 17:00:00,29.758056669552957
2025-02-08 18:00:00,30.102488877515842
2025-02-08 19:00:00,37.22547310809281
2025-02-08 20:00:00,31.039902819136532
2025-02-08 21:00:00,35.18001241877231
2025-02-08 22:00:00,38.22286064052767
2025-02-08 23:00:00,32.57370682845532
2025-02-09 00:00:00,45.858351281791165
2025-02-09 01:00:00,51.64830632196462
2025-02-09 02:00:00,67.75762726754486
2025-02-09 03:00:00,63.566252287300586
2025-02-09 04:00:00,71.77587698236081
2025-02-09 05:00:00,58.18810181467447
2025-02-09 06:00:00,65.62830655845431
2025-02-09 07:00:00,74.6562351611455
2025-02-09 08:00:00,73.46551642558869
2025-02-09 09:00:00,65.97967802915359
2025-02-09 10:00:00,64.78196413739447
2025-02-09 11:00:00,52.10791060506636
2025-02-09 12:00:00,57.86987164505796
2025-02-09 13:00:00,51.98263899384589
2025-02-09 14:00:00,46.64938647951074
2025-02-09 15:00:00,25.822596410445403
2025-02-09 16:00:00,35.67188734729157
2025-02-09 17:00:00,36.999601465400346
2025-02-09 18:00:00,22.84068732996417
2025-02-09 19:00:00,33.41178396358412
2025-02-09 20:00:00,30.786812174733814
2025-02-09 21:00:00,42.40014113151965
2025-02-09 22:00:00,39.78476633623661
2025-02-09 23:00:00,49.27891602557051
2025-02-10 00:00:00,47.91966847357299
2025-02-10 01:00:00,54.25549457914354
2025-02-10 02:00:00,57.59657444487805
2025-02-10 03:00:00,62.38486531034746
2025-02-10 04:00:00,59.27150729197295
2025-02-10 05:00:00,74.5380951991494
2025-02-10 06:00:00,68.22369721178849
2025-02-10 07:00:00,66.39625632830113
2025-02-10 08:00:00,75.9366522898698
2025-02-10 09:00:00,70.14696499075812
2025-02-10 10:00:00,57.352228769155744
2025-02-10 11:00:00,55.38848628092947
2025-02-10 12:00:00,52.70102869717748
2025-02-10 13:00:00,42.36011306586734
2025-02-10 14:00:00,40.6187290278341
2025-02-10 15:00:00,27.000720340926073
2025-02-10 16:00:00,26.796793332533237
2025-02-10 17:00:00,29.75053384599724
2025-02-10 18:00:00,30.658067330515998
2025-02-10 19:00:00,20.931426308149266
2025-02-10 20:00:00,35.76017270327899
2025-02-10 21:00:00,39.07214258524157
2025-02-10 22:00:00,40.168276233846946
2025-02-10 23:00:00,54.62977410678125
2025-02-11 00:00:00,44.52985552727391
2025-02-11 01:00:00,53.855163792926724
2025-02-11 02:00:00,50.373361606038685
2025-02-11 03:00:00,67.17418203530738
2025-02-11 04:00:00,67.50610153501167
2025-02-11 05:00:00,72.22290859017447
2025-02-11 06:00:00,71.07675701893116
2025-02-11 07:00:00,65.69802517605675
2025-02-11 08:00:00,61.57586820510764
2025-02-11 09:00:00,65.77283716985848
2025-02-11 10:00:00,61.90399020115548
2025-02-11 11:00:00,56.56382455532254
2025-02-11 12:00:00,47.27309285734299
2025-02-11 13:00:00,34.252296381839344
2025-02-11 14:00:00,52.43238941305867
2025-02-11 15:00:00,31.611124368972757
2025-02-11 16:00:00,35.634725835573214
2025-02-11 17:00:00,35.462240084555596
2025-02-11 18:00:00,30.17585439268248
2025-02-11 19:00:00,32.24616234984155
2025-02-11 20:00:00,35.81058653395363
2025-02-11 21:00:00,35.64613921844364
2025-02-11 22:00:00,44.21215366984974
2025-02-11 23:00:00,51.462813976702655
2025-02-12 00:00:00,54.954070545658
2025-02-12 01:00:00,44.85294663024391
2025-02-12 02:00:00,44.84041680457476
2025-02-12 03:00:00,65.96540183917061
2025-02-12 04:00:00,67.85156874522947
2025-02-12 05:00:00,72.70031112142887
2025-02-12 06:00:00,76.86109168517476
2025-02-12 07:00:00,70.41257920532574
2025-02-12 08:00:00,54.53643858564799
2025-02-12 09:00:00,52.30497867088717
2025-02-12 10:00:00,62.661372917745204
2025-02-12 11:00:00,45.99571584016321
2025-02-12 12:00:00,50.449292354622294
2025-02-12 13:00:00,45.768008861375286
2025-02-12 14:00:00,35.029641371997684
2025-02-12 15:00:00,23.548941108465144
2025-02-12 16:00:00,32.04682716479102
2025-02-12 17:00:00,40.65451387487777
2025-02-12 18:00:00,31.597662954814478
2025-02-12 19:00:00,40.307767473348314
2025-02-12 20:00:00,35.62926744058325
2025-02-12 21:00:00,28.129662598979806
2025-02-12 22:00:00,42.45858242727485
2025-02-12 23:00:00,41.4264591044362
2025-02-13 00:00:00,50.96770447479686
2025-02-13 01:00:00,56.37069966710011
2025-02-13 02:00:00,54.580360788467054
2025-02-13 03:00:00,74.5540796388084
2025-02-13 04:00:00,66.57907604700704
2025-02-13 05:00:00,77.01903087181243
2025-02-13 06:00:00,66.07710155789387
2025-02-13 07:00:00,72.5718819984506
2025-02-13 08:00:00,64.48557690474158
2025-02-13 09:00:00,63.51807848049787
2025-02-13 10:00:00,62.241123040043355
2025-02-13 11:00:00,62.110590075302056
2025-02-13 12:00:00,55.97414218480978
2025-02-13 13:00:00,42.236834458712885
2025-02-13 14:00:00,30.075375490256885
2025-02-13 15:00:00,34.60573995522586
2025-02-13 16:00:00,31.74985487628724
2025-02-13 17:00:00,19.528579936627732
2025-02-13 18:00:00,40.20418715429973
2025-02-13 19:00:00,28.554015236710427
2025-02-13 20:00:00,36.37586089332497
2025-02-13 21:00:00,37.54628861273266
2025-02-13 22:00:00,36.16438754014508
2025-02-13 23:00:00,49.940060806069795
2025-02-14 00:00:00,49.777020416505124
2025-02-14 01:00:00,52.030547662742045
2025-02-14 02:00:00,62.90013080352059
2025-02-14 03:00:00,57.8718939632687
2025-02-14 04:00:00,67.7599614447877
2025-02-14 05:00:00,63.10921131707037
2025-02-14 06:00:00,68.91318229436803
2025-02-14 07:00:00,63.59452575074394
2025-02-14 08:00:00,70.84580061092467
2025-02-14 09:00:00,53.83272783870478
2025-02-14 10:00:00,55.366969290697355
2025-02-14 11:00:00,53.64607160605427
2025-02-14 12:00:00,48.01799874728877
2025-02-14 13:00:00,48.884304084807624
2025-02-14 14:00:00,37.65565593963729
2025-02-14 15:00:00,36.602861664346214
2025-02-14 16:00:00,41.51098138537647
2025-02-14 17:00:00,31.03173161916337
2025-02-14 18:00:00,20.81835085985127
2025-02-14 19:00:00,29.43234034255393
2025-02-14 20:00:00,40.20426086125833
2025-02-14 21:00:00,45.14391535648565
2025-02-14 22:00:00,45.31241998661177
2025-02-14 23:00:00,41.58414767073632
2025-02-15 00:00:00,51.77147473569573
2025-02-15 01:00:00,48.48358378780202
2025-02-15 02:00:00,58.97807012654918
2025-02-15 03:00:00,58.93684655249864
2025-02-15 04:00:00,66.05271513296768
2025-02-15 05:00:00,65.4116520033319
2025-02-15 06:00:00,78.59497861355122
2025-02-15 07:00:00,67.08149186498804
2025-02-15 08:00:00,64.52144766514984
2025-02-15 09:00:00,63.17086339093919
2025-02-15 10:00:00,63.89256131684926
2025-02-15 11:00:00,58.91284903161797
2025-02-15 12:00:00,49.73229912247499
2025-02-15 13:00:00,42.072872596627256
2025-02-15 14:00:00,38.128496496753016
2025-02-15 15:00:00,33.017254133251164
2025-02-15 16:00:00,25.172965708380623
2025-02-15 17:00:00,29.506716375911203
2025-02-15 18:00:00,29.057695107113314
2025-02-15 19:00:00,29.448250865903784
2025-02-15 20:00:00,30.345828280978502
2025-02-15 21:00:00,40.04813676437576
2025-02-15 22:00:00,40.17794980977087
2025-02-15 23:00:00,51.02134067486685
2025-02-16 00:00:00,65.23412294266654
2025-02-16 01:00:00,56.36361320673225
2025-02-16 02:00:00,52.73765093796933
2025-02-16 03:00:00,57.2415452769469
2025-02-16 04:00:00,70.37036110930909
2025-02-16 05:00:00,75.4555232037331
2025-02-16 06:00:00,65.31306569815995
2025-02-16 07:00:00,75.4123097764721
2025-02-16 08:00:00,73.22716527359927
2025-02-16 09:00:00,59.38466453803015
2025-02-16 10:00:00,63.68278790003323
2025-02-16 11:00:00,48.95960822407999
2025-02-16 12:00:00,59.425499521892256
2025-02-16 13:00:00,38.68345005384736
2025-02-16 14:00:00,37.64371678239459
2025-02-16 15:00:00,35.266495842112256
2025-02-16 16:00:00,27.02044386139317
2025-02-16 17:00:00,27.832292391028247
2025-02-16 18:00:00,33.49670846743799
2025-02-16 19:00:00,33.17675522124738
2025-02-16 20:00:00,34.12260238994957
2025-02-16 21:00:00,27.54946977029939
2025-02-16 22:00:00,38.19361871759412
2025-02-16 23:00:00,47.127714509485564
2025-02-17 00:00:00,49.24551241700292
2025-02-17 01:00:00,57.25057262242486
2025-02-17 02:00:00,56.82985767757193
2025-02-17 03:00:00,58.55224669041445
2025-02-17 04:00:00,63.45832910269744
2025-02-17 05:00:00,71.1140510119149
2025-02-17 06:00:00,66.5624504452523
2025-02-17 07:00:00,76.28511264693937
2025-02-17 08:00:00,71.83772888967671
2025-02-17 09:00:00,57.69034094301808
2025-02-17 10:00:00,60.15982591921031
2025-02-17 11:00:00,48.00044531773215
2025-02-17 12:00:00,54.824880491305606
2025-02-17 13:00:00,45.89765294294468
2025-02-17 14:00:00,31.816630960838985
2025-02-17 15:00:00,34.21063212742186
2025-02-17 16:00:00,35.25357792502867
2025-02-17 17:00:00,32.77241358800122
2025-02-17 18:00:00,21.604736363116196
2025-02-17 19:00:00,30.793219077783462
2025-02-17 20:00:00,34.40597673295111
2025-02-17 21:00:00,42.74271165609429
2025-02-17 22:00:00,39.658354457632726
2025-02-17 23:00:00,43.686728009770576
2025-02-18 00:00:00,46.25681767808053
2025-02-18 01:00:00,61.73738224903478
2025-02-18 02:00:00,57.32626880934775
2025-02-18 03:00:00,68.53780746422555
2025-02-18 04:00:00,65.297489348305
2025-02-18 05:00:00,71.75441812352547
2025-02-18 06:00:00,63.359537019935104
2025-02-18 07:00:00,62.493370352529254
2025-02-18 08:00:00,65.61703870098188
2025-02-18 09:00:00,57.00616867720897
2025-02-18 10:00:00,56.34301521893724
2025-02-18 11:00:00,46.35209942559118
2025-02-18 12:00:00,49.59425748847109
2025-02-18 13:00:00,45.79698185720017
2025-02-18 14:00:00,40.116073956942216
2025-02-18 15:00:00,22.272934401891636
2025-02-18 16:00:00,30.87128175971172
2025-02-18 17:00:00,30.05788196488026
2025-02-18 18:00:00,23.13377525576026
2025-02-18 19:00:00,38.60929023289951
2025-02-18 20:00:00,28.465346187284062
2025-02-18 21:00:00,31.752826942471476
2025-02-18 22:00:00,50.70859057939745
2025-02-18 23:00:00,36.15954413318137
2025-02-19 00:00:00,47.05274138255464
2025-02-19 01:00:00,63.663724817000634
2025-02-19 02:00:00,58.38778928001446
2025-02-19 03:00:00,59.713405771619314
2025-02-19 04:00:00,71.68509772359052
2025-02-19 05:00:00,60.49115099714557
2025-02-19 06:00:00,76.54840717867329
2025-02-19 07:00:00,63.48100935564193
2025-02-19 08:00:00,58.47605605149859
2025-02-19 09:00:00,58.16566910194418
2025-02-19 10:00:00,60.183752627840825
2025-02-19 11:00:00,51.65727687515411
2025-02-19 12:00:00,57.96269201154317
2025-02-19 13:00:00,37.02982163837581
2025-02-19 14:00:00,40.20613399223087
2025-02-19 15:00:00,39.56704811115055
2025-02-19 16:00:00,36.26085975147308
2025-02-19 17:00:00,35.70734117115847
2025-02-19 18:00:00,30.43544981862418
2025-02-19 19:00:00,31.770504308460303
2025-02-19 20:00:00,26.610753055904947
2025-02-19 21:00:00,26.169954473080182
2025-02-19 22:00:00,37.71020045280434
2025-02-19 23:00:00,43.61906040910864
2025-02-20 00:00:00,52.625881325690365
2025-02-20 01:00:00,53.713868755598085
2025-02-20 02:00:00,58.829501868315354
2025-02-20 03:00:00,60.91286522168622
2025-02-20 04:00:00,60.90388651228501
2025-02-20 05:00:00,62.540778592975606
2025-02-20 06:00:00,68.90527633993354
2025-02-20 07:00:00,70.22205342646937
2025-02-20 08:00:00,68.18680014818123
2025-02-20 09:00:00,65.38777653322462
2025-02-20 10:00:00,60.00491880992946
2025-02-20 11:00:00,62.567926692908145
2025-02-20 12:00:00,58.002057701152694
2025-02-20 13:00:00,48.5302058132171
2025-02-20 14:00:00,43.386568800047364
2025-02-20 15:00:00,37.58008294336646
2025-02-20 16:00:00,32.02797220829135
2025-02-20 17:00:00,33.61845646237988
2025-02-20 18:00:00,29.477337842972624
2025-02-20 19:00:00,25.284321717528368
2025-02-20 20:00:00,31.910353414637136
2025-02-20 21:00:00,39.915460245604635
2025-02-20 22:00:00,33.864066393490084
2025-02-20 23:00:00,44.38821071586765
2025-02-21 00:00:00,48.79261072128147
2025-02-21 01:00:00,52.35583541011252
2025-02-21 02:00:00,65.77868590520076
2025-02-21 03:00:00,73.30760265687591
2025-02-21 04:00:00,71.5349269573222
2025-02-21 05:00:00,60.99588023438311
2025-02-21 06:00:00,75.57543998578126
2025-02-21 07:00:00,67.76522439070465
2025-02-21 08:00:00,71.14052314183795
2025-02-21 09:00:00,63.77783317752281
2025-02-21 10:00:00,56.34329920821436
2025-02-21 11:00:00,61.049805415183656
2025-02-21 12:00:00,56.675466197377716
2025-02-21 13:00:00,35.30223342252607
2025-02-21 14:00:00,39.795142017917364
2025-02-21 15:00:00,35.64983002869015
2025-02-21 16:00:00,23.487297545446413
2025-02-21 17:00:00,31.122892021709415
2025-02-21 18:00:00,25.362697501777497
2025-02-21 19:00:00,26.626846047168286
2025-02-21 20:00:00,28.16417746623845
2025-02-21 21:00:00,28.71402537681788
2025-02-21 22:00:00,42.20391284274928
2025-02-21 23:00:00,52.90476580568017
2025-02-22 00:00:00,54.68148608784011
2025-02-22 01:00:00,57.843054306983255
2025-02-22 02:00:00,58.94370350965261
2025-02-22 03:00:00,70.08579946182492
2025-02-22 04:00:00,59.375747083776076
2025-02-22 05:00:00,67.56206508518564
2025-02-22 06:00:00,59.51760423497289
2025-02-22 07:00:00,74.23247992807629
2025-02-22 08:00:00,70.40185541770263
2025-02-22 09:00:00,61.617235238351064
2025-02-22 10:00:00,63.244232263689256
2025-02-22 11:00:00,51.11787264171442
2025-02-22 12:00:00,53.14246960294126
2025-02-22 13:00:00,42.26877627902547
2025-02-22 14:00:00,36.13209451973153
2025-02-22 15:00:00,36.34857922910942
2025-02-22 16:00:00,30.844418161248374
2025-02-22 17:00:00,26.93754539945968
2025-02-22 18:00:00,30.723773788233075
2025-02-22 19:00:00,26.754259112803382
2025-02-22 20:00:00,40.10805173387539
2025-02-22 21:00:00,30.1261394462156
2025-02-22 22:00:00,26.316485514808317
2025-02-22 23:00:00,52.02638455721541
2025-02-23 00:00:00,45.25534353815512
2025-02-23 01:00:00,58.154851637408306
2025-02-23 02:00:00,69.58218220052018
2025-02-23 03:00:00,56.42160754930454
2025-02-23 04:00:00,60.89791479247896
2025-02-23 05:00:00,68.16223026942976
2025-02-23 06:00:00,70.4663176348266
2025-02-23 07:00:00,67.93054098993126
2025-02-23 08:00:00,62.766974733180966
2025-02-23 09:00:00,62.199738950770076
2025-02-23 10:00:00,52.23269180399272
2025-02-23 11:00:00,55.48475184860976
2025-02-23 12:00:00,53.16344439289743
2025-02-23 13:00:00,44.814189223372466
2025-02-23 14:00:00,29.888439713493767
2025-02-23 15:00:00,18.811003725279527
2025-02-23 16:00:00,30.229665098398087
2025-02-23 17:00:00,25.648145074131413
2025-02-23 18:00:00,26.174206851762786
2025-02-23 19:00:00,25.976949275095016
2025-02-23 20:00:00,38.234147826358594
2025-02-23 21:00:00,32.824382250059756
2025-02-23 22:00:00,36.77234753436816
2025-02-23 23:00:00,49.22648393266231
2025-02-24 00:00:00,50.18008519979893
2025-02-24 01:00:00,54.59683014860257
2025-02-24 02:00:00,67.07560662177332
2025-02-24 03:00:00,60.58795133757618
2025-02-24 04:00:00,66.54011499556103
2025-02-24 05:00:00,69.7902275044926
2025-02-24 06:00:00,72.72152369006696
2025-02-24 07:00:00,75.06765787804149
2025-02-24 08:00:00,74.10397306399918
2025-02-24 09:00:00,71.25720388255392
2025-02-24 10:00:00,55.97327848593905
2025-02-24 11:00:00,46.488697057132356
2025-02-24 12:00:00,56.55078988171564
2025-02-24 13:00:00,49.58195661576649
2025-02-24 14:00:00,41.0427048926749
2025-02-24 15:00:00,38.42943522462074
2025-02-24 16:00:00,36.312995449710876
2025-02-24 17:00:00,24.99223921739815
2025-02-24 18:00:00,24.028678065354327
2025-02-24 19:00:00,34.28740097740964
2025-02-24 20:00:00,34.36577743828491
2025-02-24 21:00:00,32.33103576840112
2025-02-24 22:00:00,34.94599649587553
2025-02-24 23:00:00,54.16614730501924
2025-02-25 00:00:00,42.88360754375263
2025-02-25 01:00:00,54.147458894320295
2025-02-25 02:00:00,57.598471353169
2025-02-25 03:00:00,63.53861000863708
2025-02-25 04:00:00,64.30246305395053
2025-02-25 05:00:00,77.10687773640832
2025-02-25 06:00:00,71.13304268166213
2025-02-25 07:00:00,69.22769345583198
2025-02-25 08:00:00,76.74858938430194
2025-02-25 09:00:00,61.04805039372671
2025-02-25 10:00:00,65.87247280931882
2025-02-25 11:00:00,59.79077048565806
2025-02-25 12:00:00,46.747031854905906
2025-02-25 13:00:00,39.46139392310007
2025-02-25 14:00:00,39.33007817864255
2025-02-25 15:00:00,31.896475279219473
2025-02-25 16:00:00,30.223411045069966
2025-02-25 17:00:00,25.265426436178153
2025-02-25 18:00:00,31.88347459531751
2025-02-25 19:00:00,32.51406911918751
2025-02-25 20:00:00,34.61992328434501
2025-02-25 21:00:00,38.59080013569287
2025-02-25 22:00:00,46.33829513725382
2025-02-25 23:00:00,44.16988539753572
2025-02-26 00:00:00,36.17919984233178
2025-02-26 01:00:00,57.26960075810308
2025-02-26 02:00:00,53.48370296748321
2025-02-26 03:00:00,63.16712238159416
2025-02-26 04:00:00,72.14247599501539
2025-02-26 05:00:00,67.2076999516563
2025-02-26 06:00:00,78.48745774645604
2025-02-26 07:00:00,69.03854006998104
2025-02-26 08:00:00,67.03561800089044
2025-02-26 09:00:00,74.50924226023872
2025-02-26 10:00:00,60.47892057585143
2025-02-26 11:00:00,55.09777945455113
2025-02-26 12:00:00,49.329741682783094
2025-02-26 13:00:00,35.845217608175744
2025-02-26 14:00:00,29.75980521878015
2025-02-26 15:00:00,29.85582460241688
2025-02-26 16:00:00,18.9687417983889
2025-02-26 17:00:00,28.986409215246766
2025-02-26 18:00:00,27.469785678620447
2025-02-26 19:00:00,35.104529454390395
2025-02-26 20:00:00,38.060627908223026
2025-02-26 21:00:00,43.37875785709503
2025-02-26 22:00:00,43.17019588136132
2025-02-26 23:00:00,39.894978170841846
2025-02-27 00:00:00,48.7758230790402
2025-02-27 01:00:00,56.06173390373112
2025-02-27 02:00:00,51.48936229589204
2025-02-27 03:00:00,60.925176373342325
2025-02-27 04:00:00,69.3413148439165
2025-02-27 05:00:00,61.573504460342356
2025-02-27 06:00:00,75.17953429748377
2025-02-27 07:00:00,66.14408159682041
2025-02-27 08:00:00,75.61799069027424
2025-02-27 09:00:00,68.74151981474115
2025-02-27 10:00:00,56.27120330510574
2025-02-27 11:00:00,54.98047175938978
2025-02-27 12:00:00,50.039129902536075
2025-02-27 13:00:00,46.87884083074847
2025-02-27 14:00:00,40.780239241681066
2025-02-27 15:00:00,35.07831465861173
2025-02-27 16:00:00,34.83983928038305
2025-02-27 17:00:00,26.750250775335125
2025-02-27 18:00:00,34.41837110775419
2025-02-27 19:00:00,28.649752244561565
2025-02-27 20:00:00,25.371567156411817
2025-02-27 21:00:00,31.47219740703501
2025-02-27 22:00:00,44.591489146969394
2025-02-27 23:00:00,48.998592881779416
2025-02-28 00:00:00,56.2119409913651
2025-02-28 01:00:00,53.8767573350551
2025-02-28 02:00:00,64.89533727531968
2025-02-28 03:00:00,68.85573197414092
2025-02-28 04:00:00,69.18188528390147
2025-02-28 05:00:00,64.571725752476
2025-02-28 06:00:00,69.4586955227915
2025-02-28 07:00:00,78.14483418656985
2025-02-28 08:00:00,71.90383358305904
2025-02-28 09:00:00,74.026343844435
2025-02-28 10:00:00,66.61466162262569
2025-02-28 11:00:00,56.32192656712409
2025-02-28 12:00:00,46.029183719336515
2025-02-28 13:00:00,44.164317549757556
2025-02-28 14:00:00,24.3438822152268
2025-02-28 15:00:00,34.623611775107676
2025-02-28 16:00:00,33.259927283557
2025-02-28 17:00:00,32.57160922920488
2025-02-28 18:00:00,29.87846406153002
2025-02-28 19:00:00,21.840962251658226
2025-02-28 20:00:00,27.787991944692987
2025-02-28 21:00:00,36.264588246565474
2025-02-28 22:00:00,37.35944609366089
2025-02-28 23:00:00,51.684835863003656
2025-03-01 00:00:00,40.18106619564814
2025-03-01 01:00:00,55.449056157485025
2025-03-01 02:00:00,70.07358659464586
2025-03-01 03:00:00,57.235495631785746
2025-03-01 04:00:00,69.25695555180529
2025-03-01 05:00:00,68.14590030277921
2025-03-01 06:00:00,74.48415910119769
2025-03-01 07:00:00,73.08682419108911
2025-03-01 08:00:00,65.00699682674629
2025-03-01 09:00:00,72.30393986452934
2025-03-01 10:00:00,56.74098647896173
2025-03-01 11:00:00,56.9642858015813
2025-03-01 12:00:00,49.05336842686963
2025-03-01 13:00:00,50.36610408385353
2025-03-01 14:00:00,49.23401519709911
2025-03-01 15:00:00,43.24449918112323
2025-03-01 16:00:00,24.16720731396331
2025-03-01 17:00:00,32.70801608239221
2025-03-01 18:00:00,32.79577825622799
2025-03-01 19:00:00,33.448320655921215
2025-03-01 20:00:00,28.24690437349291
2025-03-01 21:00:00,42.85262807349021
2025-03-01 22:00:00,29.769253236160438
2025-03-01 23:00:00,42.53356276205711
2025-03-02 00:00:00,52.19855762744749
2025-03-02 01:00:00,54.650534733173686
2025-03-02 02:00:00,57.59874029386768
2025-03-02 03:00:00,57.77425467368592
2025-03-02 04:00:00,71.39736371302159
2025-03-02 05:00:00,71.8001794061119
2025-03-02 06:00:00,75.33086630674528
2025-03-02 07:00:00,65.52148962853103
2025-03-02 08:00:00,70.94261999406075
2025-03-02 09:00:00,53.10644949150655
2025-03-02 10:00:00,67.18079645612526
2025-03-02 11:00:00,53.18615320255718
2025-03-02 12:00:00,46.37758377540262
2025-03-02 13:00:00,46.311586147942414
2025-03-02 14:00:00,41.8531395999045
2025-03-02 15:00:00,29.17181640741555
2025-03-02 16:00:00,32.047319045694415
2025-03-02 17:00:00,22.118780817543822
2025-03-02 18:00:00,28.90891547453998
2025-03-02 19:00:00,29.366663194446783
2025-03-02 20:00:00,30.118165164993577
2025-03-02 21:00:00,30.43971008415668
2025-03-02 22:00:00,43.051092753549966
2025-03-02 23:00:00,47.45507049524685
2025-03-03 00:00:00,47.43539215416949
2025-03-03 01:00:00,47.26240165868097
2025-03-03 02:00:00,53.39949899838108
2025-03-03 03:00:00,62.87052762223501
2025-03-03 04:00:00,69.18624539216624
2025-03-03 05:00:00,75.30996978934022
2025-03-03 06:00:00,66.53767340239705
2025-03-03 07:00:00,79.85237082461431
2025-03-03 08:00:00,67.12026887669683
2025-03-03 09:00:00,64.5567925742419
2025-03-03 10:00:00,55.01852820630739
2025-03-03 11:00:00,59.42053980218368
2025-03-03 12:00:00,55.75094194160572
2025-03-03 13:00:00,49.60274686080278
2025-03-03 14:00:00,42.616773186955555
2025-03-03 15:00:00,44.498490077038795
2025-03-03 16:00:00,39.650243015975136
2025-03-03 17:00:00,27.258719158258312
2025-03-03 18:00:00,30.252890006070956
2025-03-03 19:00:00,36.05250947131996
2025-03-03 20:00:00,33.47558201684565
2025-03-03 21:00:00,37.12077571705931
2025-03-03 22:00:00,40.80058987947637
2025-03-03 23:00:00,48.0337625479042
2025-03-04 00:00:00,44.48279688874503
2025-03-04 01:00:00,51.60973823142002
2025-03-04 02:00:00,63.75739211484684
2025-03-04 03:00:00,45.31185210663792
2025-03-04 04:00:00,64.09225395673946
2025-03-04 05:00:00,70.08655258721123
2025-03-04 06:00:00,66.82986809600872
2025-03-04 07:00:00,68.34526606002078
2025-03-04 08:00:00,57.30068335985739
2025-03-04 09:00:00,59.1211723068231
2025-03-04 10:00:00,69.88657039662472
2025-03-04 11:00:00,49.9408518822544
2025-03-04 12:00:00,41.70573362103191
2025-03-04 13:00:00,38.09863942848896
2025-03-04 14:00:00,43.19633332997565
2025-03-04 15:00:00,31.379740192132147
2025-03-04 16:00:00,33.68084702337443
2025-03-04 17:00:00,30.739578582632415
2025-03-04 18:00:00,33.166481116009365
2025-03-04 19:00:00,30.183392264760005
2025-03-04 20:00:00,32.961975239625524
2025-03-04 21:00:00,29.2091163277405
2025-03-04 22:00:00,35.424061015993274
2025-03-04 23:00:00,32.02186808860666
2025-03-05 00:00:00,43.91808628119086
2025-03-05 01:00:00,50.21283404975699
2025-03-05 02:00:00,64.33002761848041
2025-03-05 03:00:00,56.937854359911704
2025-03-05 04:00:00,69.582056549435
2025-03-05 05:00:00,74.16999568101149
2025-03-05 06:00:00,61.261795898725296
2025-03-05 07:00:00,63.89652133818792
2025-03-05 08:00:00,77.73179480261963
2025-03-05 09:00:00,57.38613122722877
2025-03-05 10:00:00,63.628183117085534
2025-03-05 11:00:00,60.2054314374423
2025-03-05 12:00:00,53.37706701976199
2025-03-05 13:00:00,50.77311835697505
2025-03-05 14:00:00,30.972415500266194
2025-03-05 15:00:00,31.482030111673616
2025-03-05 16:00:00,31.386683552750682
2025-03-05 17:00:00,34.16390547871343
2025-03-05 18:00:00,30.771725231689302
2025-03-05 19:00:00,29.40884647966328
2025-03-05 20:00:00,28.72144926499803
2025-03-05 21:00:00,34.402093355984555
2025-03-05 22:00:00,44.5072257858497
2025-03-05 23:00:00,50.00039218570901
2025-03-06 00:00:00,53.90938702150622
2025-03-06 01:00:00,44.556527919308614
2025-03-06 02:00:00,64.19449297762765
2025-03-06 03:00:00,71.66389687071148
2025-03-06 04:00:00,64.55907923291177
2025-03-06 05:00:00,63.05069032151494
2025-03-06 06:00:00,61.32183966003463
2025-03-06 07:00:00,66.54084454826157
2025-03-06 08:00:00,67.66414880561595
2025-03-06 09:00:00,56.441490979759415
2025-03-06 10:00:00,56.846163298718366
2025-03-06 11:00:00,48.75013218221886
2025-03-06 12:00:00,50.326035930088786
2025-03-06 13:00:00,42.419657915272865
2025-03-06 14:00:00,34.96654852499822
2025-03-06 15:00:00,28.73944459966937
2025-03-06 16:00:00,32.09674284729068
2025-03-06 17:00:00,23.364687655062234
2025-03-06 18:00:00,29.183888266608644
2025-03-06 19:00:00,30.67695584984335
2025-03-06 20:00:00,32.692365735927325
2025-03-06 21:00:00,40.929952542205235
2025-03-06 22:00:00,40.234111130804905
2025-03-06 23:00:00,40.45574546093291
2025-03-07 00:00:00,49.50430845018282
2025-03-07 01:00:00,54.84895528358493
2025-03-07 02:00:00,63.31814645314287
2025-03-07 03:00:00,70.77516930119737
2025-03-07 04:00:00,67.79200707548864
2025-03-07 05:00:00,73.02879119368582
2025-03-07 06:00:00,72.42999087579253
2025-03-07 07:00:00,70.5532424889957
2025-03-07 08:00:00,77.03965244247964
2025-03-07 09:00:00,65.12641491798612
2025-03-07 10:00:00,57.522033417296434
2025-03-07 11:00:00,48.4284172639373
2025-03-07 12:00:00,53.086402942241065
2025-03-07 13:00:00,41.75796875676861
2025-03-07 14:00:00,37.48317052302603
2025-03-07 15:00:00,33.86744004427824
2025-03-07 16:00:00,35.84840449246404
2025-03-07 17:00:00,21.593885466743977
2025-03-07 18:00:00,29.745944316354407
2025-03-07 19:00:00,36.79042542125262
2025-03-07 20:00:00,26.698806399719263
2025-03-07 21:00:00,42.56040333736152
2025-03-07 22:00:00,41.43709939751168
2025-03-07 23:00:00,47.81135390021929
2025-03-08 00:00:00,45.710163199434774
2025-03-08 01:00:00,62.18950924844087
2025-03-08 02:00:00,61.71072490592847
2025-03-08 03:00:00,74.87719932259992
2025-03-08 04:00:00,74.27677160997973
2025-03-08 05:00:00,65.69516784694409
2025-03-08 06:00:00,63.088645704318736
2025-03-08 07:00:00,67.39385155753959
2025-03-08 08:00:00,54.855534352465355
2025-03-08 09:00:00,62.83347286665407
2025-03-08 10:00:00,53.874271430976535
2025-03-08 11:00:00,51.14991833575233
2025-03-08 12:00:00,50.50661066351585
2025-03-08 13:00:00,49.70801227696373
2025-03-08 14:00:00,30.573189809142214
2025-03-08 15:00:00,42.5443776557537
2025-03-08 16:00:00,27.4183747901033
2025-03-08 17:00:00,30.339850090862207
2025-03-08 18:00:00,35.11679787004789
2025-03-08 19:00:00,27.117122705485624
2025-03-08 20:00:00,19.099623295439173
2025-03-08 21:00:00,36.416985009530926
2025-03-08 22:00:00,39.73225324178094
2025-03-08 23:00:00,43.907836365624824
2025-03-09 00:00:00,36.87160346484494
2025-03-09 01:00:00,52.95601288804349
2025-03-09 02:00:00,52.257312255864626
2025-03-09 03:00:00,63.568160937548484
2025-03-09 04:00:00,64.27039070910003
2025-03-09 05:00:00,75.12287722841144
2025-03-09 06:00:00,68.21261376584317
2025-03-09 07:00:00,65.68805515552451
2025-03-09 08:00:00,69.59904089016545
2025-03-09 09:00:00,75.61553751818508
2025-03-09 10:00:00,64.89165696078994
2025-03-09 11:00:00,56.581467931591675
2025-03-09 12:00:00,48.8544029655072
2025-03-09 13:00:00,42.14394938585576
2025-03-09 14:00:00,31.30961685640287
2025-03-09 15:00:00,40.63100052737482
2025-03-09 16:00:00,35.35017474564965
2025-03-09 17:00:00,38.097854901418
2025-03-09 18:00:00,34.23705226674554
2025-03-09 19:00:00,22.75616001022393
2025-03-09 20:00:00,41.47706283639255
2025-03-09 21:00:00,34.824697620924404
2025-03-09 22:00:00,37.87378449368487
2025-03-09 23:00:00,45.19408508351941
2025-03-10 00:00:00,56.92944821268145
2025-03-10 01:00:00,53.113371268486354
2025-03-10 02:00:00,55.59425918761757
2025-03-10 03:00:00,63.28639449538395
2025-03-10 04:00:00,69.29757231270735
2025-03-10 05:00:00,61.67398891993776
2025-03-10 06:00:00,81.6229813302494
2025-03-10 07:00:00,66.64842154715684
2025-03-10 08:00:00,64.6707469051248
2025-03-10 09:00:00,69.84928988306234
2025-03-10 10:00:00,54.35139733351312
2025-03-10 11:00:00,49.361446388668874
2025-03-10 12:00:00,47.10635125068649
2025-03-10 13:00:00,41.61914659299488
2025-03-10 14:00:00,37.76468118442276
2025-03-10 15:00:00,42.73076584083563
2025-03-10 16:00:00,31.394276525486745
2025-03-10 17:00:00,35.123341085255475
2025-03-10 18:00:00,33.127992894548754
2025-03-10 19:00:00,33.53877853684972
2025-03-10 20:00:00,29.52616348009478
2025-03-10 21:00:00,43.259549203521374
2025-03-10 22:00:00,41.32058777792278
2025-03-10 23:00:00,43.21399225610074
2025-03-11 00:00:00,52.59417391530539
2025-03-11 01:00:00,52.858493492663115
2025-03-11 02:00:00,66.2191707122388
2025-03-11 03:00:00,72.08275338908433
2025-03-11 04:00:00,62.19561312515361
2025-03-11 05:00:00,69.50275888667849
2025-03-11 06:00:00,69.30579208265443
2025-03-11 07:00:00,67.15053378203226
2025-03-11 08:00:00,58.4005729222729
2025-03-11 09:00:00,69.67604320914128
2025-03-11 10:00:00,67.79754718913317
2025-03-11 11:00:00,50.15820359532766
2025-03-11 12:00:00,50.409565975230734
2025-03-11 13:00:00,46.95603480356276
2025-03-11 14:00:00,37.1176261882382
2025-03-11 15:00:00,35.70795678233205
2025-03-11 16:00:00,30.240879906721062
2025-03-11 17:00:00,21.945109844787016
2025-03-11 18:00:00,32.88266815235828
2025-03-11 19:00:00,35.90049398265835
2025-03-11 20:00:00,50.113621715660614
2025-03-11 21:00:00,37.20048029147896
2025-03-11 22:00:00,43.865570173098796
2025-03-11 23:00:00,46.515680402732826
2025-03-12 00:00:00,51.16840315561904
2025-03-12 01:00:00,59.99431014144819
2025-03-12 02:00:00,51.07349009532719
2025-03-12 03:00:00,56.55796231682598
2025-03-12 04:00:00,70.30369023449616
2025-03-12 05:00:00,68.77172104472528
2025-03-12 06:00:00,75.75507062992276
2025-03-12 07:00:00,65.55217452359337
2025-03-12 08:00:00,57.651577753942085
2025-03-12 09:00:00,57.97024690444035
2025-03-12 10:00:00,51.348396451325144
2025-03-12 11:00:00,51.18890118812218
2025-03-12 12:00:00,47.87059137729579
2025-03-12 13:00:00,52.04676035237791
2025-03-12 14:00:00,38.71205744493767
2025-03-12 15:00:00,34.252611263995746
2025-03-12 16:00:00,30.343759518607108
2025-03-12 17:00:00,31.704737817396506
2025-03-12 18:00:00,31.85380684991313
2025-03-12 19:00:00,27.746693998386014
2025-03-12 20:00:00,30.914204003968887
2025-03-12 21:00:00,40.10231057381442
2025-03-12 22:00:00,27.172444240211213
2025-03-12 23:00:00,45.891012741506785
2025-03-13 00:00:00,45.993613211884345
2025-03-13 01:00:00,59.91394200958088
2025-03-13 02:00:00,61.5500837023137
2025-03-13 03:00:00,62.768561607336174
2025-03-13 04:00:00,60.98775699567483
2025-03-13 05:00:00,67.94602656661554
2025-03-13 06:00:00,72.62567747240226
2025-03-13 07:00:00,62.95021671663075
2025-03-13 08:00:00,61.21130782227869
2025-03-13 09:00:00,62.81594315792292
2025-03-13 10:00:00,54.49816921250837
2025-03-13 11:00:00,52.65698289463215
2025-03-13 12:00:00,54.454752182623665
2025-03-13 13:00:00,49.6642148193312
2025-03-13 14:00:00,34.3793441239463
2025-03-13 15:00:00,31.400920436800632
2025-03-13 16:00:00,37.9407731670587
2025-03-13 17:00:00,28.98771487517251
2025-03-13 18:00:00,33.091579027264736
2025-03-13 19:00:00,36.71184546204829
2025-03-13 20:00:00,37.422538692130374
2025-03-13 21:00:00,35.42449220943274
2025-03-13 22:00:00,28.210347690855563
2025-03-13 23:00:00,48.942593291283174
2025-03-14 00:00:00,50.17216271078569
2025-03-14 01:00:00,55.24841867767158
2025-03-14 02:00:00,63.80202665433317
2025-03-14 03:00:00,66.60376690468449
2025-03-14 04:00:00,62.18961326633896
2025-03-14 05:00:00,68.2898156587678
2025-03-14 06:00:00,72.34103861421292
2025-03-14 07:00:00,73.28934119364591
2025-03-14 08:00:00,68.9911320164897
2025-03-14 09:00:00,59.901748835867785
2025-03-14 10:00:00,59.93260214369529
2025-03-14 11:00:00,54.43881182655434
2025-03-14 12:00:00,43.24672283960888
2025-03-14 13:00:00,54.91760114888236
2025-03-14 14:00:00,42.20247426685849
2025-03-14 15:00:00,37.564942499626014
2025-03-14 16:00:00,32.02509041613795
2025-03-14 17:00:00,20.367445145063325
2025-03-14 18:00:00,23.873355918044872
2025-03-14 19:00:00,29.314660136267467
2025-03-14 20:00:00,34.18003396173672
2025-03-14 21:00:00,47.34735584187891
2025-03-14 22:00:00,36.46516530397243
2025-03-14 23:00:00,45.83214012256174
2025-03-15 00:00:00,51.06770612020542
2025-03-15 01:00:00,55.09389576299628
2025-03-15 02:00:00,57.28589012176446
2025-03-15 03:00:00,63.566488960024046
2025-03-15 04:00:00,66.09715675143326
2025-03-15 05:00:00,71.97717708108465
2025-03-15 06:00:00,72.98114335098768
2025-03-15 07:00:00,70.55802012689368
2025-03-15 08:00:00,66.70686263448772
2025-03-15 09:00:00,64.70346275992243
2025-03-15 10:00:00,71.2982150470852
2025-03-15 11:00:00,52.49465102997219
2025-03-15 12:00:00,50.86841227771557
2025-03-15 13:00:00,44.47432935927081
2025-03-15 14:00:00,41.19147366420785
2025-03-15 15:00:00,38.241889419631875
2025-03-15 16:00:00,33.689453765571926
2025-03-15 17:00:00,28.57960925809318
2025-03-15 18:00:00,36.64281205249453
2025-03-15 19:00:00,41.48341651935597
2025-03-15 20:00:00,33.37991121752749
2025-03-15 21:00:00,43.2388675135893
2025-03-15 22:00:00,33.86190716724699
2025-03-15 23:00:00,33.891186078685024
2025-03-16 00:00:00,48.236557941788305
2025-03-16 01:00:00,57.6602507752426
2025-03-16 02:00:00,54.48645131811949
2025-03-16 03:00:00,66.04990827687872
2025-03-16 04:00:00,64.39409924169648
2025-03-16 05:00:00,67.34808772077591
2025-03-16 06:00:00,74.91060828672227
2025-03-16 07:00:00,82.7572786675567
2025-03-16 08:00:00,70.71873169386765
2025-03-16 09:00:00,67.92598867601632
2025-03-16 10:00:00,54.074365410853005
2025-03-16 11:00:00,58.25978974423817
2025-03-16 12:00:00,47.3565514585061
2025-03-16 13:00:00,48.619712145645465
2025-03-16 14:00:00,36.67782729459541
2025-03-16 15:00:00,38.90021050529735
2025-03-16 16:00:00,32.397858270065804
2025-03-16 17:00:00,40.94373469819331
2025-03-16 18:00:00,24.967458896602484
2025-03-16 19:00:00,31.346946056743736
2025-03-16 20:00:00,29.80628658246293
2025-03-16 21:00:00,34.69748018126048
2025-03-16 22:00:00,36.69077786845803
2025-03-16 23:00:00,50.9889331602605
2025-03-17 00:00:00,37.21311351120452
2025-03-17 01:00:00,56.029640422661856
2025-03-17 02:00:00,58.8621528902487
2025-03-17 03:00:00,68.18122649421991
2025-03-17 04:00:00,57.23348545139164
2025-03-17 05:00:00,65.05158392201275
2025-03-17 06:00:00,69.23823626481399
2025-03-17 07:00:00,64.79668794707058
2025-03-17 08:00:00,57.35542618138697
2025-03-17 09:00:00,62.299851745884375
2025-03-17 10:00:00,63.03270213494696
2025-03-17 11:00:00,49.39926027959788
2025-03-17 12:00:00,51.91869479876511
2025-03-17 13:00:00,47.84640303354749
2025-03-17 14:00:00,35.301180502142884
2025-03-17 15:00:00,25.712877087945966
2025-03-17 16:00:00,36.135170302064665
2025-03-17 17:00:00,35.050013252662005
2025-03-17 18:00:00,30.082301520248727
2025-03-17 19:00:00,33.9491911367574
2025-03-17 20:00:00,23.451319781540796
2025-03-17 21:00:00,27.68267429977358
2025-03-17 22:00:00,47.58636928121159
2025-03-17 23:00:00,41.60193752594007
2025-03-18 00:00:00,45.7066068858365
2025-03-18 01:00:00,37.97568979081136
2025-03-18 02:00:00,58.195928094652075
2025-03-18 03:00:00,67.38176507108071
2025-03-18 04:00:00,73.26850984963913
2025-03-18 05:00:00,69.96438557804962
2025-03-18 06:00:00,69.52671386833707
2025-03-18 07:00:00,71.55203708071967
2025-03-18 08:00:00,62.434700853396485
2025-03-18 09:00:00,60.05691646075599
2025-03-18 10:00:00,53.55198567928955
2025-03-18 11:00:00,52.36834245536138
2025-03-18 12:00:00,51.902838720573605
2025-03-18 13:00:00,40.41379842526859
2025-03-18 14:00:00,36.93540733511992
2025-03-18 15:00:00,41.9795865536348
2025-03-18 16:00:00,33.78820476116763
2025-03-18 17:00:00,39.87338008303915
2025-03-18 18:00:00,28.909327623595665
2025-03-18 19:00:00,21.887003930677075
2025-03-18 20:00:00,33.34311019988643
2025-03-18 21:00:00,45.22170905806241
2025-03-18 22:00:00,40.076774428206036
2025-03-18 23:00:00,45.578240306792324
2025-03-19 00:00:00,52.02181802644604
2025-03-19 01:00:00,60.177248285396004
2025-03-19 02:00:00,61.93208262960862
2025-03-19 03:00:00,58.68477185267889
2025-03-19 04:00:00,65.25716933888786
2025-03-19 05:00:00,67.38609480625615
2025-03-19 06:00:00,70.27916815940112
2025-03-19 07:00:00,65.04248017367905
2025-03-19 08:00:00,63.76164148528579
2025-03-19 09:00:00,63.85520661479381
2025-03-19 10:00:00,48.17916879775136
2025-03-19 11:00:00,51.34442814696677
2025-03-19 12:00:00,58.34149554597925
2025-03-19 13:00:00,47.04749289118415
2025-03-19 14:00:00,42.866359849548466
2025-03-19 15:00:00,42.25766968534335
2025-03-19 16:00:00,23.06002014457151
2025-03-19 17:00:00,32.60467934852024
2025-03-19 18:00:00,32.65373265117022
2025-03-19 19:00:00,38.54217560879586
2025-03-19 20:00:00,27.272373030477304
2025-03-19 21:00:00,34.03706287248022
2025-03-19 22:00:00,33.04712746767832
2025-03-19 23:00:00,46.71568370398687
2025-03-20 00:00:00,57.79218413543826
2025-03-20 01:00:00,57.69088831768644
2025-03-20 02:00:00,58.54134449896262
2025-03-20 03:00:00,57.902457877059305
2025-03-20 04:00:00,64.3336604306695
2025-03-20 05:00:00,78.57293495120673
2025-03-20 06:00:00,70.7349832670498
2025-03-20 07:00:00,71.46488736564417
2025-03-20 08:00:00,72.69200361835892
2025-03-20 09:00:00,69.105619805737
2025-03-20 10:00:00,61.80402897393986
2025-03-20 11:00:00,57.93677706706897
2025-03-20 12:00:00,48.933272671051654
2025-03-20 13:00:00,53.157151787650626
2025-03-20 14:00:00,38.47380763172587
2025-03-20 15:00:00,20.657743396309826
2025-03-20 16:00:00,29.074521110430638
2025-03-20 17:00:00,29.13374136164724
2025-03-20 18:00:00,40.08703496187638
2025-03-20 19:00:00,37.26660078250082
2025-03-20 20:00:00,32.78024677625434
2025-03-20 21:00:00,26.016913992324383
2025-03-20 22:00:00,46.24276738515479
2025-03-20 23:00:00,47.507360824904346
2025-03-21 00:00:00,48.34908418134974
2025-03-21 01:00:00,57.597871878109174
2025-03-21 02:00:00,48.16982128015045
2025-03-21 03:00:00,74.54031636380654
2025-03-21 04:00:00,65.3563827570198
2025-03-21 05:00:00,67.33807831747106
2025-03-21 06:00:00,70.35718873303705
2025-03-21 07:00:00,72.66972478393613
2025-03-21 08:00:00,59.53123896430185
2025-03-21 09:00:00,60.335537341001505
2025-03-21 10:00:00,52.81621382655826
2025-03-21 11:00:00,61.99583706340044
2025-03-21 12:00:00,53.932794387754846
2025-03-21 13:00:00,43.16109917667104
2025-03-21 14:00:00,41.37341580507286
2025-03-21 15:00:00,35.556751648658576
2025-03-21 16:00:00,27.742330368215534
2025-03-21 17:00:00,25.16214074794059
2025-03-21 18:00:00,32.32748327691686
2025-03-21 19:00:00,26.98445147132358
2025-03-21 20:00:00,30.916692287551808
2025-03-21 21:00:00,33.28900939698671
2025-03-21 22:00:00,38.003955371934204
2025-03-21 23:00:00,50.95321423288112
2025-03-22 00:00:00,38.97468196219536
2025-03-22 01:00:00,48.01087594621326
2025-03-22 02:00:00,46.87120573831129
2025-03-22 03:00:00,69.9879236079504
2025-03-22 04:00:00,65.41783564573524
2025-03-22 05:00:00,67.79885538027011
2025-03-22 06:00:00,72.17812506918963
2025-03-22 07:00:00,72.96964740119454
2025-03-22 08:00:00,59.89940512713001
2025-03-22 09:00:00,64.23078054351254
2025-03-22 10:00:00,60.668748592359165
2025-03-22 11:00:00,56.82347984975584
2025-03-22 12:00:00,44.444242203197994
2025-03-22 13:00:00,43.713870492553234
2025-03-22 14:00:00,33.36201848524572
2025-03-22 15:00:00,39.262349612928524
2025-03-22 16:00:00,40.37326537816719
2025-03-22 17:00:00,27.792634653028955
2025-03-22 18:00:00,37.49282914185835
2025-03-22 19:00:00,33.06917090524164
2025-03-22 20:00:00,33.00130651727836
2025-03-22 21:00:00,38.58027843171771
2025-03-22 22:00:00,41.874615885871904
2025-03-22 23:00:00,44.34214828370788
2025-03-23 00:00:00,48.57181565701164
2025-03-23 01:00:00,45.17723674116958
2025-03-23 02:00:00,63.229732973871315
2025-03-23 03:00:00,58.67626989772559
2025-03-23 04:00:00,71.12928428722765
2025-03-23 05:00:00,70.85577623488057
2025-03-23 06:00:00,68.38887267827944
2025-03-23 07:00:00,53.18455959738194
2025-03-23 08:00:00,64.70787892835877
2025-03-23 09:00:00,59.63456151470729
2025-03-23 10:00:00,60.97997999287413
2025-03-23 11:00:00,66.50998685110196
2025-03-23 12:00:00,35.65383312293896
2025-03-23 13:00:00,50.530412618582304
2025-03-23 14:00:00,45.95775127871954
2025-03-23 15:00:00,28.308498618983087
2025-03-23 16:00:00,29.9711992260158
2025-03-23 17:00:00,36.046026168584476
2025-03-23 18:00:00,33.63880615386166
2025-03-23 19:00:00,29.549146659657488
2025-03-23 20:00:00,32.55600967854415
2025-03-23 21:00:00,41.38773199372854
2025-03-23 22:00:00,37.99293074637117
2025-03-23 23:00:00,47.26091914563957
2025-03-24 00:00:00,48.06676263633013
2025-03-24 01:00:00,59.98935337843509
2025-03-24 02:00:00,56.46666732769183
2025-03-24 03:00:00,64.82552159978881
2025-03-24 04:00:00,62.10778955357224
2025-03-24 05:00:00,75.11117038944145
2025-03-24 06:00:00,73.92094198663004
2025-03-24 07:00:00,73.84741203602128
2025-03-24 08:00:00,69.06344817656431
2025-03-24 09:00:00,71.28681718499907
2025-03-24 10:00:00,64.80673122569883
2025-03-24 11:00:00,62.053915055373054
2025-03-24 12:00:00,54.748622252657285
2025-03-24 13:00:00,42.518555414226576
2025-03-24 14:00:00,42.042395528040075
2025-03-24 15:00:00,24.60218969074492
2025-03-24 16:00:00,25.099122563153426
2025-03-24 17:00:00,37.7655038051422
2025-03-24 18:00:00,27.075352497122584
2025-03-24 19:00:00,30.248774104685662
2025-03-24 20:00:00,29.31608363629303
2025-03-24 21:00:00,43.6571203809427
2025-03-24 22:00:00,43.54690769145032
2025-03-24 23:00:00,44.31327986031597
2025-03-25 00:00:00,55.233775187236716
2025-03-25 01:00:00,57.03335750019544
2025-03-25 02:00:00,67.84623212312631
2025-03-25 03:00:00,60.83659917259881
2025-03-25 04:00:00,68.61434546679841
2025-03-25 05:00:00,76.34829306375707
2025-03-25 06:00:00,69.96106538603547
2025-03-25 07:00:00,70.93502719913435
2025-03-25 08:00:00,66.69175164547418
2025-03-25 09:00:00,65.32973147784337
2025-03-25 10:00:00,60.73829043216367
2025-03-25 11:00:00,50.87431665778868
2025-03-25 12:00:00,42.172277302287014
2025-03-25 13:00:00,47.561987983463126
2025-03-25 14:00:00,30.32545720641462
2025-03-25 15:00:00,36.79659041362597
2025-03-25 16:00:00,27.359124747938505
2025-03-25 17:00:00,31.429835276092057
2025-03-25 18:00:00,30.113774214439484
2025-03-25 19:00:00,30.34379281089108
2025-03-25 20:00:00,25.758479038547478
2025-03-25 21:00:00,35.205721686216094
2025-03-25 22:00:00,33.88989755532804
2025-03-25 23:00:00,46.179245572150286
2025-03-26 00:00:00,48.27048667323287
2025-03-26 01:00:00,55.57375856316213
2025-03-26 02:00:00,60.246441378029864
2025-03-26 03:00:00,61.29082100122305
2025-03-26 04:00:00,64.93464474017632
2025-03-26 05:00:00,66.34420025926741
2025-03-26 06:00:00,58.58589955220212
2025-03-26 07:00:00,66.07823405362235
2025-03-26 08:00:00,56.28864334266635
2025-03-26 09:00:00,73.53585629807588
2025-03-26 10:00:00,63.56493980046195
2025-03-26 11:00:00,44.722124188766315
2025-03-26 12:00:00,54.44880061160205
2025-03-26 13:00:00,38.96894959362467
2025-03-26 14:00:00,40.21734653166275
2025-03-26 15:00:00,32.2888122975596
2025-03-26 16:00:00,34.42816947891154
2025-03-26 17:00:00,33.122278994158926
2025-03-26 18:00:00,31.106987592781046
2025-03-26 19:00:00,38.276953278311865
2025-03-26 20:00:00,40.865053181457334
2025-03-26 21:00:00,32.69836680166266
2025-03-26 22:00:00,39.01926361727954
2025-03-26 23:00:00,43.26169229076486
2025-03-27 00:00:00,51.05462196480598
2025-03-27 01:00:00,48.745346962570096
2025-03-27 02:00:00,54.227832937054416
2025-03-27 03:00:00,63.21354092684813
2025-03-27 04:00:00,71.02630769120874
2025-03-27 05:00:00,74.70486630785798
2025-03-27 06:00:00,68.89901025196366
2025-03-27 07:00:00,68.83400309145522
2025-03-27 08:00:00,73.50191999308073
2025-03-27 09:00:00,68.99966412166474
2025-03-27 10:00:00,70.87423281246159
2025-03-27 11:00:00,51.499844611393364
2025-03-27 12:00:00,54.56491643878931
2025-03-27 13:00:00,41.27514052493805
2025-03-27 14:00:00,40.3433146400099
2025-03-27 15:00:00,36.08536849171371
2025-03-27 16:00:00,31.175708033021003
2025-03-27 17:00:00,36.30658749581435
2025-03-27 18:00:00,30.82700581871666
2025-03-27 19:00:00,29.470130958865216
2025-03-27 20:00:00,26.106916752686615
2025-03-27 21:00:00,41.63862478094168
2025-03-27 22:00:00,46.7755553782847
2025-03-27 23:00:00,42.63188636596941
2025-03-28 00:00:00,46.4481328578223
2025-03-28 01:00:00,55.16336423787112
2025-03-28 02:00:00,67.40617040011493
2025-03-28 03:00:00,55.43130716889726
2025-03-28 04:00:00,64.88372617288245
2025-03-28 05:00:00,63.37190047467263
2025-03-28 06:00:00,65.68061208558325
2025-03-28 07:00:00,67.17384419025139
2025-03-28 08:00:00,73.91260342461302
2025-03-28 09:00:00,57.30344565456313
2025-03-28 10:00:00,66.39923368331068
2025-03-28 11:00:00,61.45467993741477
2025-03-28 12:00:00,52.084593385695754
2025-03-28 13:00:00,39.06728359793563
2025-03-28 14:00:00,50.08770953797213
2025-03-28 15:00:00,34.525216172407255
2025-03-28 16:00:00,33.72176403800762
2025-03-28 17:00:00,33.71678798905519
2025-03-28 18:00:00,26.03298974051749
2025-03-28 19:00:00,28.75188460149719
2025-03-28 20:00:00,36.11823027540606
2025-03-28 21:00:00,32.619065109910906
2025-03-28 22:00:00,35.60733892866097
2025-03-28 23:00:00,40.615863608995554
2025-03-29 00:00:00,52.02777173972176
2025-03-29 01:00:00,52.5734331966177
2025-03-29 02:00:00,62.03452784769491
2025-03-29 03:00:00,68.61750431464074
2025-03-29 04:00:00,61.243804180889335
2025-03-29 05:00:00,66.90481183199938
2025-03-29 06:00:00,71.39148331835915
2025-03-29 07:00:00,60.51855174766528
2025-03-29 08:00:00,77.96659111864582
2025-03-29 09:00:00,64.70974995561652
2025-03-29 10:00:00,58.955428408982435
2025-03-29 11:00:00,49.97077813087775
2025-03-29 12:00:00,53.942134194521834
2025-03-29 13:00:00,47.96488352683967
2025-03-29 14:00:00,55.875639209731595
2025-03-29 15:00:00,37.78351187442364
2025-03-29 16:00:00,33.66763987089023
2025-03-29 17:00:00,36.32578643316661
2025-03-29 18:00:00,29.53691301368427
2025-03-29 19:00:00,37.05397441925266
2025-03-29 20:00:00,40.56903035724352
2025-03-29 21:00:00,32.54322046379677
2025-03-29 22:00:00,38.90762665039914
2025-03-29 23:00:00,44.766738760284234
2025-03-30 00:00:00,50.25069817632594
2025-03-30 01:00:00,50.9076881030463
2025-03-30 02:00:00,55.5751838702799
2025-03-30 03:00:00,57.385649813133625
2025-03-30 04:00:00,60.56291890069324
2025-03-30 05:00:00,71.87558176395278
2025-03-30 06:00:00,59.93320901125219
2025-03-30 07:00:00,65.4148014642444
2025-03-30 08:00:00,64.78665032293358
2025-03-30 09:00:00,64.95488712287082
2025-03-30 10:00:00,62.56064938361565
2025-03-30 11:00:00,52.736909061128785
2025-03-30 12:00:00,51.20513355101292
2025-03-30 13:00:00,49.14448541155882
2025-03-30 14:00:00,38.58218066803083
2025-03-30 15:00:00,30.623757487236695
2025-03-30 16:00:00,31.51055120299952
2025-03-30 17:00:00,38.589791902756346
2025-03-30 18:00:00,22.51841137543405
2025-03-30 19:00:00,36.551983814336864
2025-03-30 20:00:00,24.72440734929485
2025-03-30 21:00:00,33.82677584183823
2025-03-30 22:00:00,44.43987101773484
2025-03-30 23:00:00,35.087926074180515
2025-03-31 00:00:00,53.42682412922903
2025-03-31 01:00:00,55.74855525763275
2025-03-31 02:00:00,64.58266818134759
2025-03-31 03:00:00,63.609398796801536
2025-03-31 04:00:00,67.89047341210716
2025-03-31 05:00:00,73.68823952845881
2025-03-31 06:00:00,77.07226809436224
2025-03-31 07:00:00,71.34722595569352
2025-03-31 08:00:00,58.96971811729473
2025-03-31 09:00:00,58.32887549707394
2025-03-31 10:00:00,61.93684655937189
2025-03-31 11:00:00,43.10445608170102
2025-03-31 12:00:00,57.596576966816244
2025-03-31 13:00:00,51.71052993127494
2025-03-31 14:00:00,37.52840419806246
2025-03-31 15:00:00,37.058430009484226
2025-03-31 16:00:00,34.35718266005652
2025-03-31 17:00:00,28.410884807352183
2025-03-31 18:00:00,29.971883772378625
2025-03-31 19:00:00,25.145671956052905
2025-03-31 20:00:00,33.18135659647677
2025-03-31 21:00:00,35.26004592595078
2025-03-31 22:00:00,33.50937652252224
2025-03-31 23:00:00,46.653153675534725
2025-04-01 00:00:00,49.45552079507459
2025-04-01 01:00:00,56.062030563757176
2025-04-01 02:00:00,56.28993706869192
2025-04-01 03:00:00,67.07868644112267
2025-04-01 04:00:00,60.56895861398448
2025-04-01 05:00:00,67.68563688115691
2025-04-01 06:00:00,68.97312019011362
2025-04-01 07:00:00,68.68303635712844
2025-04-01 08:00:00,70.20151478037855
2025-04-01 09:00:00,61.30573449190742
2025-04-01 10:00:00,59.1054374555125
2025-04-01 11:00:00,50.880509370606184
2025-04-01 12:00:00,43.30142339434621
2025-04-01 13:00:00,46.98081456638072
2025-04-01 14:00:00,38.34277131120827
2025-04-01 15:00:00,32.178187985857335
2025-04-01 16:00:00,36.06538985884134
2025-04-01 17:00:00,33.32753159725924
2025-04-01 18:00:00,27.03823160803375
2025-04-01 19:00:00,33.05228050170796
2025-04-01 20:00:00,33.462365876769965
2025-04-01 21:00:00,44.916706481009996
2025-04-01 22:00:00,37.05287688088225
2025-04-01 23:00:00,50.7834946543573
2025-04-02 00:00:00,44.65664629016773
2025-04-02 01:00:00,49.123094676011924
2025-04-02 02:00:00,53.97494095302476
2025-04-02 03:00:00,65.73877042271658
2025-04-02 04:00:00,70.69062796617104
2025-04-02 05:00:00,71.39866210685675
2025-04-02 06:00:00,67.87306427576178
2025-04-02 07:00:00,62.90891667290418
2025-04-02 08:00:00,66.2791611562548
2025-04-02 09:00:00,69.21440400131412
2025-04-02 10:00:00,56.81862154404551
2025-04-02 11:00:00,58.12706198654498
2025-04-02 12:00:00,52.42434275372899
2025-04-02 13:00:00,47.299373215053514
2025-04-02 14:00:00,44.11529794096421
2025-04-02 15:00:00,34.00343516183276
2025-04-02 16:00:00,36.25628807082721
2025-04-02 17:00:00,26.308703513631208
2025-04-02 18:00:00,27.852574564757383
2025-04-02 19:00:00,24.95961593192099
2025-04-02 20:00:00,20.831313203382848
2025-04-02 21:00:00,29.632228719662102
2025-04-02 22:00:00,32.990325161750185
2025-04-02 23:00:00,38.88630932636936
2025-04-03 00:00:00,46.01519262152122
2025-04-03 01:00:00,56.975919541047126
2025-04-03 02:00:00,62.9305093407168
2025-04-03 03:00:00,64.93268900443542
2025-04-03 04:00:00,70.36292909658016
2025-04-03 05:00:00,65.74617863253658
2025-04-03 06:00:00,72.44216470292334
2025-04-03 07:00:00,72.2129909811283
2025-04-03 08:00:00,71.61466177671768
2025-04-03 09:00:00,61.52834307007267
2025-04-03 10:00:00,67.94831911776305
2025-04-03 11:00:00,41.4633967525254
2025-04-03 12:00:00,45.807966750231344
2025-04-03 13:00:00,46.54927591905965
2025-04-03 14:00:00,39.30698941132274
2025-04-03 15:00:00,30.338509597750438
2025-04-03 16:00:00,35.40702518490826
2025-04-03 17:00:00,26.753126065980208
2025-04-03 18:00:00,38.429377403563755
2025-04-03 19:00:00,32.15918593208179
2025-04-03 20:00:00,36.65945561314977
2025-04-03 21:00:00,37.72319015672135
2025-04-03 22:00:00,50.164693069979506
2025-04-03 23:00:00,39.90691809882485
2025-04-04 00:00:00,48.43596560221158
2025-04-04 01:00:00,59.51482978853741
2025-04-04 02:00:00,63.800295344068495
2025-04-04 03:00:00,65.98747564199911
2025-04-04 04:00:00,61.382877113324305
2025-04-04 05:00:00,66.91496685935032
2025-04-04 06:00:00,63.85038437421163
2025-04-04 07:00:00,78.7182279689192
2025-04-04 08:00:00,62.53419018635289
2025-04-04 09:00:00,67.18721447381476
2025-04-04 10:00:00,57.35539881653963
2025-04-04 11:00:00,57.83007209334387
2025-04-04 12:00:00,40.73348456337877
2025-04-04 13:00:00,48.57073127019837
2025-04-04 14:00:00,51.69033209397632
2025-04-04 15:00:00,33.456954059549055
2025-04-04 16:00:00,37.30824645633854
2025-04-04 17:00:00,34.43324223236427
2025-04-04 18:00:00,33.67476008723659
2025-04-04 19:00:00,37.726204400956
2025-04-04 20:00:00,23.973642534327105
2025-04-04 21:00:00,41.02304803212662
2025-04-04 22:00:00,33.46092610460595
2025-04-04 23:00:00,38.14423972570587
2025-04-05 00:00:00,46.692120479626155
2025-04-05 01:00:00,62.84336100588051
2025-04-05 02:00:00,66.29193121606954
2025-04-05 03:00:00,62.54207043885672
2025-04-05 04:00:00,64.60353634262971
2025-04-05 05:00:00,61.33793241237589
2025-04-05 06:00:00,76.14378483093401
2025-04-05 07:00:00,69.9986004356648
2025-04-05 08:00:00,64.51695072440013
2025-04-05 09:00:00,62.383222041160955
2025-04-05 10:00:00,60.94180653774341
2025-04-05 11:00:00,53.155094374197496
2025-04-05 12:00:00,40.46974425763949
2025-04-05 13:00:00,50.147766776081355
2025-04-05 14:00:00,46.57622160391094
2025-04-05 15:00:00,36.51561328977851
2025-04-05 16:00:00,34.21847649341963
2025-04-05 17:00:00,31.741849497695664
2025-04-05 18:00:00,33.82277659140026
2025-04-05 19:00:00,24.20220124722509
2025-04-05 20:00:00,25.821404921788794
2025-04-05 21:00:00,29.57991909556474
2025-04-05 22:00:00,43.605224512093
2025-04-05 23:00:00,48.76125370193968
2025-04-06 00:00:00,45.665991772781865
2025-04-06 01:00:00,56.62783882286117
2025-04-06 02:00:00,57.18005808505467
2025-04-06 03:00:00,65.58396987639787
2025-04-06 04:00:00,59.291334732716805
2025-04-06 05:00:00,67.67465998170462
2025-04-06 06:00:00,70.8899764181847
2025-04-06 07:00:00,67.82331083734016
2025-04-06 08:00:00,64.3137007118404
2025-04-06 09:00:00,68.99477107901265
2025-04-06 10:00:00,61.18779171871922
2025-04-06 11:00:00,61.31827597935517
2025-04-06 12:00:00,53.73580902426603
2025-04-06 13:00:00,43.38051006593999
2025-04-06 14:00:00,46.82323538480635
2025-04-06 15:00:00,27.768597492811697
2025-04-06 16:00:00,33.35729427617303
2025-04-06 17:00:00,27.99539627761675
2025-04-06 18:00:00,30.52020480332269
2025-04-06 19:00:00,24.896364694942555
2025-04-06 20:00:00,29.878546033786808
2025-04-06 21:00:00,37.260155211351616
2025-04-06 22:00:00,42.63887564736846
2025-04-06 23:00:00,49.11836617210454
2025-04-07 00:00:00,45.33331235929694
2025-04-07 01:00:00,58.59071715625427
2025-04-07 02:00:00,62.076748477004124
2025-04-07 03:00:00,65.30743142368682
2025-04-07 04:00:00,63.56662723400695
2025-04-07 05:00:00,70.58496414086072
2025-04-07 06:00:00,72.50005708141214
2025-04-07 07:00:00,72.89019720986468
2025-04-07 08:00:00,69.27243339578615
2025-04-07 09:00:00,64.78520950430965
2025-04-07 10:00:00,57.11878939841135
2025-04-07 11:00:00,55.270946919325176
2025-04-07 12:00:00,48.35414873945914
2025-04-07 13:00:00,46.733635524964825
2025-04-07 14:00:00,42.23112846485898
2025-04-07 15:00:00,41.64366143352469
2025-04-07 16:00:00,23.703296729133097
2025-04-07 17:00:00,30.841530479808558
2025-04-07 18:00:00,30.556161903089112
2025-04-07 19:00:00,26.660443297770055
2025-04-07 20:00:00,33.58235208107848
2025-04-07 21:00:00,36.29024462933771
2025-04-07 22:00:00,42.46546118546735
2025-04-07 23:00:00,40.609352006508885
2025-04-08 00:00:00,51.50643683609042
2025-04-08 01:00:00,63.08725603069885
2025-04-08 02:00:00,54.39403652999803
2025-04-08 03:00:00,60.73854342694765
2025-04-08 04:00:00,66.7880615281958
2025-04-08 05:00:00,63.869404796619875
2025-04-08 06:00:00,58.87860428062662
2025-04-08 07:00:00,70.54949544873125
2025-04-08 08:00:00,69.88658347043483
2025-04-08 09:00:00,61.898412572224316
2025-04-08 10:00:00,65.97113076319702
2025-04-08 11:00:00,63.02655968929664
2025-04-08 12:00:00,48.16798465844367
2025-04-08 13:00:00,38.83978164133228
2025-04-08 14:00:00,31.708349870124326
2025-04-08 15:00:00,24.79661545219918
2025-04-08 16:00:00,35.04314565752569
2025-04-08 17:00:00,29.265254808085125
2025-04-08 18:00:00,29.637282720122233
2025-04-08 19:00:00,37.55730901257118
2025-04-08 20:00:00,40.66184506616697
2025-04-08 21:00:00,40.226993698809714
2025-04-08 22:00:00,45.718162087286984
2025-04-08 23:00:00,39.35480487403321
2025-04-09 00:00:00,47.45750650733493
2025-04-09 01:00:00,44.52695139153971
2025-04-09 02:00:00,55.65853097714048
2025-04-09 03:00:00,61.26321305130786
2025-04-09 04:00:00,70.64935667395804
2025-04-09 05:00:00,67.81966184455989
2025-04-09 06:00:00,71.1703979563869
2025-04-09 07:00:00,67.66919257966929
2025-04-09 08:00:00,64.4632153907547
2025-04-09 09:00:00,60.17763745494624
2025-04-09 10:00:00,60.17478801483398
2025-04-09 11:00:00,57.029693781384786
2025-04-09 12:00:00,60.83620480546642
2025-04-09 13:00:00,39.40314770552557
2025-04-09 14:00:00,41.943006168257625
2025-04-09 15:00:00,50.820089687085996
2025-04-09 16:00:00,33.31537765235291
2025-04-09 17:00:00,29.128490884355426
2025-04-09 18:00:00,27.172338513268087
2025-04-09 19:00:00,32.41401401915211
2025-04-09 20:00:00,32.40097132259188
2025-04-09 21:00:00,35.41585060271909
2025-04-09 22:00:00,46.32610834444481
2025-04-09 23:00:00,47.13269079252069
2025-04-10 00:00:00,51.80590345769617
2025-04-10 01:00:00,59.2475294544948
2025-04-10 02:00:00,64.83668058723327
2025-04-10 03:00:00,63.37419853814621
2025-04-10 04:00:00,63.38958042887854
2025-04-10 05:00:00,74.03715266133553
2025-04-10 06:00:00,68.67893161929929
2025-04-10 07:00:00,78.20507329149642
2025-04-10 08:00:00,62.59201699602197
2025-04-10 09:00:00,67.33497881804304
2025-04-10 10:00:00,57.156098044191225
2025-04-10 11:00:00,56.77128664423902
2025-04-10 12:00:00,44.3852236957144
2025-04-10 13:00:00,38.641022757304356
2025-04-10 14:00:00,36.11863188790721
2025-04-10 15:00:00,35.16147716284073
2025-04-10 16:00:00,37.844338914408176
2025-04-10 17:00:00,27.743202729974488
2025-04-10 18:00:00,29.79331660949297
2025-04-10 19:00:00,28.532542387710404
2025-04-10 20:00:00,29.40262895223541
2025-04-10 21:00:00,31.368660194474913
2025-04-10 22:00:00,39.45059055198786
2025-04-10 23:00:00,46.834149503253066
2025-04-11 00:00:00,48.573145201218495
2025-04-11 01:00:00,57.17666573599891
2025-04-11 02:00:00,58.76547393982705
2025-04-11 03:00:00,68.17770912901206
2025-04-11 04:00:00,66.48573514601038
2025-04-11 05:00:00,59.310533687818506
2025-04-11 06:00:00,64.76869573360689
2025-04-11 07:00:00,65.11491121317272
2025-04-11 08:00:00,68.36506719935952
2025-04-11 09:00:00,64.87512325925009
2025-04-11 10:00:00,69.21065044835721
2025-04-11 11:00:00,57.040808907509366
2025-04-11 12:00:00,58.774428230627635
2025-04-11 13:00:00,52.91955721263754
2025-04-11 14:00:00,34.42368019658403
2025-04-11 15:00:00,33.20025428110732
2025-04-11 16:00:00,42.214333764698495
2025-04-11 17:00:00,37.79410425610561
2025-04-11 18:00:00,35.82280117229001
2025-04-11 19:00:00,25.647685101288445
2025-04-11 20:00:00,27.569859255360115
2025-04-11 21:00:00,43.324652469473136
2025-04-11 22:00:00,50.94378263665533
2025-04-11 23:00:00,45.35589733933832
2025-04-12 00:00:00,51.702312539375455
2025-04-12 01:00:00,50.91546918965141
2025-04-12 02:00:00,65.07291072763383
2025-04-12 03:00:00,61.75630305280338
2025-04-12 04:00:00,72.87832125925884
2025-04-12 05:00:00,64.8904378051978
2025-04-12 06:00:00,73.77094160410131
2025-04-12 07:00:00,59.00014220112243
2025-04-12 08:00:00,66.67706871144337
2025-04-12 09:00:00,65.58974278039396
2025-04-12 10:00:00,53.829622910128876
2025-04-12 11:00:00,60.68067529489833
2025-04-12 12:00:00,60.84166889680073
2025-04-12 13:00:00,49.543654530316765
2025-04-12 14:00:00,41.31469790966039
2025-04-12 15:00:00,45.935057993788995
2025-04-12 16:00:00,36.5538872637054
2025-04-12 17:00:00,35.31605019484853
2025-04-12 18:00:00,37.14823935314033
2025-04-12 19:00:00,26.25344818003797
2025-04-12 20:00:00,33.58636454952222
2025-04-12 21:00:00,32.55515828842935
2025-04-12 22:00:00,35.82944026170157
2025-04-12 23:00:00,44.73413447580612
2025-04-13 00:00:00,48.862145745539365
2025-04-13 01:00:00,56.29336591670446
2025-04-13 02:00:00,60.273233315466264
2025-04-13 03:00:00,72.95695812952482
2025-04-13 04:00:00,70.90397560821701
2025-04-13 05:00:00,69.07774732186463
2025-04-13 06:00:00,84.24951507010336
2025-04-13 07:00:00,64.94215342335207
2025-04-13 08:00:00,67.61322456252991
2025-04-13 09:00:00,59.274130977158904
2025-04-13 10:00:00,61.7244086205308
2025-04-13 11:00:00,52.735002922569215
2025-04-13 12:00:00,56.416904047426215
2025-04-13 13:00:00,55.00595168425008
2025-04-13 14:00:00,42.05191219631346
2025-04-13 15:00:00,31.91629522911316
2025-04-13 16:00:00,33.26858316362905
2025-04-13 17:00:00,33.62156058223081
2025-04-13 18:00:00,27.778641347547783
2025-04-13 19:00:00,32.72341091127637
2025-04-13 20:00:00,36.836141224796165
2025-04-13 21:00:00,42.02099233616197
2025-04-13 22:00:00,36.845790127957834
2025-04-13 23:00:00,39.7229843515117
2025-04-14 00:00:00,54.70524821744956
2025-04-14 01:00:00,51.609577774860746
2025-04-14 02:00:00,60.05980584752381
2025-04-14 03:00:00,76.44130068800722
2025-04-14 04:00:00,77.49884568490796
2025-04-14 05:00:00,66.53956051651946
2025-04-14 06:00:00,69.27082663629015
2025-04-14 07:00:00,63.39831426187755
2025-04-14 08:00:00,58.61501526292871
2025-04-14 09:00:00,61.97090073713319
2025-04-14 10:00:00,63.79859260100416
2025-04-14 11:00:00,47.313766252407675
2025-04-14 12:00:00,51.25581174089258
2025-04-14 13:00:00,42.272840240726595
2025-04-14 14:00:00,40.87640025716058
2025-04-14 15:00:00,35.3396545409254
2025-04-14 16:00:00,32.555931921957516
2025-04-14 17:00:00,30.824270115658365
2025-04-14 18:00:00,34.233750420971504
2025-04-14 19:00:00,30.921077958861726
2025-04-14 20:00:00,32.75708944748452
2025-04-14 21:00:00,41.29744209788245
2025-04-14 22:00:00,49.86108548727772
2025-04-14 23:00:00,37.73973795686775
2025-04-15 00:00:00,48.53140784493936
2025-04-15 01:00:00,47.54246150238957
2025-04-15 02:00:00,56.38397790641078
2025-04-15 03:00:00,68.82805624976707
2025-04-15 04:00:00,61.972150904777926
2025-04-15 05:00:00,67.99476439891934
2025-04-15 06:00:00,70.08150347932502
2025-04-15 07:00:00,76.7214442646422
2025-04-15 08:00:00,64.33847926570688
2025-04-15 09:00:00,59.96287954755753
2025-04-15 10:00:00,62.143123302900435
2025-04-15 11:00:00,58.84126295090165
2025-04-15 12:00:00,44.80753097170003
2025-04-15 13:00:00,56.389793900876356
2025-04-15 14:00:00,40.64034505280425
2025-04-15 15:00:00,27.48084874296067
2025-04-15 16:00:00,27.434863909210733
2025-04-15 17:00:00,30.349252465558912
2025-04-15 18:00:00,26.99478769749542
2025-04-15 19:00:00,28.589768616322875
2025-04-15 20:00:00,36.41010893480516
2025-04-15 21:00:00,32.73998134977993
2025-04-15 22:00:00,32.856523904283634
2025-04-15 23:00:00,37.60817307641622
2025-04-16 00:00:00,44.36776848621933
2025-04-16 01:00:00,47.940983323760015
2025-04-16 02:00:00,61.549269079235536
2025-04-16 03:00:00,70.31917983515028
2025-04-16 04:00:00,62.26578137528464
2025-04-16 05:00:00,65.47051075449217
2025-04-16 06:00:00,68.61110429516067
2025-04-16 07:00:00,65.20328084787775
2025-04-16 08:00:00,65.89989697748064
2025-04-16 09:00:00,68.79058272792467
2025-04-16 10:00:00,54.45358980960917
2025-04-16 11:00:00,65.59138285654647
2025-04-16 12:00:00,56.12736510002253
2025-04-16 13:00:00,46.23059878189629
2025-04-16 14:00:00,45.101288081319986
2025-04-16 15:00:00,32.05151350573231
2025-04-16 16:00:00,36.545503261709115
2025-04-16 17:00:00,33.83944028306308
2025-04-16 18:00:00,34.06528760568622
2025-04-16 19:00:00,29.052931174296102
2025-04-16 20:00:00,40.54280427791275
2025-04-16 21:00:00,32.25761091417088
2025-04-16 22:00:00,34.80159594279216
2025-04-16 23:00:00,45.164286918027265
