,MarketPrice
2025-01-26 17:39:10,25.197121260790073
2025-01-26 18:39:10,25.151752749129418
2025-01-26 19:39:10,25.436556824723983
2025-01-26 20:39:10,28.85452148870154
2025-01-26 21:39:10,27.997935255724574
2025-01-26 22:39:10,44.30493936795773
2025-01-26 23:39:10,41.2598234028938
2025-01-27 00:39:10,51.56121411908036
2025-01-27 01:39:10,57.61787508169424
2025-01-27 02:39:10,60.11998849146536
2025-01-27 03:39:10,68.74081243454215
2025-01-27 04:39:10,69.67442391398096
2025-01-27 05:39:10,73.90662829534571
2025-01-27 06:39:10,67.29430933970296
2025-01-27 07:39:10,70.80740707044608
2025-01-27 08:39:10,63.157210201155806
2025-01-27 09:39:10,62.00513836001229
2025-01-27 10:39:10,65.75700612544065
2025-01-27 11:39:10,55.42792785746981
2025-01-27 12:39:10,53.693676440276356
2025-01-27 13:39:10,51.94947517228576
2025-01-27 14:39:10,41.89153075375713
2025-01-27 15:39:10,41.03624889981136
2025-01-27 16:39:10,30.75830518844896
2025-01-27 17:39:10,32.36375855295653
2025-01-27 18:39:10,29.59724353292922
2025-01-27 19:39:10,30.679590658862278
2025-01-27 20:39:10,40.446851722095325
2025-01-27 21:39:10,39.99257369316514
2025-01-27 22:39:10,39.064934414710116
2025-01-27 23:39:10,42.269010972180986
2025-01-28 00:39:10,50.58939932191184
2025-01-28 01:39:10,50.248515885146766
2025-01-28 02:39:10,51.068809557690095
2025-01-28 03:39:10,67.47197092332061
2025-01-28 04:39:10,70.3033550977591
2025-01-28 05:39:10,66.46893811736032
2025-01-28 06:39:10,70.75981088300652
2025-01-28 07:39:10,82.12630545839636
2025-01-28 08:39:10,64.82366966859676
2025-01-28 09:39:10,63.35756430181221
2025-01-28 10:39:10,52.86642736134152
2025-01-28 11:39:10,65.50606986321212
2025-01-28 12:39:10,49.91914789024893
2025-01-28 13:39:10,47.85074140749157
2025-01-28 14:39:10,41.32609390627117
2025-01-28 15:39:10,41.080847344941624
2025-01-28 16:39:10,31.68439804551718
2025-01-28 17:39:10,32.514698239685586
2025-01-28 18:39:10,24.567823440818728
2025-01-28 19:39:10,30.538256080265782
2025-01-28 20:39:10,41.52869344081829
2025-01-28 21:39:10,34.746473959770846
2025-01-28 22:39:10,44.055089863684415
2025-01-28 23:39:10,46.943024117596906
2025-01-29 00:39:10,50.968594653492346
2025-01-29 01:39:10,61.41818517376406
2025-01-29 02:39:10,60.47096704581773
2025-01-29 03:39:10,67.44222327720802
2025-01-29 04:39:10,70.0008354161448
2025-01-29 05:39:10,73.13697756435047
2025-01-29 06:39:10,67.0321657079551
2025-01-29 07:39:10,68.80066653250564
2025-01-29 08:39:10,67.18412862813497
2025-01-29 09:39:10,66.42107163140741
2025-01-29 10:39:10,50.05248680188982
2025-01-29 11:39:10,49.83775169990249
2025-01-29 12:39:10,55.14988173390228
2025-01-29 13:39:10,46.75530680948641
2025-01-29 14:39:10,32.24480281923389
2025-01-29 15:39:10,36.631649258031246
2025-01-29 16:39:10,35.46467228823267
2025-01-29 17:39:10,31.532985489552637
2025-01-29 18:39:10,29.315286023332373
2025-01-29 19:39:10,33.79502590495932
2025-01-29 20:39:10,29.359749068843556
2025-01-29 21:39:10,36.55758194859091
2025-01-29 22:39:10,38.14030525541493
2025-01-29 23:39:10,44.727356826694155
2025-01-30 00:39:10,46.79721570670342
2025-01-30 01:39:10,56.13327485340245
2025-01-30 02:39:10,58.740983629433174
2025-01-30 03:39:10,62.71139805307607
2025-01-30 04:39:10,65.77204487886735
2025-01-30 05:39:10,68.1660722612281
2025-01-30 06:39:10,77.06788357357667
2025-01-30 07:39:10,68.69480223882573
2025-01-30 08:39:10,68.72046753222627
2025-01-30 09:39:10,66.07458980588105
2025-01-30 10:39:10,63.147021520977404
2025-01-30 11:39:10,50.866100910324974
2025-01-30 12:39:10,57.6103875014063
2025-01-30 13:39:10,46.68198794838857
2025-01-30 14:39:10,48.02887267064179
2025-01-30 15:39:10,39.951082135000775
2025-01-30 16:39:10,32.15395217513679
2025-01-30 17:39:10,30.661807100176425
2025-01-30 18:39:10,39.31376754613901
2025-01-30 19:39:10,36.57523274761431
2025-01-30 20:39:10,40.99830600158371
2025-01-30 21:39:10,43.003127790473805
2025-01-30 22:39:10,38.79557710741558
2025-01-30 23:39:10,44.06392040468487
2025-01-31 00:39:10,55.86857906071913
2025-01-31 01:39:10,58.34201720255468
2025-01-31 02:39:10,57.068029637291346
2025-01-31 03:39:10,66.17162176913752
2025-01-31 04:39:10,66.14721694051347
2025-01-31 05:39:10,75.66127290221544
2025-01-31 06:39:10,77.92041431665865
2025-01-31 07:39:10,73.9286531985602
2025-01-31 08:39:10,68.83155527845699
2025-01-31 09:39:10,63.224865828308275
2025-01-31 10:39:10,64.97003315889377
2025-01-31 11:39:10,46.23272334982692
2025-01-31 12:39:10,48.930331688464335
2025-01-31 13:39:10,43.3351954320125
2025-01-31 14:39:10,39.68374784022121
2025-01-31 15:39:10,34.23817281493912
2025-01-31 16:39:10,25.452599461195035
2025-01-31 17:39:10,35.075708896131694
2025-01-31 18:39:10,36.296537489368596
2025-01-31 19:39:10,24.49852397219044
2025-01-31 20:39:10,38.27216914384847
2025-01-31 21:39:10,32.89175084360244
2025-01-31 22:39:10,32.75398942251307
2025-01-31 23:39:10,38.07442165680564
2025-02-01 00:39:10,53.74236377990316
2025-02-01 01:39:10,46.71419038942359
2025-02-01 02:39:10,62.623848079256
2025-02-01 03:39:10,64.19745455814501
2025-02-01 04:39:10,60.83136358539065
2025-02-01 05:39:10,75.75039613498433
2025-02-01 06:39:10,58.11919864026951
2025-02-01 07:39:10,63.699704085076675
2025-02-01 08:39:10,63.17802941475681
2025-02-01 09:39:10,55.01392932154199
2025-02-01 10:39:10,66.10487942272793
2025-02-01 11:39:10,55.85679852109278
2025-02-01 12:39:10,49.358112544849405
2025-02-01 13:39:10,55.24759214211534
2025-02-01 14:39:10,43.56878309303557
2025-02-01 15:39:10,38.5452406780346
2025-02-01 16:39:10,36.82906572453217
2025-02-01 17:39:10,27.46461252645709
2025-02-01 18:39:10,31.09083677521795
2025-02-01 19:39:10,37.57834142993672
2025-02-01 20:39:10,34.00971865269039
2025-02-01 21:39:10,41.475776729044185
2025-02-01 22:39:10,37.34206296458683
2025-02-01 23:39:10,50.70259282956721
2025-02-02 00:39:10,60.73074407789965
2025-02-02 01:39:10,60.94510158262491
2025-02-02 02:39:10,55.15616243616551
2025-02-02 03:39:10,63.63739205417367
2025-02-02 04:39:10,68.52700650630457
2025-02-02 05:39:10,73.5264803620409
2025-02-02 06:39:10,71.61840655522768
2025-02-02 07:39:10,70.36137386621662
2025-02-02 08:39:10,64.97578436176005
2025-02-02 09:39:10,70.06081881069177
2025-02-02 10:39:10,53.781478770339156
2025-02-02 11:39:10,56.81353214202736
2025-02-02 12:39:10,52.98695583487685
2025-02-02 13:39:10,46.52333522510814
2025-02-02 14:39:10,36.32866219163588
2025-02-02 15:39:10,44.394754852727175
2025-02-02 16:39:10,36.54016279029942
2025-02-02 17:39:10,23.853819179373506
2025-02-02 18:39:10,29.25864316229719
2025-02-02 19:39:10,29.156662615552037
2025-02-02 20:39:10,37.63029026902702
2025-02-02 21:39:10,30.14589379299844
2025-02-02 22:39:10,36.24999564656778
2025-02-02 23:39:10,50.759538723075586
2025-02-03 00:39:10,52.45546304121924
2025-02-03 01:39:10,52.63380443795117
2025-02-03 02:39:10,66.32005326788419
2025-02-03 03:39:10,64.54644199439215
2025-02-03 04:39:10,70.86951191984326
2025-02-03 05:39:10,74.2589370001102
2025-02-03 06:39:10,71.8156874902481
2025-02-03 07:39:10,70.7745036535664
2025-02-03 08:39:10,67.83403986513565
2025-02-03 09:39:10,70.30703938541622
2025-02-03 10:39:10,55.22295847450773
2025-02-03 11:39:10,53.475128688143485
2025-02-03 12:39:10,51.712289339255
2025-02-03 13:39:10,44.63624714718684
2025-02-03 14:39:10,44.49531302094928
2025-02-03 15:39:10,41.63684087609352
2025-02-03 16:39:10,36.72553371183092
2025-02-03 17:39:10,32.68480875108241
2025-02-03 18:39:10,30.65473572371395
2025-02-03 19:39:10,38.2870407939493
2025-02-03 20:39:10,31.538394134286865
2025-02-03 21:39:10,43.80217073960783
2025-02-03 22:39:10,38.295095947525326
2025-02-03 23:39:10,45.623955863315345
2025-02-04 00:39:10,44.51630258359107
2025-02-04 01:39:10,49.15744556260843
2025-02-04 02:39:10,63.58312001294321
2025-02-04 03:39:10,60.61692299897024
2025-02-04 04:39:10,48.821462041567194
2025-02-04 05:39:10,72.54081192319077
2025-02-04 06:39:10,70.19442847158196
2025-02-04 07:39:10,69.59793591565129
2025-02-04 08:39:10,69.32438068826697
2025-02-04 09:39:10,67.19989974383198
2025-02-04 10:39:10,55.15425151081078
2025-02-04 11:39:10,60.61513677304277
2025-02-04 12:39:10,49.11482909276739
2025-02-04 13:39:10,50.84214521087338
2025-02-04 14:39:10,46.03206835733854
2025-02-04 15:39:10,32.5609178975769
2025-02-04 16:39:10,34.83840553411672
2025-02-04 17:39:10,30.81376761745064
2025-02-04 18:39:10,29.2022626386536
2025-02-04 19:39:10,47.26161359023353
2025-02-04 20:39:10,28.373167040554886
2025-02-04 21:39:10,38.93334298661716
2025-02-04 22:39:10,46.6737032839241
2025-02-04 23:39:10,48.294645277034334
2025-02-05 00:39:10,46.81246784877248
2025-02-05 01:39:10,59.96261744753866
2025-02-05 02:39:10,54.12206401487777
2025-02-05 03:39:10,67.26911640581393
2025-02-05 04:39:10,69.57108485944299
2025-02-05 05:39:10,74.54220697342018
2025-02-05 06:39:10,60.51623959282408
2025-02-05 07:39:10,77.87999772943293
2025-02-05 08:39:10,61.16075320245066
2025-02-05 09:39:10,70.53188872119617
2025-02-05 10:39:10,67.8628217647547
2025-02-05 11:39:10,42.62241817210217
2025-02-05 12:39:10,49.90753252118985
2025-02-05 13:39:10,45.27053226901364
2025-02-05 14:39:10,46.3291423121971
2025-02-05 15:39:10,33.90592993507187
2025-02-05 16:39:10,39.63992778410362
2025-02-05 17:39:10,29.90925129156253
2025-02-05 18:39:10,30.921516851238486
2025-02-05 19:39:10,36.89106553967798
2025-02-05 20:39:10,42.63174169655078
2025-02-05 21:39:10,29.900060522322566
2025-02-05 22:39:10,38.85192176331657
2025-02-05 23:39:10,51.98005255530038
2025-02-06 00:39:10,64.55354241374431
2025-02-06 01:39:10,54.284184698565184
2025-02-06 02:39:10,58.71273910587093
2025-02-06 03:39:10,62.32905194051002
2025-02-06 04:39:10,67.90620366878177
2025-02-06 05:39:10,60.929887130044555
2025-02-06 06:39:10,67.00664365839782
2025-02-06 07:39:10,67.52594872573579
2025-02-06 08:39:10,65.81924508113212
2025-02-06 09:39:10,63.81411685530529
2025-02-06 10:39:10,56.90184603613487
2025-02-06 11:39:10,51.74159669994721
2025-02-06 12:39:10,50.6933894703693
2025-02-06 13:39:10,43.4101360651859
2025-02-06 14:39:10,39.87423298069546
2025-02-06 15:39:10,40.489038429813675
2025-02-06 16:39:10,31.958667188558948
2025-02-06 17:39:10,31.82402557104198
2025-02-06 18:39:10,24.168621195706987
2025-02-06 19:39:10,32.862273842196934
2025-02-06 20:39:10,41.556179777147776
2025-02-06 21:39:10,36.17609048014324
2025-02-06 22:39:10,31.245943801545472
2025-02-06 23:39:10,37.5124817487752
2025-02-07 00:39:10,42.78780180347533
2025-02-07 01:39:10,60.43223713269704
2025-02-07 02:39:10,58.78792062587162
2025-02-07 03:39:10,70.20581523699481
2025-02-07 04:39:10,69.65752367504506
2025-02-07 05:39:10,75.20443933888079
2025-02-07 06:39:10,65.09089601961234
2025-02-07 07:39:10,79.32541349220263
2025-02-07 08:39:10,67.98300633023638
2025-02-07 09:39:10,71.29991673846236
2025-02-07 10:39:10,55.728764054077715
2025-02-07 11:39:10,54.847296980964565
2025-02-07 12:39:10,49.0541306743068
2025-02-07 13:39:10,33.58007883223133
2025-02-07 14:39:10,51.588959463733836
2025-02-07 15:39:10,26.53911366349145
2025-02-07 16:39:10,30.97475812204422
2025-02-07 17:39:10,30.44272792203522
2025-02-07 18:39:10,24.823914864990407
2025-02-07 19:39:10,29.190421045421022
2025-02-07 20:39:10,29.4626808975391
2025-02-07 21:39:10,39.52744533235373
2025-02-07 22:39:10,42.11753582029835
2025-02-07 23:39:10,53.18367643815161
2025-02-08 00:39:10,46.97881253436352
2025-02-08 01:39:10,51.00301166796226
2025-02-08 02:39:10,54.15178580661962
2025-02-08 03:39:10,62.12054452561609
2025-02-08 04:39:10,65.84702469719274
2025-02-08 05:39:10,67.23662275646637
2025-02-08 06:39:10,75.69023494617537
2025-02-08 07:39:10,59.667171816848295
2025-02-08 08:39:10,69.27910748230626
2025-02-08 09:39:10,70.48609347872839
2025-02-08 10:39:10,64.40860374330545
2025-02-08 11:39:10,60.257571877375355
2025-02-08 12:39:10,51.60689872666756
2025-02-08 13:39:10,55.553121636349296
2025-02-08 14:39:10,37.30885343532376
2025-02-08 15:39:10,40.464380599499755
2025-02-08 16:39:10,36.36274821874867
2025-02-08 17:39:10,36.537510504860855
2025-02-08 18:39:10,31.78814637524476
2025-02-08 19:39:10,30.163243773801526
2025-02-08 20:39:10,29.510251992438064
2025-02-08 21:39:10,41.8456274015398
2025-02-08 22:39:10,36.693557989387976
2025-02-08 23:39:10,44.61184361751503
2025-02-09 00:39:10,45.39352887716823
2025-02-09 01:39:10,55.13705668574601
2025-02-09 02:39:10,64.12005234798522
2025-02-09 03:39:10,69.82091951749196
2025-02-09 04:39:10,72.90410222549332
2025-02-09 05:39:10,62.29748662887871
2025-02-09 06:39:10,66.34941509303657
2025-02-09 07:39:10,66.02367246273711
2025-02-09 08:39:10,64.49740925136395
2025-02-09 09:39:10,61.7926883269012
2025-02-09 10:39:10,64.13994310258322
2025-02-09 11:39:10,54.20243602310848
2025-02-09 12:39:10,51.24062107663565
2025-02-09 13:39:10,46.48294938621938
2025-02-09 14:39:10,35.41610282860793
2025-02-09 15:39:10,34.67913746810637
2025-02-09 16:39:10,34.73820672873766
2025-02-09 17:39:10,20.262002686094487
2025-02-09 18:39:10,31.769043603508116
2025-02-09 19:39:10,33.953131076358645
2025-02-09 20:39:10,32.20743925997607
2025-02-09 21:39:10,36.20295920229284
2025-02-09 22:39:10,33.75217466400035
2025-02-09 23:39:10,44.37406624836712
2025-02-10 00:39:10,54.223267243144996
2025-02-10 01:39:10,47.04440270647284
2025-02-10 02:39:10,63.97180330623048
2025-02-10 03:39:10,68.64761345754461
2025-02-10 04:39:10,67.51976179686964
2025-02-10 05:39:10,81.87476409286441
2025-02-10 06:39:10,66.86695746867674
2025-02-10 07:39:10,72.85952046561297
2025-02-10 08:39:10,64.55181104872098
2025-02-10 09:39:10,68.27611451160863
2025-02-10 10:39:10,68.15883207900058
2025-02-10 11:39:10,52.79635345774844
2025-02-10 12:39:10,59.857904227861354
2025-02-10 13:39:10,41.864139173326585
2025-02-10 14:39:10,40.67270554011123
2025-02-10 15:39:10,37.802273827418894
2025-02-10 16:39:10,41.95019627609713
2025-02-10 17:39:10,32.05452708798438
2025-02-10 18:39:10,27.89985003827207
2025-02-10 19:39:10,35.66675053375319
2025-02-10 20:39:10,36.895804615978385
2025-02-10 21:39:10,35.340919071327924
2025-02-10 22:39:10,40.20741327471548
2025-02-10 23:39:10,41.28608800190939
2025-02-11 00:39:10,47.39402746139605
2025-02-11 01:39:10,61.80111615409943
2025-02-11 02:39:10,61.62148286027609
2025-02-11 03:39:10,72.27314319243334
2025-02-11 04:39:10,66.22497870753004
2025-02-11 05:39:10,69.7190715809521
2025-02-11 06:39:10,74.9383464279164
2025-02-11 07:39:10,78.67094969852387
2025-02-11 08:39:10,63.71304276956819
2025-02-11 09:39:10,67.46008468017355
2025-02-11 10:39:10,58.98435743637393
2025-02-11 11:39:10,57.588764226434925
2025-02-11 12:39:10,57.05279701352211
2025-02-11 13:39:10,47.753963108492556
2025-02-11 14:39:10,33.1026290572064
2025-02-11 15:39:10,31.88614192743863
2025-02-11 16:39:10,39.094145434322705
2025-02-11 17:39:10,34.780962394639864
2025-02-11 18:39:10,28.1078402742127
2025-02-11 19:39:10,33.199822941128204
2025-02-11 20:39:10,28.270392562469265
2025-02-11 21:39:10,40.32979826399413
2025-02-11 22:39:10,43.04941655713035
2025-02-11 23:39:10,47.586723807798805
2025-02-12 00:39:10,47.703442306928785
2025-02-12 01:39:10,47.72944735906954
2025-02-12 02:39:10,64.28059852923913
2025-02-12 03:39:10,64.28863470305079
2025-02-12 04:39:10,65.35859744567007
2025-02-12 05:39:10,71.19819227576035
2025-02-12 06:39:10,71.35316811340611
2025-02-12 07:39:10,78.07797012258823
2025-02-12 08:39:10,70.71509813865643
2025-02-12 09:39:10,66.71663792434653
2025-02-12 10:39:10,63.383788120953874
2025-02-12 11:39:10,40.990488258005186
2025-02-12 12:39:10,51.85419199933711
2025-02-12 13:39:10,52.78710225744742
2025-02-12 14:39:10,38.83929878648253
2025-02-12 15:39:10,34.16862131282108
2025-02-12 16:39:10,36.750988917615025
2025-02-12 17:39:10,25.144924747585144
2025-02-12 18:39:10,30.48767752355818
2025-02-12 19:39:10,31.081156564873215
2025-02-12 20:39:10,26.083079143809883
2025-02-12 21:39:10,34.0219086790258
2025-02-12 22:39:10,40.030990341520415
2025-02-12 23:39:10,45.23272954033063
2025-02-13 00:39:10,48.71432257159003
2025-02-13 01:39:10,51.30692035177222
2025-02-13 02:39:10,60.58846737076028
2025-02-13 03:39:10,73.77611636501723
2025-02-13 04:39:10,69.31312207761229
2025-02-13 05:39:10,77.03968157326018
2025-02-13 06:39:10,58.85581842202045
2025-02-13 07:39:10,61.534212806761246
2025-02-13 08:39:10,72.47641917017948
2025-02-13 09:39:10,57.05051341823149
2025-02-13 10:39:10,60.958748570486826
2025-02-13 11:39:10,55.25262266091423
2025-02-13 12:39:10,51.41225021491055
2025-02-13 13:39:10,42.49666870048351
2025-02-13 14:39:10,45.10560889585041
2025-02-13 15:39:10,34.07120270344687
2025-02-13 16:39:10,26.439740639251784
2025-02-13 17:39:10,27.540359924593993
2025-02-13 18:39:10,30.821258802362422
2025-02-13 19:39:10,25.189269404484588
2025-02-13 20:39:10,30.573387538228214
2025-02-13 21:39:10,29.81373150856743
2025-02-13 22:39:10,42.458069327528044
2025-02-13 23:39:10,42.908928030772664
2025-02-14 00:39:10,50.91908891721582
2025-02-14 01:39:10,46.950166870083756
2025-02-14 02:39:10,54.84386116915662
2025-02-14 03:39:10,60.80830624942106
2025-02-14 04:39:10,65.81577310395076
2025-02-14 05:39:10,69.77908304056565
2025-02-14 06:39:10,67.95758755363609
2025-02-14 07:39:10,71.66165843037393
2025-02-14 08:39:10,66.28245682995983
2025-02-14 09:39:10,59.75579247366424
2025-02-14 10:39:10,57.685314794541725
2025-02-14 11:39:10,49.93302002983451
2025-02-14 12:39:10,52.01319631384779
2025-02-14 13:39:10,48.05246819305933
2025-02-14 14:39:10,32.11757733303728
2025-02-14 15:39:10,38.025050206026116
2025-02-14 16:39:10,32.05033233510803
2025-02-14 17:39:10,29.891565129035136
2025-02-14 18:39:10,26.99377624534999
2025-02-14 19:39:10,36.06380450834149
2025-02-14 20:39:10,29.23070635751353
2025-02-14 21:39:10,36.592096885400444
2025-02-14 22:39:10,33.561762130677266
2025-02-14 23:39:10,37.626897540424615
2025-02-15 00:39:10,46.68887868410206
2025-02-15 01:39:10,53.491795085892356
2025-02-15 02:39:10,61.0938772998012
2025-02-15 03:39:10,56.89819736338215
2025-02-15 04:39:10,69.44084782682171
2025-02-15 05:39:10,72.59582534179698
2025-02-15 06:39:10,67.38447205466434
2025-02-15 07:39:10,68.8861368566929
2025-02-15 08:39:10,59.42185078727614
2025-02-15 09:39:10,60.669234992277104
2025-02-15 10:39:10,53.8410308017869
2025-02-15 11:39:10,48.46195721232625
2025-02-15 12:39:10,55.051093676201
2025-02-15 13:39:10,44.40465117198493
2025-02-15 14:39:10,38.670259547866756
2025-02-15 15:39:10,40.55707067293288
2025-02-15 16:39:10,29.905158537841686
2025-02-15 17:39:10,36.83023676408794
2025-02-15 18:39:10,25.99847394862862
2025-02-15 19:39:10,33.27498332559257
2025-02-15 20:39:10,40.090022700952964
2025-02-15 21:39:10,34.327178647826045
2025-02-15 22:39:10,42.09491248514704
2025-02-15 23:39:10,43.65449413582843
2025-02-16 00:39:10,52.668883971621675
2025-02-16 01:39:10,57.18937268032238
2025-02-16 02:39:10,60.75406825479874
2025-02-16 03:39:10,61.72397610511686
2025-02-16 04:39:10,58.19505923253094
2025-02-16 05:39:10,64.01464975705854
2025-02-16 06:39:10,76.7940134906808
2025-02-16 07:39:10,79.84297666269424
2025-02-16 08:39:10,67.9791020360983
2025-02-16 09:39:10,64.30043590751512
2025-02-16 10:39:10,52.496773640286435
2025-02-16 11:39:10,52.47270488570582
2025-02-16 12:39:10,51.567945039677085
2025-02-16 13:39:10,42.90684547842625
2025-02-16 14:39:10,34.30137620147254
2025-02-16 15:39:10,38.38619784979245
2025-02-16 16:39:10,27.65586641187292
2025-02-16 17:39:10,25.06178214972514
2025-02-16 18:39:10,35.482011281777545
2025-02-16 19:39:10,30.3896170888818
2025-02-16 20:39:10,33.24220082864171
2025-02-16 21:39:10,34.35568456115587
2025-02-16 22:39:10,31.69225906370064
2025-02-16 23:39:10,38.01219569946694
2025-02-17 00:39:10,53.317419542044604
2025-02-17 01:39:10,58.28092818897582
2025-02-17 02:39:10,53.02379002726823
2025-02-17 03:39:10,67.93199587595115
2025-02-17 04:39:10,71.50622096319766
2025-02-17 05:39:10,70.52123403783388
2025-02-17 06:39:10,69.04156197042572
2025-02-17 07:39:10,70.11960629154967
2025-02-17 08:39:10,67.35831764250895
2025-02-17 09:39:10,58.096863926168396
2025-02-17 10:39:10,56.11503224371752
2025-02-17 11:39:10,53.139568533896
2025-02-17 12:39:10,57.07366902591288
2025-02-17 13:39:10,40.49634350259658
2025-02-17 14:39:10,38.39869506284579
2025-02-17 15:39:10,41.057190697630716
2025-02-17 16:39:10,26.119203184556135
2025-02-17 17:39:10,34.815881425498766
2025-02-17 18:39:10,33.45750139679409
2025-02-17 19:39:10,30.74502230350023
2025-02-17 20:39:10,35.2942154162299
2025-02-17 21:39:10,33.94314000785042
2025-02-17 22:39:10,42.112299744309695
2025-02-17 23:39:10,49.760253253587635
2025-02-18 00:39:10,37.220627500717356
2025-02-18 01:39:10,51.17572065739674
2025-02-18 02:39:10,63.2564001056011
2025-02-18 03:39:10,51.686624255261975
2025-02-18 04:39:10,62.820379423814344
2025-02-18 05:39:10,64.74547583881808
2025-02-18 06:39:10,71.4490809293619
2025-02-18 07:39:10,71.78237819137358
2025-02-18 08:39:10,59.89063844393134
2025-02-18 09:39:10,63.1676568420691
2025-02-18 10:39:10,55.06425983615571
2025-02-18 11:39:10,51.33007159791922
2025-02-18 12:39:10,45.37653175011096
2025-02-18 13:39:10,46.652821355324
2025-02-18 14:39:10,43.30923354589457
2025-02-18 15:39:10,40.01335143999545
2025-02-18 16:39:10,27.44219577025692
2025-02-18 17:39:10,35.37091185202827
2025-02-18 18:39:10,32.52573973049104
2025-02-18 19:39:10,35.151429714458104
2025-02-18 20:39:10,39.94893580921371
2025-02-18 21:39:10,41.6501951370127
2025-02-18 22:39:10,44.0665130588016
2025-02-18 23:39:10,40.83506834832313
2025-02-19 00:39:10,45.45017931502962
2025-02-19 01:39:10,56.800484555450005
2025-02-19 02:39:10,64.8656530168558
2025-02-19 03:39:10,63.7305480302405
2025-02-19 04:39:10,63.94143686222985
2025-02-19 05:39:10,72.23608391000596
2025-02-19 06:39:10,59.781061414923016
2025-02-19 07:39:10,74.18917273147136
2025-02-19 08:39:10,72.62878269029505
2025-02-19 09:39:10,65.53787314860088
2025-02-19 10:39:10,62.69582623436188
2025-02-19 11:39:10,53.32479909988456
2025-02-19 12:39:10,51.67090397573302
2025-02-19 13:39:10,44.32713175214481
2025-02-19 14:39:10,49.251230900626084
2025-02-19 15:39:10,34.863104206699205
2025-02-19 16:39:10,34.43149003446296
2025-02-19 17:39:10,32.9475657233969
2025-02-19 18:39:10,23.834739347678504
2025-02-19 19:39:10,25.00562554251311
2025-02-19 20:39:10,21.646512795920646
2025-02-19 21:39:10,40.75388770452318
2025-02-19 22:39:10,47.02949465260622
2025-02-19 23:39:10,40.981575300452455
2025-02-20 00:39:10,49.35815460206812
2025-02-20 01:39:10,50.050488450935944
2025-02-20 02:39:10,53.79978425085893
2025-02-20 03:39:10,59.09486085386918
2025-02-20 04:39:10,58.417921073431
2025-02-20 05:39:10,71.29957581617369
2025-02-20 06:39:10,66.62161252820549
2025-02-20 07:39:10,71.89714933263778
2025-02-20 08:39:10,72.80340286952429
2025-02-20 09:39:10,67.93849378306848
2025-02-20 10:39:10,54.259015218474865
2025-02-20 11:39:10,60.92135503924311
2025-02-20 12:39:10,48.71948116361381
2025-02-20 13:39:10,42.70693294635406
2025-02-20 14:39:10,44.65509981067201
2025-02-20 15:39:10,42.262931918494616
2025-02-20 16:39:10,35.92515046179465
2025-02-20 17:39:10,39.880268969598866
2025-02-20 18:39:10,26.0653771276105
2025-02-20 19:39:10,28.80743289471834
2025-02-20 20:39:10,34.33139261413789
2025-02-20 21:39:10,31.42554509723555
2025-02-20 22:39:10,34.632498042678506
2025-02-20 23:39:10,34.11568937671221
2025-02-21 00:39:10,52.17786953068369
2025-02-21 01:39:10,58.38856663537512
2025-02-21 02:39:10,58.06192128572998
2025-02-21 03:39:10,69.4994550026527
2025-02-21 04:39:10,69.42124804308165
2025-02-21 05:39:10,68.66086111886077
2025-02-21 06:39:10,61.66226202088399
2025-02-21 07:39:10,63.38483432027634
2025-02-21 08:39:10,69.83859782905381
2025-02-21 09:39:10,55.27138541148885
2025-02-21 10:39:10,64.98935290919638
2025-02-21 11:39:10,61.2379584935846
2025-02-21 12:39:10,45.141065170860614
2025-02-21 13:39:10,43.08457407676957
2025-02-21 14:39:10,45.5497121498357
2025-02-21 15:39:10,40.17233074293642
2025-02-21 16:39:10,33.91110192672322
2025-02-21 17:39:10,30.825671390334172
2025-02-21 18:39:10,35.96983049998533
2025-02-21 19:39:10,31.06152128952618
2025-02-21 20:39:10,25.099868968825362
2025-02-21 21:39:10,38.09338394420658
2025-02-21 22:39:10,37.99123013754258
2025-02-21 23:39:10,45.26747382984632
2025-02-22 00:39:10,48.95142042392495
2025-02-22 01:39:10,51.21590459527099
2025-02-22 02:39:10,60.83740511188559
2025-02-22 03:39:10,58.64219975964506
2025-02-22 04:39:10,66.4040736705782
2025-02-22 05:39:10,65.03222430761473
2025-02-22 06:39:10,73.12203608006045
2025-02-22 07:39:10,76.52080327818375
2025-02-22 08:39:10,70.7635380101192
2025-02-22 09:39:10,59.45768138892139
2025-02-22 10:39:10,59.99540991532234
2025-02-22 11:39:10,52.186345166474815
2025-02-22 12:39:10,44.84454003732
2025-02-22 13:39:10,42.25932268551197
2025-02-22 14:39:10,34.24256566662294
2025-02-22 15:39:10,39.38858850422787
2025-02-22 16:39:10,35.1661177088127
2025-02-22 17:39:10,38.35794941036328
2025-02-22 18:39:10,31.34836628396326
2025-02-22 19:39:10,31.477387184805252
2025-02-22 20:39:10,33.61383141479963
2025-02-22 21:39:10,41.578573547961156
2025-02-22 22:39:10,35.6579250107872
2025-02-22 23:39:10,34.615929169244716
2025-02-23 00:39:10,52.565857393858025
2025-02-23 01:39:10,56.91930975896464
2025-02-23 02:39:10,65.01945592126911
2025-02-23 03:39:10,65.4005986808589
2025-02-23 04:39:10,69.24391456183758
2025-02-23 05:39:10,61.9261171094773
2025-02-23 06:39:10,63.85238356175693
2025-02-23 07:39:10,70.21224747885455
2025-02-23 08:39:10,56.69252686036074
2025-02-23 09:39:10,67.21690126293714
2025-02-23 10:39:10,61.46806882437995
2025-02-23 11:39:10,58.920114546473464
2025-02-23 12:39:10,43.53902586495221
2025-02-23 13:39:10,43.756073790764276
2025-02-23 14:39:10,38.309091223447375
2025-02-23 15:39:10,31.3666345121564
2025-02-23 16:39:10,41.9210850512512
2025-02-23 17:39:10,27.266715369296925
2025-02-23 18:39:10,31.598166461885363
2025-02-23 19:39:10,40.44366808117039
2025-02-23 20:39:10,27.541578336279024
2025-02-23 21:39:10,36.075061087044176
2025-02-23 22:39:10,37.782573675797806
2025-02-23 23:39:10,38.62294030444366
2025-02-24 00:39:10,45.200405989151136
2025-02-24 01:39:10,53.0868949048503
2025-02-24 02:39:10,63.23404997255214
2025-02-24 03:39:10,58.387668706778726
2025-02-24 04:39:10,71.33424031878614
2025-02-24 05:39:10,72.56408955385002
2025-02-24 06:39:10,67.67419500426017
2025-02-24 07:39:10,65.61630307409939
2025-02-24 08:39:10,67.0563211215799
2025-02-24 09:39:10,69.01507413673158
2025-02-24 10:39:10,57.03146392348857
2025-02-24 11:39:10,57.56078012586488
2025-02-24 12:39:10,45.20633002929263
2025-02-24 13:39:10,51.23546529167166
2025-02-24 14:39:10,47.04626054853804
2025-02-24 15:39:10,45.03140541051657
2025-02-24 16:39:10,33.50119042868944
2025-02-24 17:39:10,27.74341073450992
2025-02-24 18:39:10,34.58685975431043
2025-02-24 19:39:10,36.65021781252638
2025-02-24 20:39:10,31.452636494877677
2025-02-24 21:39:10,37.10142902313078
2025-02-24 22:39:10,51.66275076126493
2025-02-24 23:39:10,39.82315419260683
2025-02-25 00:39:10,52.689200762142434
2025-02-25 01:39:10,57.845269822739375
2025-02-25 02:39:10,67.08665753197208
2025-02-25 03:39:10,68.55300891709433
2025-02-25 04:39:10,68.53326818979046
2025-02-25 05:39:10,68.41165291518061
2025-02-25 06:39:10,65.51163662452589
2025-02-25 07:39:10,60.86844824094504
2025-02-25 08:39:10,78.72010851824382
2025-02-25 09:39:10,60.664432495057
2025-02-25 10:39:10,51.3721472002507
2025-02-25 11:39:10,59.73817176399608
2025-02-25 12:39:10,53.35858337832211
2025-02-25 13:39:10,45.916941075975
2025-02-25 14:39:10,40.31627213608322
2025-02-25 15:39:10,39.13312689762469
2025-02-25 16:39:10,27.38781648865638
2025-02-25 17:39:10,33.22840661209638
2025-02-25 18:39:10,32.241251808269205
2025-02-25 19:39:10,27.391397056736963
2025-02-25 20:39:10,36.30048009609075
2025-02-25 21:39:10,34.42592319153511
2025-02-25 22:39:10,43.26309167400461
2025-02-25 23:39:10,43.247848226140064
2025-02-26 00:39:10,50.91009672229032
2025-02-26 01:39:10,50.84419574099437
2025-02-26 02:39:10,60.3241520513581
2025-02-26 03:39:10,54.925813337276175
2025-02-26 04:39:10,65.63293635545779
2025-02-26 05:39:10,65.37239309689363
2025-02-26 06:39:10,55.73704706157996
2025-02-26 07:39:10,63.621814389133824
2025-02-26 08:39:10,69.28328610311112
2025-02-26 09:39:10,53.359257459706335
2025-02-26 10:39:10,69.73771965135225
2025-02-26 11:39:10,49.27076275546893
2025-02-26 12:39:10,51.2269997745152
2025-02-26 13:39:10,42.51353371261641
2025-02-26 14:39:10,42.84427560271464
2025-02-26 15:39:10,34.789476841645104
2025-02-26 16:39:10,34.968516333267246
2025-02-26 17:39:10,35.656043557787065
2025-02-26 18:39:10,23.85179667166822
2025-02-26 19:39:10,26.93536571432584
2025-02-26 20:39:10,34.85644504713757
2025-02-26 21:39:10,40.79541011734986
2025-02-26 22:39:10,31.881261642365835
2025-02-26 23:39:10,51.251677493319235
2025-02-27 00:39:10,42.67505100870571
2025-02-27 01:39:10,56.71088956461832
2025-02-27 02:39:10,65.02305758616176
2025-02-27 03:39:10,62.79265247360029
2025-02-27 04:39:10,61.85603694215363
2025-02-27 05:39:10,62.951835567078334
2025-02-27 06:39:10,68.46800961954725
2025-02-27 07:39:10,75.49121160393233
2025-02-27 08:39:10,58.85517200041503
2025-02-27 09:39:10,59.99966830356367
2025-02-27 10:39:10,62.49236653288278
2025-02-27 11:39:10,55.56905746413779
2025-02-27 12:39:10,46.837901078464796
2025-02-27 13:39:10,41.28021859858824
2025-02-27 14:39:10,39.182074660805945
2025-02-27 15:39:10,42.270847911380265
2025-02-27 16:39:10,39.112173467445224
2025-02-27 17:39:10,31.380871787670852
2025-02-27 18:39:10,32.06592567259229
2025-02-27 19:39:10,40.22259345687681
2025-02-27 20:39:10,27.874037860468256
2025-02-27 21:39:10,29.306244248306406
2025-02-27 22:39:10,41.813501037296874
2025-02-27 23:39:10,49.93657436379046
2025-02-28 00:39:10,50.49513029484176
2025-02-28 01:39:10,57.94706346751063
2025-02-28 02:39:10,63.655819217258276
2025-02-28 03:39:10,60.02616953707386
2025-02-28 04:39:10,66.89958319732041
2025-02-28 05:39:10,72.52405554424882
2025-02-28 06:39:10,72.25376373729306
2025-02-28 07:39:10,70.92409177982022
2025-02-28 08:39:10,68.01854769695841
2025-02-28 09:39:10,65.75579794940643
2025-02-28 10:39:10,60.39127566601925
2025-02-28 11:39:10,54.91191859306902
2025-02-28 12:39:10,46.353796916228916
2025-02-28 13:39:10,47.146514279837795
2025-02-28 14:39:10,40.240642661536945
2025-02-28 15:39:10,40.87654134904485
2025-02-28 16:39:10,28.246160957031634
2025-02-28 17:39:10,25.40896216070402
2025-02-28 18:39:10,30.005643992236724
2025-02-28 19:39:10,24.147556825539787
2025-02-28 20:39:10,28.239996298951453
2025-02-28 21:39:10,39.488850840237426
2025-02-28 22:39:10,39.53980955471091
2025-02-28 23:39:10,46.29945223403746
2025-03-01 00:39:10,53.13699452225388
2025-03-01 01:39:10,67.86159184531424
2025-03-01 02:39:10,57.3880259774168
2025-03-01 03:39:10,63.53246436806901
2025-03-01 04:39:10,65.62039937508017
2025-03-01 05:39:10,70.9380398233686
2025-03-01 06:39:10,76.65946074277605
2025-03-01 07:39:10,71.81107270549795
2025-03-01 08:39:10,64.07344457176644
2025-03-01 09:39:10,60.67990308968135
2025-03-01 10:39:10,72.50557141583405
2025-03-01 11:39:10,63.95291884988866
2025-03-01 12:39:10,48.715576195267204
2025-03-01 13:39:10,42.52776139506664
2025-03-01 14:39:10,45.25183419134053
2025-03-01 15:39:10,37.154574621861066
2025-03-01 16:39:10,39.5483144737442
2025-03-01 17:39:10,34.25156471649222
2025-03-01 18:39:10,29.44041773161762
2025-03-01 19:39:10,26.421901609179343
2025-03-01 20:39:10,39.07993036832256
2025-03-01 21:39:10,43.36043371765965
2025-03-01 22:39:10,47.330986993563194
2025-03-01 23:39:10,31.912197186497366
2025-03-02 00:39:10,56.18878151326947
2025-03-02 01:39:10,49.51264882233157
2025-03-02 02:39:10,59.54104887295855
2025-03-02 03:39:10,62.083235324225186
2025-03-02 04:39:10,71.72885965375974
2025-03-02 05:39:10,66.28719578133482
2025-03-02 06:39:10,66.72106954600596
2025-03-02 07:39:10,63.66443095001308
2025-03-02 08:39:10,73.34427945301118
2025-03-02 09:39:10,58.093919560333994
2025-03-02 10:39:10,59.88086806565376
2025-03-02 11:39:10,51.75887777705458
2025-03-02 12:39:10,46.96281307901536
2025-03-02 13:39:10,37.51289320163723
2025-03-02 14:39:10,43.26502939106679
2025-03-02 15:39:10,43.81365316311327
2025-03-02 16:39:10,32.22526932688297
2025-03-02 17:39:10,25.74734291146708
2025-03-02 18:39:10,23.127946627172395
2025-03-02 19:39:10,30.511277825495938
2025-03-02 20:39:10,34.545193738758876
2025-03-02 21:39:10,38.377044746429114
2025-03-02 22:39:10,44.55399255693365
2025-03-02 23:39:10,36.69479164940687
2025-03-03 00:39:10,51.24151088922467
2025-03-03 01:39:10,50.212692854703796
2025-03-03 02:39:10,62.752511602305376
2025-03-03 03:39:10,59.12894840935316
2025-03-03 04:39:10,74.73580111921471
2025-03-03 05:39:10,69.81933757930649
2025-03-03 06:39:10,68.65260726774856
2025-03-03 07:39:10,67.71254284785614
2025-03-03 08:39:10,62.953261003755145
2025-03-03 09:39:10,64.57302816430266
2025-03-03 10:39:10,68.74973282281321
2025-03-03 11:39:10,52.75763037100953
2025-03-03 12:39:10,59.719551171269465
2025-03-03 13:39:10,50.199657161215875
2025-03-03 14:39:10,40.0510304430388
2025-03-03 15:39:10,28.734933438734195
2025-03-03 16:39:10,34.359540380627436
2025-03-03 17:39:10,39.286788935763276
2025-03-03 18:39:10,27.742410538213576
2025-03-03 19:39:10,26.036925896447237
2025-03-03 20:39:10,33.38200869072954
2025-03-03 21:39:10,32.848008891543216
2025-03-03 22:39:10,31.95673817143813
2025-03-03 23:39:10,51.66443072888595
2025-03-04 00:39:10,52.608372796596406
2025-03-04 01:39:10,58.247512450431465
2025-03-04 02:39:10,59.76841373775846
2025-03-04 03:39:10,74.47102298813785
2025-03-04 04:39:10,72.0664592424075
2025-03-04 05:39:10,66.92858946379218
2025-03-04 06:39:10,66.71133051635036
2025-03-04 07:39:10,69.04443908361918
2025-03-04 08:39:10,69.15621302759416
2025-03-04 09:39:10,68.29557243195573
2025-03-04 10:39:10,60.55413747665505
2025-03-04 11:39:10,50.29869236118109
2025-03-04 12:39:10,44.909743357378616
2025-03-04 13:39:10,45.084039579819816
2025-03-04 14:39:10,40.2816045336825
2025-03-04 15:39:10,32.556002031030815
2025-03-04 16:39:10,33.749070441058464
2025-03-04 17:39:10,33.24056485562679
2025-03-04 18:39:10,34.72077184200501
2025-03-04 19:39:10,35.4630586034822
2025-03-04 20:39:10,38.100269755858875
2025-03-04 21:39:10,42.234011063004544
2025-03-04 22:39:10,48.058210033954815
2025-03-04 23:39:10,44.89861281086144
2025-03-05 00:39:10,54.25753692866893
2025-03-05 01:39:10,59.36125441693372
2025-03-05 02:39:10,55.64313614250919
2025-03-05 03:39:10,56.316182591053035
2025-03-05 04:39:10,74.39854829641261
2025-03-05 05:39:10,72.29269053673444
2025-03-05 06:39:10,71.40192383365051
2025-03-05 07:39:10,76.65900752518874
2025-03-05 08:39:10,82.76078297914339
2025-03-05 09:39:10,62.227011959924255
2025-03-05 10:39:10,63.15280839857672
2025-03-05 11:39:10,53.86228140319711
2025-03-05 12:39:10,51.31601247590987
2025-03-05 13:39:10,40.848628756851824
2025-03-05 14:39:10,37.63416943946989
2025-03-05 15:39:10,36.25311370220754
2025-03-05 16:39:10,40.2439823804333
2025-03-05 17:39:10,35.74337793508801
2025-03-05 18:39:10,32.62448433321075
2025-03-05 19:39:10,30.48136512131426
2025-03-05 20:39:10,33.49727153326208
2025-03-05 21:39:10,33.79055915321935
2025-03-05 22:39:10,42.40160246125795
2025-03-05 23:39:10,44.35542227402371
2025-03-06 00:39:10,50.6726234671696
2025-03-06 01:39:10,59.697098117511324
2025-03-06 02:39:10,58.53876585545956
2025-03-06 03:39:10,58.538469373564084
2025-03-06 04:39:10,62.82292078996467
2025-03-06 05:39:10,77.51827373520162
2025-03-06 06:39:10,60.3274160081164
2025-03-06 07:39:10,67.54724002626331
2025-03-06 08:39:10,70.03899078446715
2025-03-06 09:39:10,67.34963748291956
2025-03-06 10:39:10,57.875429328662555
2025-03-06 11:39:10,54.476828717152934
2025-03-06 12:39:10,53.28234162475054
2025-03-06 13:39:10,47.96130302539849
2025-03-06 14:39:10,47.54180040023867
2025-03-06 15:39:10,38.150351502232
2025-03-06 16:39:10,35.51177543155993
2025-03-06 17:39:10,30.96056872872346
2025-03-06 18:39:10,17.419324096870703
2025-03-06 19:39:10,23.71416351499525
2025-03-06 20:39:10,36.84227035557558
2025-03-06 21:39:10,28.833981609460345
2025-03-06 22:39:10,36.89609701358058
2025-03-06 23:39:10,47.765633344451786
2025-03-07 00:39:10,48.66791453500355
2025-03-07 01:39:10,65.87495277748204
2025-03-07 02:39:10,48.233385790930456
2025-03-07 03:39:10,63.77150357607325
2025-03-07 04:39:10,60.92300294773493
2025-03-07 05:39:10,58.89997977611017
2025-03-07 06:39:10,66.20275463524419
2025-03-07 07:39:10,70.63915933410767
2025-03-07 08:39:10,65.40652293220697
2025-03-07 09:39:10,61.012277794852
2025-03-07 10:39:10,64.47659970164817
2025-03-07 11:39:10,56.898883582549075
2025-03-07 12:39:10,51.13857973131681
2025-03-07 13:39:10,45.65895792493857
2025-03-07 14:39:10,38.242243366814186
2025-03-07 15:39:10,36.27595629062788
2025-03-07 16:39:10,24.689331675352534
2025-03-07 17:39:10,29.321263908649914
2025-03-07 18:39:10,25.24448464359407
2025-03-07 19:39:10,35.29254358174463
2025-03-07 20:39:10,26.720151467085515
2025-03-07 21:39:10,36.98448634622136
2025-03-07 22:39:10,45.676390231988115
2025-03-07 23:39:10,42.88398191091319
2025-03-08 00:39:10,40.75466260073339
2025-03-08 01:39:10,55.76559485498722
2025-03-08 02:39:10,61.43332435827847
2025-03-08 03:39:10,69.85939989024803
2025-03-08 04:39:10,64.90922518348755
2025-03-08 05:39:10,67.43688244835049
2025-03-08 06:39:10,70.5918158767497
2025-03-08 07:39:10,74.5275499930328
2025-03-08 08:39:10,66.11788588025546
2025-03-08 09:39:10,64.25832920475796
2025-03-08 10:39:10,51.050707995841954
2025-03-08 11:39:10,53.72465282847073
2025-03-08 12:39:10,52.63693358331254
2025-03-08 13:39:10,45.20560425945096
2025-03-08 14:39:10,45.89153715654643
2025-03-08 15:39:10,40.093997140895915
2025-03-08 16:39:10,40.76912600322244
2025-03-08 17:39:10,34.99577180333713
2025-03-08 18:39:10,36.67684666755672
2025-03-08 19:39:10,26.752312474264308
2025-03-08 20:39:10,27.225689610392994
2025-03-08 21:39:10,35.53307995253717
2025-03-08 22:39:10,39.69195877297723
2025-03-08 23:39:10,38.687890132653756
2025-03-09 00:39:10,48.89977958350437
2025-03-09 01:39:10,50.70877548511258
2025-03-09 02:39:10,64.70019599148387
2025-03-09 03:39:10,59.50061828409312
2025-03-09 04:39:10,65.0134403448753
2025-03-09 05:39:10,72.0754984046394
2025-03-09 06:39:10,66.28786334090601
2025-03-09 07:39:10,77.15460081081795
2025-03-09 08:39:10,60.14499012144094
2025-03-09 09:39:10,57.03820348819161
2025-03-09 10:39:10,65.72504796117151
2025-03-09 11:39:10,54.558040889523504
2025-03-09 12:39:10,45.001529162495
2025-03-09 13:39:10,40.902113681231974
2025-03-09 14:39:10,37.89068560648136
2025-03-09 15:39:10,34.93204174653546
2025-03-09 16:39:10,25.881445833490275
2025-03-09 17:39:10,19.89849383277472
2025-03-09 18:39:10,28.700694639729008
2025-03-09 19:39:10,34.05259023675924
2025-03-09 20:39:10,20.536480740319995
2025-03-09 21:39:10,35.80952655440684
2025-03-09 22:39:10,39.98200277161441
2025-03-09 23:39:10,40.08008020641984
2025-03-10 00:39:10,49.67222734005187
2025-03-10 01:39:10,51.00663170771371
2025-03-10 02:39:10,58.403466216782334
2025-03-10 03:39:10,63.985608358091575
2025-03-10 04:39:10,62.232970584491795
2025-03-10 05:39:10,67.20364474974167
2025-03-10 06:39:10,81.78494635304929
2025-03-10 07:39:10,71.14454594971987
2025-03-10 08:39:10,64.83047741705876
2025-03-10 09:39:10,57.87937603496386
2025-03-10 10:39:10,55.72172218259081
2025-03-10 11:39:10,61.74621264759573
2025-03-10 12:39:10,48.692526293255725
2025-03-10 13:39:10,51.51665730024602
2025-03-10 14:39:10,34.10719373392698
2025-03-10 15:39:10,32.7173278651656
2025-03-10 16:39:10,33.45470141918499
2025-03-10 17:39:10,33.8946880922256
2025-03-10 18:39:10,27.104498042062648
2025-03-10 19:39:10,34.948422567941044
2025-03-10 20:39:10,39.1142140920664
2025-03-10 21:39:10,31.634635379793338
2025-03-10 22:39:10,36.46015335023141
2025-03-10 23:39:10,34.73952818741644
2025-03-11 00:39:10,57.56775797531136
2025-03-11 01:39:10,57.21490227939479
2025-03-11 02:39:10,58.25243130472722
2025-03-11 03:39:10,70.91743115090061
2025-03-11 04:39:10,66.1958604412905
2025-03-11 05:39:10,79.08717479271917
2025-03-11 06:39:10,68.53105952509634
2025-03-11 07:39:10,73.04871279230352
2025-03-11 08:39:10,72.63834990725869
2025-03-11 09:39:10,65.73552628827873
2025-03-11 10:39:10,48.377908280178694
2025-03-11 11:39:10,66.89493960276442
2025-03-11 12:39:10,46.39411962834045
2025-03-11 13:39:10,53.53031242465593
2025-03-11 14:39:10,38.699957528205445
2025-03-11 15:39:10,41.41156454299697
2025-03-11 16:39:10,34.13420438901487
2025-03-11 17:39:10,29.982228209224544
2025-03-11 18:39:10,30.826079381008594
2025-03-11 19:39:10,30.46949661588017
2025-03-11 20:39:10,30.194308267300656
2025-03-11 21:39:10,29.22389875881278
2025-03-11 22:39:10,36.13641039883622
2025-03-11 23:39:10,41.31784894631219
2025-03-12 00:39:10,45.414741349175635
2025-03-12 01:39:10,45.00906523400312
2025-03-12 02:39:10,62.787677629260244
2025-03-12 03:39:10,53.327480848860276
2025-03-12 04:39:10,70.73987542399978
2025-03-12 05:39:10,67.38950325212059
2025-03-12 06:39:10,73.79377874427367
2025-03-12 07:39:10,67.45922865497036
2025-03-12 08:39:10,68.44000462793868
2025-03-12 09:39:10,68.68569018742676
2025-03-12 10:39:10,61.55452662962452
2025-03-12 11:39:10,63.00701688422861
2025-03-12 12:39:10,52.20674751953911
2025-03-12 13:39:10,47.886727501075015
2025-03-12 14:39:10,38.409050147282514
2025-03-12 15:39:10,41.00138663967856
2025-03-12 16:39:10,32.63714850086394
2025-03-12 17:39:10,32.644755938091116
2025-03-12 18:39:10,26.49658167945885
2025-03-12 19:39:10,28.721545106160068
2025-03-12 20:39:10,32.60936492110601
2025-03-12 21:39:10,45.712218741709584
2025-03-12 22:39:10,36.65255756739114
2025-03-12 23:39:10,50.93364850563364
2025-03-13 00:39:10,52.18333295132747
2025-03-13 01:39:10,48.562720620292595
2025-03-13 02:39:10,60.93892614919656
2025-03-13 03:39:10,66.79241427647135
2025-03-13 04:39:10,68.68875474305898
2025-03-13 05:39:10,69.1507769162611
2025-03-13 06:39:10,57.101703955604805
2025-03-13 07:39:10,76.95960474659074
2025-03-13 08:39:10,70.39252045688073
2025-03-13 09:39:10,66.71069668572159
2025-03-13 10:39:10,55.947086107977555
2025-03-13 11:39:10,45.924074096561114
2025-03-13 12:39:10,46.26518553007055
2025-03-13 13:39:10,51.09817077513182
2025-03-13 14:39:10,38.964813154395245
2025-03-13 15:39:10,35.59087959468455
2025-03-13 16:39:10,39.21361427703051
2025-03-13 17:39:10,27.29382874827156
2025-03-13 18:39:10,33.25424034672176
2025-03-13 19:39:10,31.82474606500826
2025-03-13 20:39:10,29.132320437291646
2025-03-13 21:39:10,30.46358816958974
2025-03-13 22:39:10,46.60402812387281
2025-03-13 23:39:10,47.75060830764272
2025-03-14 00:39:10,48.38544852327371
2025-03-14 01:39:10,52.634409289715336
2025-03-14 02:39:10,52.42179069488737
2025-03-14 03:39:10,64.36619897740708
2025-03-14 04:39:10,70.37130404248624
2025-03-14 05:39:10,63.244796747718716
2025-03-14 06:39:10,67.50748956958222
2025-03-14 07:39:10,61.39195470159801
2025-03-14 08:39:10,63.84467415073984
2025-03-14 09:39:10,56.556436149844636
2025-03-14 10:39:10,60.89966893588474
2025-03-14 11:39:10,57.53418997762927
2025-03-14 12:39:10,57.575219343005564
2025-03-14 13:39:10,35.746226314871436
2025-03-14 14:39:10,43.81897406543035
2025-03-14 15:39:10,43.19278337033832
2025-03-14 16:39:10,32.78166233996488
2025-03-14 17:39:10,31.123435630979
2025-03-14 18:39:10,30.37663232006929
2025-03-14 19:39:10,29.006362112211157
2025-03-14 20:39:10,39.79447387684318
2025-03-14 21:39:10,38.518822801760486
2025-03-14 22:39:10,44.1709969378659
2025-03-14 23:39:10,48.56799302691905
2025-03-15 00:39:10,46.239273189675416
2025-03-15 01:39:10,54.02713480142298
2025-03-15 02:39:10,52.63758558221284
2025-03-15 03:39:10,57.23779638525486
2025-03-15 04:39:10,60.7077359407551
2025-03-15 05:39:10,72.89772746605769
2025-03-15 06:39:10,75.52944120306047
2025-03-15 07:39:10,74.88403690322635
2025-03-15 08:39:10,70.17073083540126
2025-03-15 09:39:10,66.71727351183405
2025-03-15 10:39:10,66.9897689672805
2025-03-15 11:39:10,56.30029429290192
2025-03-15 12:39:10,52.621238710215536
2025-03-15 13:39:10,55.99425658542299
2025-03-15 14:39:10,43.76586896985783
2025-03-15 15:39:10,38.35123390580116
2025-03-15 16:39:10,34.76435721164505
2025-03-15 17:39:10,40.95286741651499
2025-03-15 18:39:10,32.55961324429982
2025-03-15 19:39:10,23.014616164731798
2025-03-15 20:39:10,36.458016393184515
2025-03-15 21:39:10,37.485468550954195
2025-03-15 22:39:10,48.22466811948796
2025-03-15 23:39:10,49.20959378453602
2025-03-16 00:39:10,46.260633254724176
2025-03-16 01:39:10,44.4741104438663
2025-03-16 02:39:10,56.31084751070155
2025-03-16 03:39:10,58.53665895500979
2025-03-16 04:39:10,66.76449908662363
2025-03-16 05:39:10,67.43283681312153
2025-03-16 06:39:10,72.75656867583002
2025-03-16 07:39:10,68.70609424948873
2025-03-16 08:39:10,66.46153480599621
2025-03-16 09:39:10,67.45588369630445
2025-03-16 10:39:10,64.0585967292757
2025-03-16 11:39:10,61.101388182049995
2025-03-16 12:39:10,52.49696640218638
2025-03-16 13:39:10,46.860979274067105
2025-03-16 14:39:10,54.593590760173484
2025-03-16 15:39:10,30.50605967533113
2025-03-16 16:39:10,40.0417356728903
2025-03-16 17:39:10,43.1225710603805
2025-03-16 18:39:10,39.61394337601766
2025-03-16 19:39:10,28.19488674026099
2025-03-16 20:39:10,38.281542827686756
2025-03-16 21:39:10,37.5958564369145
2025-03-16 22:39:10,55.326974082158294
2025-03-16 23:39:10,38.62957307923821
2025-03-17 00:39:10,47.98795479079759
2025-03-17 01:39:10,50.34583216911596
2025-03-17 02:39:10,51.55574008791781
2025-03-17 03:39:10,65.95572573046636
2025-03-17 04:39:10,68.28698945738306
2025-03-17 05:39:10,65.67423194288435
2025-03-17 06:39:10,59.615478939231906
2025-03-17 07:39:10,66.58047740283176
2025-03-17 08:39:10,69.79090155536028
2025-03-17 09:39:10,75.83477131781906
2025-03-17 10:39:10,68.30749795289069
2025-03-17 11:39:10,58.534363856066165
2025-03-17 12:39:10,51.99159428904964
2025-03-17 13:39:10,49.86296531145138
2025-03-17 14:39:10,42.79543341584434
2025-03-17 15:39:10,39.816025097329636
2025-03-17 16:39:10,25.807413757533116
2025-03-17 17:39:10,33.3733318108066
2025-03-17 18:39:10,35.820403925254325
2025-03-17 19:39:10,36.8835963600682
2025-03-17 20:39:10,30.361210822576837
2025-03-17 21:39:10,38.88222731095217
2025-03-17 22:39:10,41.58315026685254
2025-03-17 23:39:10,41.85629261551444
2025-03-18 00:39:10,48.642065606522806
2025-03-18 01:39:10,49.82608149783114
2025-03-18 02:39:10,61.607933147193044
2025-03-18 03:39:10,63.25170733109815
2025-03-18 04:39:10,72.55698634344562
2025-03-18 05:39:10,68.89516933775336
2025-03-18 06:39:10,64.60460552648378
2025-03-18 07:39:10,68.86428319494264
2025-03-18 08:39:10,59.61967081053308
2025-03-18 09:39:10,63.2961000417348
2025-03-18 10:39:10,58.30309371256269
2025-03-18 11:39:10,56.60628478552071
2025-03-18 12:39:10,45.18019061728393
2025-03-18 13:39:10,55.16529485850671
2025-03-18 14:39:10,41.092067136735416
2025-03-18 15:39:10,40.946522467165735
2025-03-18 16:39:10,34.021964124741125
2025-03-18 17:39:10,30.1168915724395
2025-03-18 18:39:10,22.422049449983895
2025-03-18 19:39:10,33.98977586747962
2025-03-18 20:39:10,37.98746499033543
2025-03-18 21:39:10,32.706276395045855
2025-03-18 22:39:10,42.32614486359274
2025-03-18 23:39:10,39.68961494563143
2025-03-19 00:39:10,55.475461500659954
2025-03-19 01:39:10,63.03239731588433
2025-03-19 02:39:10,68.66271487718446
2025-03-19 03:39:10,67.9618585457565
2025-03-19 04:39:10,69.80099248520935
2025-03-19 05:39:10,60.23518619204339
2025-03-19 06:39:10,70.95755267097377
2025-03-19 07:39:10,77.80931009611493
2025-03-19 08:39:10,58.37270310670066
2025-03-19 09:39:10,65.92592677092837
2025-03-19 10:39:10,55.88565901797392
2025-03-19 11:39:10,62.72583377291085
2025-03-19 12:39:10,54.517741621771435
2025-03-19 13:39:10,32.074801195962436
2025-03-19 14:39:10,37.47934605617728
2025-03-19 15:39:10,35.75384699507765
2025-03-19 16:39:10,25.82185842484118
2025-03-19 17:39:10,28.776585739787286
2025-03-19 18:39:10,27.879460306129
2025-03-19 19:39:10,30.947526959982195
2025-03-19 20:39:10,32.11854152731975
2025-03-19 21:39:10,36.631874357889096
2025-03-19 22:39:10,40.550883889904064
2025-03-19 23:39:10,41.05972133079166
2025-03-20 00:39:10,49.33733642179705
2025-03-20 01:39:10,51.54056791345705
2025-03-20 02:39:10,59.48632374701316
2025-03-20 03:39:10,67.66590795375015
2025-03-20 04:39:10,70.41974157445283
2025-03-20 05:39:10,59.39879650141416
2025-03-20 06:39:10,68.59688084794179
2025-03-20 07:39:10,68.08213915090387
2025-03-20 08:39:10,69.18121348499633
2025-03-20 09:39:10,64.88535870461484
2025-03-20 10:39:10,48.66474166163021
2025-03-20 11:39:10,52.87132520497971
2025-03-20 12:39:10,46.05313535694076
2025-03-20 13:39:10,44.325221588055214
2025-03-20 14:39:10,35.07513678051645
2025-03-20 15:39:10,35.33525184464796
2025-03-20 16:39:10,32.9225402863239
2025-03-20 17:39:10,30.149853621319682
2025-03-20 18:39:10,30.89064912385909
2025-03-20 19:39:10,23.67528475320043
2025-03-20 20:39:10,34.102905144036086
2025-03-20 21:39:10,35.87361973953239
2025-03-20 22:39:10,35.222453401008686
2025-03-20 23:39:10,42.497887777529684
2025-03-21 00:39:10,44.89412040058598
2025-03-21 01:39:10,64.29517901901659
2025-03-21 02:39:10,62.003240390090966
2025-03-21 03:39:10,61.68553856456808
2025-03-21 04:39:10,56.758420154365474
2025-03-21 05:39:10,73.68625642303442
2025-03-21 06:39:10,68.02656355536308
2025-03-21 07:39:10,73.48852750350598
2025-03-21 08:39:10,74.05440968799273
2025-03-21 09:39:10,66.19701920997647
2025-03-21 10:39:10,63.3207348707958
2025-03-21 11:39:10,59.789770549245006
2025-03-21 12:39:10,54.45106223813366
2025-03-21 13:39:10,39.07058218233749
2025-03-21 14:39:10,36.125959933595404
2025-03-21 15:39:10,29.3678511893761
2025-03-21 16:39:10,37.61297133548885
2025-03-21 17:39:10,29.656131361100368
2025-03-21 18:39:10,34.72696508515312
2025-03-21 19:39:10,21.150962284374415
2025-03-21 20:39:10,30.90173159558488
2025-03-21 21:39:10,43.16633424867218
2025-03-21 22:39:10,45.41752471862243
2025-03-21 23:39:10,45.647171781197436
2025-03-22 00:39:10,57.53690692601165
2025-03-22 01:39:10,48.09053484188363
2025-03-22 02:39:10,59.281739662659504
2025-03-22 03:39:10,60.09551080308397
2025-03-22 04:39:10,60.68467789958899
2025-03-22 05:39:10,72.57657538515623
2025-03-22 06:39:10,78.77111186967556
2025-03-22 07:39:10,79.7582028242847
2025-03-22 08:39:10,66.76294735700166
2025-03-22 09:39:10,63.72377298122751
2025-03-22 10:39:10,59.26310117840311
2025-03-22 11:39:10,59.45438480977804
2025-03-22 12:39:10,59.06700350586588
2025-03-22 13:39:10,51.52049816547969
2025-03-22 14:39:10,47.94193788235205
2025-03-22 15:39:10,35.02734082190948
2025-03-22 16:39:10,37.2522873766352
2025-03-22 17:39:10,30.006580582851292
2025-03-22 18:39:10,28.793533084905732
2025-03-22 19:39:10,30.801800351305584
2025-03-22 20:39:10,32.097706203111116
2025-03-22 21:39:10,35.09434218080792
2025-03-22 22:39:10,43.73538579826635
2025-03-22 23:39:10,42.34189208483878
2025-03-23 00:39:10,41.733735183828934
2025-03-23 01:39:10,55.573351655597946
2025-03-23 02:39:10,64.85304279404701
2025-03-23 03:39:10,66.09290383833793
2025-03-23 04:39:10,67.06249696233483
2025-03-23 05:39:10,79.34301779859638
2025-03-23 06:39:10,64.18180601041391
2025-03-23 07:39:10,73.65641657841635
2025-03-23 08:39:10,65.26970041272654
2025-03-23 09:39:10,65.37930315499418
2025-03-23 10:39:10,61.18868784845453
2025-03-23 11:39:10,60.53739383841488
2025-03-23 12:39:10,42.95623279097527
2025-03-23 13:39:10,46.268370345710956
2025-03-23 14:39:10,36.2666976300811
2025-03-23 15:39:10,35.84547497908736
2025-03-23 16:39:10,31.464839757404214
2025-03-23 17:39:10,29.31447532877317
2025-03-23 18:39:10,30.26797501837713
2025-03-23 19:39:10,29.388299792255495
2025-03-23 20:39:10,35.74187746246329
2025-03-23 21:39:10,25.63052951299302
2025-03-23 22:39:10,49.0008855406988
2025-03-23 23:39:10,48.977098892781214
2025-03-24 00:39:10,52.32227983378281
2025-03-24 01:39:10,59.312408666866624
2025-03-24 02:39:10,71.62841036693627
2025-03-24 03:39:10,63.893852385369556
2025-03-24 04:39:10,69.21504560761878
2025-03-24 05:39:10,60.51610039101115
2025-03-24 06:39:10,63.57382476974094
2025-03-24 07:39:10,79.61122700208013
2025-03-24 08:39:10,70.63042088170631
2025-03-24 09:39:10,65.04951138400102
2025-03-24 10:39:10,64.56812431146972
2025-03-24 11:39:10,55.712207840072686
2025-03-24 12:39:10,49.182552104034976
2025-03-24 13:39:10,45.67256527373298
2025-03-24 14:39:10,38.080272848216644
2025-03-24 15:39:10,39.661278700989826
2025-03-24 16:39:10,41.24454637053881
2025-03-24 17:39:10,34.07915142850632
2025-03-24 18:39:10,26.544890169863983
2025-03-24 19:39:10,27.14556491410653
2025-03-24 20:39:10,30.393653760649585
2025-03-24 21:39:10,36.39149502591451
2025-03-24 22:39:10,49.57942083132747
2025-03-24 23:39:10,43.027205778951085
2025-03-25 00:39:10,49.1735728382126
2025-03-25 01:39:10,58.39009722671643
2025-03-25 02:39:10,50.50760691529088
2025-03-25 03:39:10,68.30145239152488
2025-03-25 04:39:10,67.66199797677804
2025-03-25 05:39:10,65.97035984665916
2025-03-25 06:39:10,77.48018086447634
2025-03-25 07:39:10,71.30607424814804
2025-03-25 08:39:10,73.71074048883308
2025-03-25 09:39:10,66.56879410723224
2025-03-25 10:39:10,54.153526986617344
2025-03-25 11:39:10,46.94458790283052
2025-03-25 12:39:10,50.90985985356517
2025-03-25 13:39:10,47.889791201338454
2025-03-25 14:39:10,42.86905623395476
2025-03-25 15:39:10,37.87679381633483
2025-03-25 16:39:10,32.51205293008041
2025-03-25 17:39:10,27.53301141486543
2025-03-25 18:39:10,28.249676214524538
2025-03-25 19:39:10,34.85743346191963
2025-03-25 20:39:10,38.510516838290094
2025-03-25 21:39:10,48.11414165591572
2025-03-25 22:39:10,32.11277256170464
2025-03-25 23:39:10,37.46573946243969
2025-03-26 00:39:10,47.80305428035582
2025-03-26 01:39:10,57.42758133902696
2025-03-26 02:39:10,65.82843209844972
2025-03-26 03:39:10,54.60965417603161
2025-03-26 04:39:10,76.38119721734115
2025-03-26 05:39:10,67.16949378373654
2025-03-26 06:39:10,67.98838125931933
2025-03-26 07:39:10,63.7825071416669
2025-03-26 08:39:10,66.56571539007099
2025-03-26 09:39:10,60.745800818788055
2025-03-26 10:39:10,58.09623527463502
2025-03-26 11:39:10,52.19593539431639
2025-03-26 12:39:10,48.70024051833736
2025-03-26 13:39:10,41.40682641600664
2025-03-26 14:39:10,38.796763013204135
2025-03-26 15:39:10,38.85493357000035
2025-03-26 16:39:10,40.80452967866307
2025-03-26 17:39:10,33.2235140555917
2025-03-26 18:39:10,32.613772151240006
2025-03-26 19:39:10,32.080803342740076
2025-03-26 20:39:10,30.459036672720547
2025-03-26 21:39:10,31.14493111858897
2025-03-26 22:39:10,37.4954741353791
2025-03-26 23:39:10,42.605592266191955
2025-03-27 00:39:10,58.05628269916575
2025-03-27 01:39:10,59.53545946068003
2025-03-27 02:39:10,57.94789184597404
2025-03-27 03:39:10,63.85954394027523
2025-03-27 04:39:10,65.6005648309527
2025-03-27 05:39:10,65.32722042797049
2025-03-27 06:39:10,71.2373328193534
2025-03-27 07:39:10,78.81045433207154
2025-03-27 08:39:10,67.35853608820503
2025-03-27 09:39:10,63.60897824466156
2025-03-27 10:39:10,62.767368265566446
2025-03-27 11:39:10,57.64959741738789
2025-03-27 12:39:10,48.680534238363826
2025-03-27 13:39:10,44.15174539907563
2025-03-27 14:39:10,36.91100847072649
2025-03-27 15:39:10,38.02988728248184
2025-03-27 16:39:10,26.369844459597473
2025-03-27 17:39:10,30.348298075808902
2025-03-27 18:39:10,29.783703326083433
2025-03-27 19:39:10,27.88580811267775
2025-03-27 20:39:10,25.85849889398986
2025-03-27 21:39:10,36.16056188355932
2025-03-27 22:39:10,34.14762442009594
2025-03-27 23:39:10,43.204816603212045
2025-03-28 00:39:10,52.8619560274138
2025-03-28 01:39:10,54.92555365281306
2025-03-28 02:39:10,64.46394574376576
2025-03-28 03:39:10,68.28554952850094
2025-03-28 04:39:10,76.41705807272265
2025-03-28 05:39:10,63.703190088722
2025-03-28 06:39:10,70.58891778483253
2025-03-28 07:39:10,76.71754806280858
2025-03-28 08:39:10,71.74530388042331
2025-03-28 09:39:10,59.39626504848773
2025-03-28 10:39:10,62.7325221785487
2025-03-28 11:39:10,58.342693899556686
2025-03-28 12:39:10,42.88092776711769
2025-03-28 13:39:10,42.14442648546522
2025-03-28 14:39:10,42.978920740885314
2025-03-28 15:39:10,34.545637449251615
2025-03-28 16:39:10,32.77522277026876
2025-03-28 17:39:10,34.266532703018605
2025-03-28 18:39:10,25.312657675896578
2025-03-28 19:39:10,25.77176926702237
2025-03-28 20:39:10,34.77442608811788
2025-03-28 21:39:10,36.62197109509703
2025-03-28 22:39:10,42.28017385566301
2025-03-28 23:39:10,46.03111661550439
2025-03-29 00:39:10,47.30210785252082
2025-03-29 01:39:10,52.32588867387328
2025-03-29 02:39:10,58.701715196373286
2025-03-29 03:39:10,68.24747142374908
2025-03-29 04:39:10,66.59595772533152
2025-03-29 05:39:10,73.8468211125046
2025-03-29 06:39:10,77.84738415978485
2025-03-29 07:39:10,76.97267056323192
2025-03-29 08:39:10,65.49151548852224
2025-03-29 09:39:10,61.55220417733539
2025-03-29 10:39:10,56.886620389673034
2025-03-29 11:39:10,45.31744868739981
2025-03-29 12:39:10,45.49503382216605
2025-03-29 13:39:10,38.330254019984665
2025-03-29 14:39:10,44.73202180446222
2025-03-29 15:39:10,30.61425571306423
2025-03-29 16:39:10,28.277999646111684
2025-03-29 17:39:10,23.81928218542694
2025-03-29 18:39:10,23.708470144846196
2025-03-29 19:39:10,30.008276623322995
2025-03-29 20:39:10,31.805332465325993
2025-03-29 21:39:10,39.896229055383586
2025-03-29 22:39:10,53.50832073030841
2025-03-29 23:39:10,42.90106783182464
2025-03-30 00:39:10,53.36353614708356
2025-03-30 01:39:10,48.94796546699188
2025-03-30 02:39:10,54.9121506758103
2025-03-30 03:39:10,61.72600496572523
2025-03-30 04:39:10,68.51613033710834
2025-03-30 05:39:10,72.07692282516527
2025-03-30 06:39:10,69.57686835466043
2025-03-30 07:39:10,66.85262663690602
2025-03-30 08:39:10,61.34308776448969
2025-03-30 09:39:10,59.39687145598621
2025-03-30 10:39:10,60.7418969223714
2025-03-30 11:39:10,48.06137462255454
2025-03-30 12:39:10,42.32837082911091
2025-03-30 13:39:10,45.941278446524116
2025-03-30 14:39:10,45.21821109845115
2025-03-30 15:39:10,32.525303429007046
2025-03-30 16:39:10,27.149514907055817
2025-03-30 17:39:10,22.7262756196817
2025-03-30 18:39:10,25.9523957617194
2025-03-30 19:39:10,36.78823119265364
2025-03-30 20:39:10,31.533407392534127
2025-03-30 21:39:10,36.70065539952119
2025-03-30 22:39:10,44.75598460818533
2025-03-30 23:39:10,37.34120922655557
2025-03-31 00:39:10,50.018868881738236
2025-03-31 01:39:10,61.54429186131035
2025-03-31 02:39:10,62.08541036866364
2025-03-31 03:39:10,62.98920553360537
2025-03-31 04:39:10,60.851086031117596
2025-03-31 05:39:10,65.35559061632951
2025-03-31 06:39:10,62.769296582310965
2025-03-31 07:39:10,77.99147056988022
2025-03-31 08:39:10,72.33561835263633
2025-03-31 09:39:10,59.809633449392805
2025-03-31 10:39:10,58.17700990184613
2025-03-31 11:39:10,51.655029017259054
2025-03-31 12:39:10,48.097703692174925
2025-03-31 13:39:10,37.296694333075145
2025-03-31 14:39:10,42.83315579499021
2025-03-31 15:39:10,38.089815653284795
2025-03-31 16:39:10,27.405409397088345
2025-03-31 17:39:10,37.91625277897018
2025-03-31 18:39:10,25.961277346687357
2025-03-31 19:39:10,26.435851016034547
2025-03-31 20:39:10,34.16738516472472
2025-03-31 21:39:10,43.87224987507042
2025-03-31 22:39:10,42.224938444691404
2025-03-31 23:39:10,52.28752033215288
2025-04-01 00:39:10,50.304614933036326
2025-04-01 01:39:10,48.934636876162386
2025-04-01 02:39:10,54.06103591030373
2025-04-01 03:39:10,62.17294409694743
2025-04-01 04:39:10,67.44073958741711
2025-04-01 05:39:10,67.90784840421456
2025-04-01 06:39:10,69.84360103808562
2025-04-01 07:39:10,72.36684304480691
2025-04-01 08:39:10,67.59785427221036
2025-04-01 09:39:10,76.64052272429788
2025-04-01 10:39:10,58.42859386149831
2025-04-01 11:39:10,56.82683376540775
2025-04-01 12:39:10,54.9313945924478
2025-04-01 13:39:10,36.347968881532395
2025-04-01 14:39:10,29.77135617391793
2025-04-01 15:39:10,41.29161478526857
2025-04-01 16:39:10,42.329867651067744
2025-04-01 17:39:10,30.601930975744594
2025-04-01 18:39:10,29.551536689325726
2025-04-01 19:39:10,32.6894594527025
2025-04-01 20:39:10,31.21820473392087
2025-04-01 21:39:10,38.06750193996456
2025-04-01 22:39:10,46.23849246576136
2025-04-01 23:39:10,36.832540723972066
2025-04-02 00:39:10,64.72785638752286
2025-04-02 01:39:10,57.49722254856286
2025-04-02 02:39:10,69.26010836715777
2025-04-02 03:39:10,64.40958645678782
2025-04-02 04:39:10,64.2437340270907
2025-04-02 05:39:10,70.6746238068812
2025-04-02 06:39:10,72.88818598076186
2025-04-02 07:39:10,71.22250092740065
2025-04-02 08:39:10,63.966741986454565
2025-04-02 09:39:10,67.85884474514609
2025-04-02 10:39:10,53.564327202855516
2025-04-02 11:39:10,52.72477597739695
2025-04-02 12:39:10,48.3216686647462
2025-04-02 13:39:10,54.09592095557473
2025-04-02 14:39:10,34.40439813883113
2025-04-02 15:39:10,31.41015697998251
2025-04-02 16:39:10,35.46428300467959
2025-04-02 17:39:10,23.46273649568442
2025-04-02 18:39:10,34.61223508892334
2025-04-02 19:39:10,38.31174821580869
2025-04-02 20:39:10,33.872954268910895
2025-04-02 21:39:10,42.11446741214404
2025-04-02 22:39:10,39.83128812871063
2025-04-02 23:39:10,38.87436057887665
2025-04-03 00:39:10,38.72968250271935
2025-04-03 01:39:10,52.05372555279712
2025-04-03 02:39:10,53.15716963542946
2025-04-03 03:39:10,64.05578501324628
2025-04-03 04:39:10,61.733596415918306
2025-04-03 05:39:10,71.69737677108046
2025-04-03 06:39:10,67.6930310841434
2025-04-03 07:39:10,74.6184741546661
2025-04-03 08:39:10,68.13401887155959
2025-04-03 09:39:10,70.46464303398243
2025-04-03 10:39:10,55.61881966588399
2025-04-03 11:39:10,63.17686093093544
2025-04-03 12:39:10,47.140728075554925
2025-04-03 13:39:10,44.844422436208134
2025-04-03 14:39:10,37.85824279647221
2025-04-03 15:39:10,33.49707660076043
2025-04-03 16:39:10,33.52371301494936
2025-04-03 17:39:10,32.23097875459421
2025-04-03 18:39:10,29.688293274997598
2025-04-03 19:39:10,35.49755162294329
2025-04-03 20:39:10,43.97105648332415
2025-04-03 21:39:10,35.61852487577559
2025-04-03 22:39:10,26.35108652860065
2025-04-03 23:39:10,46.3460763542302
2025-04-04 00:39:10,56.74893464281467
2025-04-04 01:39:10,56.131796295288815
2025-04-04 02:39:10,58.94145802381601
2025-04-04 03:39:10,63.70431512329386
2025-04-04 04:39:10,68.56833377047249
2025-04-04 05:39:10,71.61140785057617
2025-04-04 06:39:10,68.26496891606
2025-04-04 07:39:10,78.50615164222883
2025-04-04 08:39:10,66.418251181731
2025-04-04 09:39:10,71.66195881038976
2025-04-04 10:39:10,54.05612990414097
2025-04-04 11:39:10,61.14562934946861
2025-04-04 12:39:10,54.17369724897128
2025-04-04 13:39:10,40.31274271886124
2025-04-04 14:39:10,39.90317672200028
2025-04-04 15:39:10,34.97744571686954
2025-04-04 16:39:10,25.215257701703003
2025-04-04 17:39:10,32.531562476344874
2025-04-04 18:39:10,33.47996455030086
2025-04-04 19:39:10,32.02323947159217
2025-04-04 20:39:10,29.64549850340652
2025-04-04 21:39:10,34.34318549037508
2025-04-04 22:39:10,33.290641818269236
2025-04-04 23:39:10,41.54615619278115
2025-04-05 00:39:10,45.41225165614937
2025-04-05 01:39:10,53.318255462749185
2025-04-05 02:39:10,63.916398590331674
2025-04-05 03:39:10,70.09153968487877
2025-04-05 04:39:10,69.9611961181381
2025-04-05 05:39:10,69.85786351362466
2025-04-05 06:39:10,62.50441967855743
2025-04-05 07:39:10,59.690110812620325
2025-04-05 08:39:10,61.36900696382885
2025-04-05 09:39:10,65.68588072687665
2025-04-05 10:39:10,61.04438268156245
2025-04-05 11:39:10,54.402262101966016
2025-04-05 12:39:10,56.57676195799987
2025-04-05 13:39:10,49.444033185143645
2025-04-05 14:39:10,45.53902265426574
2025-04-05 15:39:10,34.90951769987782
2025-04-05 16:39:10,36.61450876367575
2025-04-05 17:39:10,26.73593448595015
2025-04-05 18:39:10,31.347828785802147
2025-04-05 19:39:10,29.8075394948248
2025-04-05 20:39:10,24.199016335999033
2025-04-05 21:39:10,38.048373601835785
2025-04-05 22:39:10,40.056787966312925
2025-04-05 23:39:10,47.78206495102143
2025-04-06 00:39:10,47.28338934291952
2025-04-06 01:39:10,62.54177806383835
2025-04-06 02:39:10,58.33954698401564
2025-04-06 03:39:10,65.12198436160881
2025-04-06 04:39:10,63.15890391568627
2025-04-06 05:39:10,61.61618949192446
2025-04-06 06:39:10,71.7792259022831
2025-04-06 07:39:10,66.33292812814648
2025-04-06 08:39:10,70.10544593658088
2025-04-06 09:39:10,66.70100328759472
2025-04-06 10:39:10,56.27230087431868
2025-04-06 11:39:10,61.457989807369884
2025-04-06 12:39:10,52.515767336069786
2025-04-06 13:39:10,48.949627056293885
2025-04-06 14:39:10,37.71548626252385
2025-04-06 15:39:10,37.185467114668825
2025-04-06 16:39:10,25.89602517084908
2025-04-06 17:39:10,17.748832098530414
2025-04-06 18:39:10,28.211727682659628
2025-04-06 19:39:10,35.46142008044694
2025-04-06 20:39:10,33.92308557675169
2025-04-06 21:39:10,27.847194914474215
2025-04-06 22:39:10,50.31674115587505
2025-04-06 23:39:10,32.59524415219755
2025-04-07 00:39:10,52.1041039079537
2025-04-07 01:39:10,63.85754106171697
2025-04-07 02:39:10,69.91182447365236
2025-04-07 03:39:10,59.63149122183576
2025-04-07 04:39:10,61.23655376570217
2025-04-07 05:39:10,69.15532933578879
2025-04-07 06:39:10,62.888892851897765
2025-04-07 07:39:10,74.16929567361665
2025-04-07 08:39:10,74.33461868614226
2025-04-07 09:39:10,69.51539439101839
2025-04-07 10:39:10,60.86604935467489
2025-04-07 11:39:10,53.38729709014816
2025-04-07 12:39:10,56.25004512415469
2025-04-07 13:39:10,44.32931577750778
2025-04-07 14:39:10,38.01886375110886
2025-04-07 15:39:10,37.04558860027107
2025-04-07 16:39:10,35.105077763112355
2025-04-07 17:39:10,34.06261579133764
2025-04-07 18:39:10,30.699020826490166
2025-04-07 19:39:10,37.99007375133986
2025-04-07 20:39:10,32.66280262129409
2025-04-07 21:39:10,37.00405749168198
2025-04-07 22:39:10,38.79357432404984
2025-04-07 23:39:10,48.20537434802778
2025-04-08 00:39:10,53.58247527896351
2025-04-08 01:39:10,63.39031819657762
2025-04-08 02:39:10,65.71797886528869
2025-04-08 03:39:10,64.4137857404228
2025-04-08 04:39:10,68.57510766186375
2025-04-08 05:39:10,73.85996188783076
2025-04-08 06:39:10,72.27144607961083
2025-04-08 07:39:10,63.14860182724994
2025-04-08 08:39:10,66.71587718238914
2025-04-08 09:39:10,68.9800368841988
2025-04-08 10:39:10,48.61955497706593
2025-04-08 11:39:10,61.510520994347935
2025-04-08 12:39:10,46.24815412875945
2025-04-08 13:39:10,42.71533341240741
2025-04-08 14:39:10,47.86539308756575
2025-04-08 15:39:10,34.996888286220646
2025-04-08 16:39:10,35.398699598253096
2025-04-08 17:39:10,27.981383942915247
2025-04-08 18:39:10,39.40359666049284
2025-04-08 19:39:10,28.79417746271014
2025-04-08 20:39:10,26.718494940112965
2025-04-08 21:39:10,32.85070624182039
2025-04-08 22:39:10,46.72396017251977
2025-04-08 23:39:10,47.1849962516246
2025-04-09 00:39:10,53.478245489404394
2025-04-09 01:39:10,56.19928481173865
2025-04-09 02:39:10,62.210100034670525
2025-04-09 03:39:10,71.59445299994496
2025-04-09 04:39:10,63.04447945425357
2025-04-09 05:39:10,71.26148083848287
2025-04-09 06:39:10,70.10964033663376
2025-04-09 07:39:10,69.75206947167345
2025-04-09 08:39:10,69.4814315818774
2025-04-09 09:39:10,60.59581038072137
2025-04-09 10:39:10,66.33595762613041
2025-04-09 11:39:10,51.057389473074366
2025-04-09 12:39:10,52.268195556677995
2025-04-09 13:39:10,50.630119449125516
2025-04-09 14:39:10,52.247062548879356
2025-04-09 15:39:10,46.15838348672001
2025-04-09 16:39:10,29.59927472079924
2025-04-09 17:39:10,34.807396706753195
2025-04-09 18:39:10,30.123232752218343
2025-04-09 19:39:10,34.92153119228677
2025-04-09 20:39:10,32.078202396518115
2025-04-09 21:39:10,32.136593877700086
2025-04-09 22:39:10,41.35797001932532
2025-04-09 23:39:10,51.63182960970853
2025-04-10 00:39:10,53.288307491584156
2025-04-10 01:39:10,53.97103120647274
2025-04-10 02:39:10,57.19939102466057
2025-04-10 03:39:10,64.97586645388817
2025-04-10 04:39:10,68.87650159296231
2025-04-10 05:39:10,72.38698108091265
2025-04-10 06:39:10,75.76818782581395
2025-04-10 07:39:10,72.9093760704565
2025-04-10 08:39:10,77.03793580585268
2025-04-10 09:39:10,65.38066700119062
2025-04-10 10:39:10,53.564090442852894
2025-04-10 11:39:10,64.82268584807261
2025-04-10 12:39:10,51.89046255748653
2025-04-10 13:39:10,51.85498473425648
2025-04-10 14:39:10,38.31876421272322
2025-04-10 15:39:10,34.42726592558095
2025-04-10 16:39:10,26.96786775438683
2025-04-10 17:39:10,32.71368069828474
2025-04-10 18:39:10,28.583663393462004
2025-04-10 19:39:10,29.925183313943776
2025-04-10 20:39:10,29.248336108137167
2025-04-10 21:39:10,33.24386429070716
2025-04-10 22:39:10,41.71005047556649
2025-04-10 23:39:10,46.00215975505222
2025-04-11 00:39:10,48.56712146975602
2025-04-11 01:39:10,47.14297420377268
2025-04-11 02:39:10,58.9488753940688
2025-04-11 03:39:10,64.2664486270822
2025-04-11 04:39:10,64.70860893878036
2025-04-11 05:39:10,63.99870949845707
2025-04-11 06:39:10,57.97547762524374
2025-04-11 07:39:10,69.2226606542896
2025-04-11 08:39:10,70.20213446821101
2025-04-11 09:39:10,66.53620198689936
2025-04-11 10:39:10,61.333476784880375
2025-04-11 11:39:10,60.89425112148415
2025-04-11 12:39:10,56.03636311302767
2025-04-11 13:39:10,45.02526340267872
2025-04-11 14:39:10,47.5353668160616
2025-04-11 15:39:10,42.084248921381054
2025-04-11 16:39:10,26.048414589426102
2025-04-11 17:39:10,32.23568841871332
2025-04-11 18:39:10,33.0274645150638
2025-04-11 19:39:10,25.34270846640259
2025-04-11 20:39:10,34.30445145274502
2025-04-11 21:39:10,41.500529084485045
2025-04-11 22:39:10,46.23270884437443
2025-04-11 23:39:10,43.420803866145825
2025-04-12 00:39:10,52.175053863493495
2025-04-12 01:39:10,65.76582778469033
2025-04-12 02:39:10,62.56225713501984
2025-04-12 03:39:10,64.70695292475564
2025-04-12 04:39:10,64.42105281192443
2025-04-12 05:39:10,63.05284125791236
2025-04-12 06:39:10,72.0143893300089
2025-04-12 07:39:10,57.34421909082811
2025-04-12 08:39:10,77.12080506213368
2025-04-12 09:39:10,52.737842586913715
2025-04-12 10:39:10,57.565627566691425
2025-04-12 11:39:10,50.228908072301834
2025-04-12 12:39:10,56.502825661858715
2025-04-12 13:39:10,37.27706485517392
2025-04-12 14:39:10,36.95972124818874
2025-04-12 15:39:10,31.28520789114797
2025-04-12 16:39:10,39.84109023542221
2025-04-12 17:39:10,28.67758455156241
2025-04-12 18:39:10,29.553292006768096
2025-04-12 19:39:10,32.71553819981559
2025-04-12 20:39:10,32.50590001934754
2025-04-12 21:39:10,23.439778506713058
2025-04-12 22:39:10,41.30973015386178
2025-04-12 23:39:10,40.63338391815528
2025-04-13 00:39:10,51.65474204461343
2025-04-13 01:39:10,61.67925310653844
2025-04-13 02:39:10,62.87643475468836
2025-04-13 03:39:10,59.18502959252762
2025-04-13 04:39:10,69.42149210265018
2025-04-13 05:39:10,69.41905112956324
2025-04-13 06:39:10,64.59278391040615
2025-04-13 07:39:10,65.80221478424215
2025-04-13 08:39:10,65.27561703543608
2025-04-13 09:39:10,68.83578961398271
2025-04-13 10:39:10,59.289426175100736
2025-04-13 11:39:10,66.08582410319158
2025-04-13 12:39:10,53.03323766395264
2025-04-13 13:39:10,41.23914241869804
2025-04-13 14:39:10,43.61363690242128
2025-04-13 15:39:10,30.686613059304563
2025-04-13 16:39:10,32.52196811924107
2025-04-13 17:39:10,32.43244264210369
2025-04-13 18:39:10,36.75650644140849
2025-04-13 19:39:10,18.024491911979037
2025-04-13 20:39:10,32.67231688156536
2025-04-13 21:39:10,46.28631758785764
2025-04-13 22:39:10,44.913986244479275
2025-04-13 23:39:10,50.31972713407281
2025-04-14 00:39:10,40.4150780132753
2025-04-14 01:39:10,59.12160441691121
2025-04-14 02:39:10,55.14118575181724
2025-04-14 03:39:10,62.386291676608494
2025-04-14 04:39:10,69.49307218980071
2025-04-14 05:39:10,68.95121734263873
2025-04-14 06:39:10,71.11256575447909
2025-04-14 07:39:10,71.47124302797616
2025-04-14 08:39:10,55.853180311605996
2025-04-14 09:39:10,54.47127296956945
2025-04-14 10:39:10,68.81500740462229
2025-04-14 11:39:10,53.53728261049375
2025-04-14 12:39:10,51.54639784796846
2025-04-14 13:39:10,45.981704784719184
2025-04-14 14:39:10,44.462738363685546
2025-04-14 15:39:10,31.24862323960279
2025-04-14 16:39:10,29.463762778051958
2025-04-14 17:39:10,29.552312119589427
2025-04-14 18:39:10,28.72720300601005
2025-04-14 19:39:10,29.91542082244067
2025-04-14 20:39:10,36.90161785077054
2025-04-14 21:39:10,41.73692790374765
2025-04-14 22:39:10,28.99723039452055
2025-04-14 23:39:10,43.72774682117888
2025-04-15 00:39:10,51.72665876754211
2025-04-15 01:39:10,60.44281087171765
2025-04-15 02:39:10,67.36280418606421
2025-04-15 03:39:10,69.53009025735021
2025-04-15 04:39:10,69.35317848004395
2025-04-15 05:39:10,67.1988036391203
2025-04-15 06:39:10,74.97348943781141
2025-04-15 07:39:10,67.99358900271828
2025-04-15 08:39:10,72.65183852370481
2025-04-15 09:39:10,61.56443946226865
2025-04-15 10:39:10,61.43862230168454
2025-04-15 11:39:10,54.05874506615695
2025-04-15 12:39:10,41.45913738491544
2025-04-15 13:39:10,38.39646175941717
2025-04-15 14:39:10,41.02773467073897
2025-04-15 15:39:10,48.50080718779762
2025-04-15 16:39:10,37.49910906950305
2025-04-15 17:39:10,28.703577288018693
2025-04-15 18:39:10,28.344127979867338
2025-04-15 19:39:10,30.36556982381429
2025-04-15 20:39:10,33.2314282911288
2025-04-15 21:39:10,40.810009006099094
2025-04-15 22:39:10,33.58041241552985
2025-04-15 23:39:10,34.89531213687161
2025-04-16 00:39:10,51.69697694405976
2025-04-16 01:39:10,58.90149368265575
2025-04-16 02:39:10,61.719140525284544
2025-04-16 03:39:10,63.320133843931124
2025-04-16 04:39:10,67.51683062958344
2025-04-16 05:39:10,73.09135910773051
2025-04-16 06:39:10,81.59147603364967
2025-04-16 07:39:10,69.49520076902368
2025-04-16 08:39:10,69.24137265992904
2025-04-16 09:39:10,58.62602508883672
2025-04-16 10:39:10,58.92004766051549
2025-04-16 11:39:10,57.71849575105742
2025-04-16 12:39:10,46.68201319061654
2025-04-16 13:39:10,41.15361627332086
2025-04-16 14:39:10,35.93942056846526
2025-04-16 15:39:10,38.43000191655721
2025-04-16 16:39:10,37.39798688498511
2025-04-16 17:39:10,35.372855938722296
2025-04-16 18:39:10,22.00558612586177
2025-04-16 19:39:10,33.417343595123604
2025-04-16 20:39:10,39.031686878293016
2025-04-16 21:39:10,26.51222199380557
2025-04-16 22:39:10,34.0302870267724
2025-04-16 23:39:10,48.25678762253137
2025-04-17 00:39:10,43.78568358106207
2025-04-17 01:39:10,58.714397042502384
2025-04-17 02:39:10,53.05071928489932
2025-04-17 03:39:10,54.915410330081826
2025-04-17 04:39:10,68.17852891523948
2025-04-17 05:39:10,64.3325966758128
2025-04-17 06:39:10,62.849884214203776
2025-04-17 07:39:10,80.29132933736105
2025-04-17 08:39:10,81.4088997222038
2025-04-17 09:39:10,59.07296268388708
2025-04-17 10:39:10,51.2953141813276
2025-04-17 11:39:10,51.024817273257455
2025-04-17 12:39:10,46.65444667504273
2025-04-17 13:39:10,49.22333360638441
2025-04-17 14:39:10,40.030949561398295
2025-04-17 15:39:10,33.69613911076233
2025-04-17 16:39:10,36.704905519708866
2025-04-17 17:39:10,31.951298742466175
2025-04-17 18:39:10,28.956809096718054
2025-04-17 19:39:10,26.636047417276984
2025-04-17 20:39:10,30.01788964529774
2025-04-17 21:39:10,38.47707490406874
2025-04-17 22:39:10,44.71492845177312
2025-04-17 23:39:10,45.34827956733265
2025-04-18 00:39:10,63.27145966108329
2025-04-18 01:39:10,52.034072557604674
2025-04-18 02:39:10,62.87462706535617
2025-04-18 03:39:10,58.527486001745714
2025-04-18 04:39:10,59.54883536186993
2025-04-18 05:39:10,78.8962377913941
2025-04-18 06:39:10,60.93357889961318
2025-04-18 07:39:10,61.54055763980149
2025-04-18 08:39:10,65.47443204922253
2025-04-18 09:39:10,53.72244569954981
2025-04-18 10:39:10,79.51328797829855
2025-04-18 11:39:10,52.75737966914673
2025-04-18 12:39:10,55.44422988473111
2025-04-18 13:39:10,44.40897400703572
2025-04-18 14:39:10,41.22420588123323
2025-04-18 15:39:10,27.514830735349175
2025-04-18 16:39:10,27.243256540867243
2025-04-18 17:39:10,35.78398060003378
2025-04-18 18:39:10,36.45335246639286
2025-04-18 19:39:10,33.52701799465217
2025-04-18 20:39:10,37.45824302122629
2025-04-18 21:39:10,41.715304301237296
2025-04-18 22:39:10,42.32914946414121
2025-04-18 23:39:10,42.730588595791765
2025-04-19 00:39:10,49.36480815946518
2025-04-19 01:39:10,56.131181446763165
2025-04-19 02:39:10,61.57263996463694
2025-04-19 03:39:10,70.6523179310567
2025-04-19 04:39:10,76.74534710213302
2025-04-19 05:39:10,73.59967580812751
2025-04-19 06:39:10,69.63155036123457
2025-04-19 07:39:10,60.305198039418656
2025-04-19 08:39:10,74.9767701692463
2025-04-19 09:39:10,66.80012675791832
2025-04-19 10:39:10,70.41198205412957
2025-04-19 11:39:10,57.14466979080563
2025-04-19 12:39:10,54.708973711964475
2025-04-19 13:39:10,42.59819038862555
2025-04-19 14:39:10,42.492682602448724
2025-04-19 15:39:10,30.864486891679043
2025-04-19 16:39:10,33.17998304677119
2025-04-19 17:39:10,37.84366911400022
2025-04-19 18:39:10,34.11574284323589
2025-04-19 19:39:10,27.772065866053183
2025-04-19 20:39:10,28.4986406953563
2025-04-19 21:39:10,29.68249835402333
2025-04-19 22:39:10,46.3121279639048
2025-04-19 23:39:10,48.03860149327017
2025-04-20 00:39:10,51.05399179080653
2025-04-20 01:39:10,52.772014413278086
2025-04-20 02:39:10,57.240693029122454
2025-04-20 03:39:10,63.2627037926674
2025-04-20 04:39:10,64.15785328282865
2025-04-20 05:39:10,68.20550117262309
2025-04-20 06:39:10,75.56242406748642
2025-04-20 07:39:10,71.42065112865963
2025-04-20 08:39:10,71.1754498438999
2025-04-20 09:39:10,61.88186977957006
2025-04-20 10:39:10,64.9570551798524
2025-04-20 11:39:10,48.71284862486707
2025-04-20 12:39:10,51.67362461245526
2025-04-20 13:39:10,45.84195093592322
2025-04-20 14:39:10,41.469484218072324
2025-04-20 15:39:10,35.19754245800367
2025-04-20 16:39:10,34.92408318982439
2025-04-20 17:39:10,35.029645898459
2025-04-20 18:39:10,34.09935376593379
2025-04-20 19:39:10,19.78689032773945
2025-04-20 20:39:10,25.56700083052046
2025-04-20 21:39:10,41.399720119630864
2025-04-20 22:39:10,34.13805998689589
2025-04-20 23:39:10,43.61812405365889
2025-04-21 00:39:10,41.540266943078194
2025-04-21 01:39:10,67.47416275261429
2025-04-21 02:39:10,60.617900403369305
2025-04-21 03:39:10,55.47348261811038
2025-04-21 04:39:10,69.5163514744523
2025-04-21 05:39:10,70.157692408959
2025-04-21 06:39:10,66.85573468256332
2025-04-21 07:39:10,72.85797584333764
2025-04-21 08:39:10,74.54303309125902
2025-04-21 09:39:10,57.495855303841495
2025-04-21 10:39:10,55.961957109573795
2025-04-21 11:39:10,45.91189486650393
2025-04-21 12:39:10,44.61586000952176
2025-04-21 13:39:10,47.64524383978265
2025-04-21 14:39:10,35.94458208968615
2025-04-21 15:39:10,27.358033738152198
2025-04-21 16:39:10,44.180832624954675
2025-04-21 17:39:10,29.42372969870998
2025-04-21 18:39:10,38.40356669723471
2025-04-21 19:39:10,27.52374320372277
2025-04-21 20:39:10,34.72209203545749
2025-04-21 21:39:10,40.118744004196635
2025-04-21 22:39:10,35.38245458808001
2025-04-21 23:39:10,58.11176935168908
2025-04-22 00:39:10,52.23084493944523
2025-04-22 01:39:10,63.39545337021068
2025-04-22 02:39:10,62.67761221939043
2025-04-22 03:39:10,62.75061312098576
2025-04-22 04:39:10,66.20452994868424
2025-04-22 05:39:10,77.01941571587489
2025-04-22 06:39:10,71.12500553453305
2025-04-22 07:39:10,69.25023639078604
2025-04-22 08:39:10,65.31539423838323
2025-04-22 09:39:10,60.73060190090442
2025-04-22 10:39:10,73.52616503118497
2025-04-22 11:39:10,52.09016738264119
2025-04-22 12:39:10,45.80932600215314
2025-04-22 13:39:10,48.62901428295228
2025-04-22 14:39:10,33.46342672517382
2025-04-22 15:39:10,35.06073515942924
2025-04-22 16:39:10,35.83318101396033
2025-04-22 17:39:10,36.94979497860229
2025-04-22 18:39:10,28.484067233448364
2025-04-22 19:39:10,31.200936539546355
2025-04-22 20:39:10,32.59319165606844
2025-04-22 21:39:10,39.17118594383318
2025-04-22 22:39:10,45.429813871176584
2025-04-22 23:39:10,43.32039162056562
2025-04-23 00:39:10,57.63315585260052
2025-04-23 01:39:10,52.97656470897864
2025-04-23 02:39:10,51.39882575511934
2025-04-23 03:39:10,71.48193981538186
2025-04-23 04:39:10,57.75605446145106
2025-04-23 05:39:10,69.53449051817942
2025-04-23 06:39:10,68.19615840799466
2025-04-23 07:39:10,69.47148143774139
2025-04-23 08:39:10,72.58215599201702
2025-04-23 09:39:10,64.55275508330429
2025-04-23 10:39:10,68.48241278908164
2025-04-23 11:39:10,58.720419338384595
2025-04-23 12:39:10,48.63495929201341
2025-04-23 13:39:10,49.594926713594724
2025-04-23 14:39:10,36.71853579442051
2025-04-23 15:39:10,43.4432736367199
2025-04-23 16:39:10,33.41372947668425
2025-04-23 17:39:10,26.18425214497588
2025-04-23 18:39:10,24.612086588163656
2025-04-23 19:39:10,36.05238348450845
2025-04-23 20:39:10,26.322508832749534
2025-04-23 21:39:10,33.42937430079591
2025-04-23 22:39:10,33.043389939081194
2025-04-23 23:39:10,46.01406504747119
2025-04-24 00:39:10,54.7196558808258
2025-04-24 01:39:10,54.65347495508386
2025-04-24 02:39:10,62.97445642966141
2025-04-24 03:39:10,50.297032825279544
2025-04-24 04:39:10,70.33929357563296
2025-04-24 05:39:10,62.127014718555934
2025-04-24 06:39:10,66.13205770204641
2025-04-24 07:39:10,69.54685149303832
2025-04-24 08:39:10,71.2940288335308
2025-04-24 09:39:10,66.24263676945367
2025-04-24 10:39:10,57.51200169660638
2025-04-24 11:39:10,48.619145237210276
2025-04-24 12:39:10,35.50273663607051
2025-04-24 13:39:10,48.412477428711135
2025-04-24 14:39:10,37.569265084702224
2025-04-24 15:39:10,36.57476560610505
2025-04-24 16:39:10,37.240543809975904
2025-04-24 17:39:10,37.69037763230079
2025-04-24 18:39:10,22.180952561443902
2025-04-24 19:39:10,30.782783573310518
2025-04-24 20:39:10,40.84261948440138
2025-04-24 21:39:10,36.580524089537384
2025-04-24 22:39:10,42.467519926527416
2025-04-24 23:39:10,46.243955537645256
2025-04-25 00:39:10,41.484429369328296
2025-04-25 01:39:10,62.160796577177514
2025-04-25 02:39:10,61.35647536842413
2025-04-25 03:39:10,54.77754958300472
2025-04-25 04:39:10,73.22786408136142
2025-04-25 05:39:10,70.6427971211879
2025-04-25 06:39:10,67.88051984139781
2025-04-25 07:39:10,67.1383097821526
2025-04-25 08:39:10,57.91940088564614
2025-04-25 09:39:10,64.94964949549521
2025-04-25 10:39:10,57.59129771334494
2025-04-25 11:39:10,56.74194372789686
2025-04-25 12:39:10,56.09547977042745
2025-04-25 13:39:10,45.432158344896806
2025-04-25 14:39:10,44.358698695765
2025-04-25 15:39:10,38.20851142578718
2025-04-25 16:39:10,29.015289619655597
2025-04-25 17:39:10,19.83486514325653
2025-04-25 18:39:10,28.50475578725329
2025-04-25 19:39:10,40.330490058560756
2025-04-25 20:39:10,38.573197678823554
2025-04-25 21:39:10,22.846786397346115
2025-04-25 22:39:10,35.32743283620947
2025-04-25 23:39:10,40.091583436467815
2025-04-26 00:39:10,58.02709593394069
2025-04-26 01:39:10,57.194495798865354
2025-04-26 02:39:10,52.06502990041737
2025-04-26 03:39:10,68.44845321631085
2025-04-26 04:39:10,64.97458215621697
2025-04-26 05:39:10,70.36958217780538
2025-04-26 06:39:10,71.10080221258974
2025-04-26 07:39:10,67.75644770433722
2025-04-26 08:39:10,70.48212474046026
2025-04-26 09:39:10,65.09270189938978
2025-04-26 10:39:10,54.27233546080219
2025-04-26 11:39:10,48.388980299429676
2025-04-26 12:39:10,46.67977933501295
2025-04-26 13:39:10,39.35906923006608
2025-04-26 14:39:10,38.9528994034152
2025-04-26 15:39:10,31.010574616269604
2025-04-26 16:39:10,38.15245549256239
2025-04-26 17:39:10,41.255309171484754
2025-04-26 18:39:10,23.297217332728767
2025-04-26 19:39:10,35.70595434166318
2025-04-26 20:39:10,20.796107165896593
2025-04-26 21:39:10,33.80577481219703
2025-04-26 22:39:10,43.95822551466423
2025-04-26 23:39:10,43.719155385168015
2025-04-27 00:39:10,48.019950508474665
2025-04-27 01:39:10,65.44062019804802
2025-04-27 02:39:10,66.64453153386661
2025-04-27 03:39:10,61.70236349150136
2025-04-27 04:39:10,61.61625204784891
2025-04-27 05:39:10,67.97957034491142
2025-04-27 06:39:10,66.99784857809775
2025-04-27 07:39:10,69.16278029368702
2025-04-27 08:39:10,77.66516191042447
2025-04-27 09:39:10,68.82439928825823
2025-04-27 10:39:10,64.88548909929952
2025-04-27 11:39:10,54.52813482540702
2025-04-27 12:39:10,48.483091794910656
2025-04-27 13:39:10,36.2547605685779
2025-04-27 14:39:10,45.71497975594546
2025-04-27 15:39:10,38.189746433741206
2025-04-27 16:39:10,22.07191539093915
2025-04-27 17:39:10,28.27250811030914
2025-04-27 18:39:10,35.69579730902048
2025-04-27 19:39:10,23.629693342062293
2025-04-27 20:39:10,27.46528540365376
2025-04-27 21:39:10,29.60779893708431
2025-04-27 22:39:10,42.107705711637216
2025-04-27 23:39:10,56.93279476515564
2025-04-28 00:39:10,55.1591418839395
2025-04-28 01:39:10,52.64946966703346
2025-04-28 02:39:10,52.602753622588
2025-04-28 03:39:10,61.96859129874588
2025-04-28 04:39:10,62.71676510034748
2025-04-28 05:39:10,58.87398939603102
2025-04-28 06:39:10,72.6433614620019
2025-04-28 07:39:10,67.67580089335746
2025-04-28 08:39:10,58.98713350372378
2025-04-28 09:39:10,69.82348200174184
2025-04-28 10:39:10,67.46064228107348
2025-04-28 11:39:10,66.09959974477846
2025-04-28 12:39:10,45.59477243686831
2025-04-28 13:39:10,40.33469820508584
2025-04-28 14:39:10,43.702389474000746
2025-04-28 15:39:10,33.343406368641915
2025-04-28 16:39:10,32.72246273773299
2025-04-28 17:39:10,35.755191696152046
2025-04-28 18:39:10,31.420855405486527
2025-04-28 19:39:10,27.167485983265035
2025-04-28 20:39:10,34.57621192503807
2025-04-28 21:39:10,46.19159091660573
2025-04-28 22:39:10,40.49408486219538
2025-04-28 23:39:10,50.657236253822525
2025-04-29 00:39:10,46.80710153856017
2025-04-29 01:39:10,50.613567690504254
2025-04-29 02:39:10,65.37603024935686
2025-04-29 03:39:10,71.69231955029586
2025-04-29 04:39:10,67.71154357881578
2025-04-29 05:39:10,71.67015180982423
2025-04-29 06:39:10,63.47094723008304
2025-04-29 07:39:10,65.33628678795806
2025-04-29 08:39:10,60.30590293769373
2025-04-29 09:39:10,69.4946558117039
2025-04-29 10:39:10,63.023948876414316
2025-04-29 11:39:10,57.14575740062937
2025-04-29 12:39:10,46.223788695870624
2025-04-29 13:39:10,51.29704068533543
2025-04-29 14:39:10,41.90894174955958
2025-04-29 15:39:10,41.48728145036026
2025-04-29 16:39:10,33.3448994621222
2025-04-29 17:39:10,34.24918350333443
2025-04-29 18:39:10,41.35736423164226
2025-04-29 19:39:10,36.850326644427895
2025-04-29 20:39:10,30.917244098639557
2025-04-29 21:39:10,35.04564827593317
2025-04-29 22:39:10,41.419887340003676
2025-04-29 23:39:10,50.20866753620408
2025-04-30 00:39:10,50.54244031713528
2025-04-30 01:39:10,59.18415992937613
2025-04-30 02:39:10,59.39524807779143
2025-04-30 03:39:10,60.198117142070316
2025-04-30 04:39:10,65.06790862112054
2025-04-30 05:39:10,75.14215228452294
2025-04-30 06:39:10,72.71839625549559
2025-04-30 07:39:10,67.26078229190384
2025-04-30 08:39:10,63.128093712024295
2025-04-30 09:39:10,64.18133468800326
2025-04-30 10:39:10,63.123124875380164
2025-04-30 11:39:10,53.07654286505887
2025-04-30 12:39:10,58.648715480437225
2025-04-30 13:39:10,48.244773658060296
2025-04-30 14:39:10,44.18568319557384
2025-04-30 15:39:10,39.865498162179755
2025-04-30 16:39:10,30.240757484939277
2025-04-30 17:39:10,27.738295054296298
2025-04-30 18:39:10,28.247031746776937
2025-04-30 19:39:10,32.88529421605859
2025-04-30 20:39:10,34.92629143493614
2025-04-30 21:39:10,35.07410281569867
2025-04-30 22:39:10,41.06288783005066
2025-04-30 23:39:10,37.5145289643371
2025-05-01 00:39:10,46.263854513718414
2025-05-01 01:39:10,59.748942715394165
2025-05-01 02:39:10,54.54276248279234
2025-05-01 03:39:10,78.20120506149027
2025-05-01 04:39:10,77.91990090291327
2025-05-01 05:39:10,65.3961085097953
2025-05-01 06:39:10,64.99445727501808
2025-05-01 07:39:10,78.82308397980401
2025-05-01 08:39:10,60.287364326809985
2025-05-01 09:39:10,62.774542848891414
2025-05-01 10:39:10,54.08586107644642
2025-05-01 11:39:10,62.075275186501734
2025-05-01 12:39:10,46.72596043467901
2025-05-01 13:39:10,45.1170199406436
2025-05-01 14:39:10,35.23499145518953
2025-05-01 15:39:10,30.747050755371237
2025-05-01 16:39:10,39.81474660197367
2025-05-01 17:39:10,33.49497906086433
2025-05-01 18:39:10,30.405952651785412
2025-05-01 19:39:10,32.844777229994136
2025-05-01 20:39:10,38.118549193340165
2025-05-01 21:39:10,37.44964857674076
2025-05-01 22:39:10,45.084779506882185
2025-05-01 23:39:10,50.704702064528746
2025-05-02 00:39:10,47.89109809611661
2025-05-02 01:39:10,55.19837891966766
2025-05-02 02:39:10,53.73996558863496
2025-05-02 03:39:10,61.38320156007133
2025-05-02 04:39:10,60.96738828665369
2025-05-02 05:39:10,71.69683746481755
2025-05-02 06:39:10,71.33157282690078
2025-05-02 07:39:10,70.94535026808099
2025-05-02 08:39:10,72.64062732321321
2025-05-02 09:39:10,59.59960887548379
2025-05-02 10:39:10,65.18768515266214
2025-05-02 11:39:10,61.45658672011157
2025-05-02 12:39:10,49.87263220661428
2025-05-02 13:39:10,43.12428260808163
2025-05-02 14:39:10,43.34384064716737
2025-05-02 15:39:10,26.032738699369972
2025-05-02 16:39:10,32.43243583642784
2025-05-02 17:39:10,32.020268820623606
2025-05-02 18:39:10,39.37813114184687
2025-05-02 19:39:10,40.77778997612248
2025-05-02 20:39:10,31.783875339338028
2025-05-02 21:39:10,34.94230924534018
2025-05-02 22:39:10,42.10337624319265
2025-05-02 23:39:10,37.37667905756918
2025-05-03 00:39:10,45.607576870103976
2025-05-03 01:39:10,55.69294060796766
2025-05-03 02:39:10,64.87222193101162
2025-05-03 03:39:10,67.4874327094721
2025-05-03 04:39:10,65.67423261817238
2025-05-03 05:39:10,75.808120302322
2025-05-03 06:39:10,77.0266272025381
2025-05-03 07:39:10,65.56963877012856
2025-05-03 08:39:10,65.51088222402988
2025-05-03 09:39:10,57.52931521440124
2025-05-03 10:39:10,61.538030397551054
2025-05-03 11:39:10,58.84571524763097
2025-05-03 12:39:10,48.28086922399843
2025-05-03 13:39:10,41.34047015430766
2025-05-03 14:39:10,28.190459897402988
2025-05-03 15:39:10,33.900677294478385
2025-05-03 16:39:10,41.713722311715486
2025-05-03 17:39:10,27.903293004180604
2025-05-03 18:39:10,21.208978145933628
2025-05-03 19:39:10,18.59786384486283
2025-05-03 20:39:10,30.196433865740442
2025-05-03 21:39:10,28.11478892308189
2025-05-03 22:39:10,43.576733914476705
2025-05-03 23:39:10,53.57849897314958
2025-05-04 00:39:10,52.54786987702973
2025-05-04 01:39:10,55.488824724020844
2025-05-04 02:39:10,68.23424296854988
2025-05-04 03:39:10,58.85279380761924
2025-05-04 04:39:10,69.80218155108345
2025-05-04 05:39:10,66.6773756623678
2025-05-04 06:39:10,77.95299039386079
2025-05-04 07:39:10,68.4363017380014
2025-05-04 08:39:10,65.54900333064438
2025-05-04 09:39:10,60.048078839200755
2025-05-04 10:39:10,57.215105087667425
2025-05-04 11:39:10,48.30468131337764
2025-05-04 12:39:10,46.72395768964567
2025-05-04 13:39:10,48.673761968614656
2025-05-04 14:39:10,39.50254801776161
2025-05-04 15:39:10,39.683796409404295
2025-05-04 16:39:10,34.9686151538962
2025-05-04 17:39:10,31.51961820324274
2025-05-04 18:39:10,27.216048149892327
2025-05-04 19:39:10,28.93118990821737
2025-05-04 20:39:10,36.688189470427176
2025-05-04 21:39:10,32.80392770649428
2025-05-04 22:39:10,31.460176782917458
2025-05-04 23:39:10,41.830484465265265
2025-05-05 00:39:10,51.43867406155811
2025-05-05 01:39:10,53.08602939645008
2025-05-05 02:39:10,61.503284507375604
2025-05-05 03:39:10,67.7400543458382
2025-05-05 04:39:10,68.45975234533223
2025-05-05 05:39:10,70.64346111778984
2025-05-05 06:39:10,63.04896256470359
2025-05-05 07:39:10,66.63322159886715
2025-05-05 08:39:10,70.41160073560934
2025-05-05 09:39:10,75.47038045412576
2025-05-05 10:39:10,71.65805684352019
2025-05-05 11:39:10,53.93245242252629
2025-05-05 12:39:10,57.27641225677024
2025-05-05 13:39:10,40.972481592342646
2025-05-05 14:39:10,48.80017972929063
2025-05-05 15:39:10,28.818888985705456
2025-05-05 16:39:10,37.79615679149909
2025-05-05 17:39:10,33.34151103052375
2025-05-05 18:39:10,30.157222455328906
2025-05-05 19:39:10,27.37662387587437
2025-05-05 20:39:10,43.54443739946511
2025-05-05 21:39:10,44.72153380161346
2025-05-05 22:39:10,39.203989185684314
2025-05-05 23:39:10,44.71037016548029
2025-05-06 00:39:10,48.84976039853305
2025-05-06 01:39:10,47.9483967905812
2025-05-06 02:39:10,68.03281248719692
2025-05-06 03:39:10,62.80469389786239
2025-05-06 04:39:10,66.22853537339746
2025-05-06 05:39:10,71.6359016162209
2025-05-06 06:39:10,66.96085823350032
2025-05-06 07:39:10,60.740365807599815
2025-05-06 08:39:10,64.52560017028465
2025-05-06 09:39:10,66.97738949133911
2025-05-06 10:39:10,63.24823084888623
2025-05-06 11:39:10,51.68151182792211
2025-05-06 12:39:10,51.57347547112538
2025-05-06 13:39:10,37.59485173495461
2025-05-06 14:39:10,44.04104678795069
2025-05-06 15:39:10,42.91041943612248
2025-05-06 16:39:10,26.875002736083264
